{"file_hashes":[{"block_hashes":["wxBwJn0WDxVbEAe9exRuTbZyaGfNUCL5Uh662ZK5OMs=","DsMkb85M6so5yFsOWK4ZNh4OObGEogyvYWAIJ/8d5WM="],"block_size":4096,"path":"content.js"},{"block_hashes":["mmU4l8f82Y7Ovg4G/+o9I9anzw3T5j1Sq4B2lth8vTc="],"block_size":4096,"path":"extension.js"},{"block_hashes":["aGXHfVEgZS7nRWSCckRLDqmIf1ylNQtqjUex+7nnRzk="],"block_size":4096,"path":"hotkeyListener.js"},{"block_hashes":["jZe4vfZJWDhah9yNps0rBgBkwSzlqdPpzAPhZXmwwB8="],"block_size":4096,"path":"img/iconActive.png"},{"block_hashes":["2SJXTL/Tx/GJAhPoqkNMjAKght5vi3LRecTi5ThLcAE=","LoeHaQggOmGcLxiXC9nxTCzVkXrPUsQAjuzX9eoPeYA=","gd5xIV7rgezj/Wbg7sjPe9ZayqDN3unCu4R6CelSlyw=","DgRj+rnYyBWIMbsZ8LZ6iBSh3/oHa7sGvfAVn++bFlA=","YM99MbYaj/jLZob1WcINp45/a3gTjaOz8eEaaVRGCmU=","1YNzpaBxaoGPXtzJ5V2RQc9fs7unzD5LDXR7ZpszRu8=","yyNRyw8dtWJ412VJ//GBOJZ4SR7F8eyteQy1FAa0aQY=","Qo9tUfSn/tkq1DiUcopN13iLAcmYyKrRsn5XrLuG+jQ=","85mFEiAzuo6Op6YseTDUGLF1ljPQm7/qoxTz3YF31F4=","4bE8oeR9rZn2w7+km9yOrIxEmCZEqrNoJsaGt8vYAUk=","2mstRB99yS+bhKFZJYYZLL3frGGuw4OAwVbZZofUIwk=","j6blhy9u6pA52xcktysJvOVnLfzDeSeZXiAkUJOrIDw=","MVI/AtsVXktsOlViVK2ohVMolB8QMmqfEqEcJGo3pfc=","GnQRpdTBwLGv/PjABw298Xf8lV0n1EBGdcxvTNlaa+A=","sgHtyvHxOuw08AY9zH1kgOASi+I4tyKkN4qMvCZm8Kg=","LGeNoPGvT4zzVYlhXrAfuEUFgdCV7Jj0d5uVcmgjG/U=","KOCFmnUmykITYrU5R23wrUTujsbcYzYI3kfg+x7sxQw=","0HozoZDECKjaHiv+RGrXv+evR+9FPX5maBvGFVhD7E0="],"block_size":4096,"path":"lib/jquery-1.4.2.min.js"},{"block_hashes":["OvhGVMF9SJP9ee9eMOVN602FPxz2PaBYWKprSElSxck="],"block_size":4096,"path":"lib/prettify/lang-apollo.js"},{"block_hashes":["CX7m7YEGY7jUm8pxDmQLLnlK0Hz3WdWqi5ejbqjsyl8="],"block_size":4096,"path":"lib/prettify/lang-css.js"},{"block_hashes":["dp1Kxz1vEdahoGtLlvYgzAmAbcb5PFyYyVQgTs2D3BQ="],"block_size":4096,"path":"lib/prettify/lang-hs.js"},{"block_hashes":["npq4vNrC2B6HF7Lt5HiXS2FlnZn/GQ81MN8UFcYUtPo="],"block_size":4096,"path":"lib/prettify/lang-lisp.js"},{"block_hashes":["5zCrPs6mOaolB7xgT5IaNrZEjERDkgfd0DrdJ2TfTJY="],"block_size":4096,"path":"lib/prettify/lang-lua.js"},{"block_hashes":["a/SZMk8ktKYd3D9u3iUtwk8dVJVRmHObtEFGdRkPGr4="],"block_size":4096,"path":"lib/prettify/lang-ml.js"},{"block_hashes":["zsrZ9WMvJ+sFaFqVWV4gaBYT4SKs5Rns1d5ytUrnAOk="],"block_size":4096,"path":"lib/prettify/lang-proto.js"},{"block_hashes":["SpUotYem0s7DUgo8kVGH3nOpV4FDbxsqgFy9+6eGMpI="],"block_size":4096,"path":"lib/prettify/lang-scala.js"},{"block_hashes":["ymimc1eOWEyMuNHxxtAwzRAX8IIiXvZw+Eoz7KoK6dE="],"block_size":4096,"path":"lib/prettify/lang-sql.js"},{"block_hashes":["yeyDXD8KtV7WXJ1NeC0zVe4uhlCxwTP4r4GqR+Bi1OQ="],"block_size":4096,"path":"lib/prettify/lang-vb.js"},{"block_hashes":["kBdzYX9+6bebDxWsj8jAi/M8EM9Y1xNIZjYIzF6pmSw="],"block_size":4096,"path":"lib/prettify/lang-vhdl.js"},{"block_hashes":["L5e2U28OeY77VRZQAQUvhRzY0qugxBrZ5vVoEt6+ZvM="],"block_size":4096,"path":"lib/prettify/lang-wiki.js"},{"block_hashes":["Q/QPkV2I648Qoexe4v+B+xi5x236/R/69JOUY5dZY6U="],"block_size":4096,"path":"lib/prettify/lang-yaml.js"},{"block_hashes":["VMAKE+Jz0P29DZ9A0xHpLdmvPYOTAXqX964zi3ap/mc="],"block_size":4096,"path":"lib/prettify/prettify.css"},{"block_hashes":["gBj0DkG8SvqbAbXWL/SrHS1v7xkmmEPzCk/kRJ4v4zo=","4NLxJZBLH//E0FZR9j93DUeogzapXHHp35IzyZYW/lQ=","DFtdmCDcBvXDXbvOkussanjl/roawUHIfAiyuIZYN5w=","EoY4xBr66dV64gxGs9tEBHJ9APgIMZ44h9jB79Ij2Fs=","cGlxoCWs9MWF8fLjYOqadG2XQAv/T4aw+PjVNXGZsos="],"block_size":4096,"path":"lib/prettify/prettify.js"},{"block_hashes":["vpXNQc72isliQTKMMo0wZicZvz+IaHHmC2LMzXIW9Xk=","G5L7qRAZRY6Tn+ZLrph8RkZOEQIzLak3P0Ba7to0K/U="],"block_size":4096,"path":"options.html"},{"block_hashes":["/C7L1sW9Hkv6ajTQxvvPaN93fYlxtN9Aq4Qkhtt1uU4="],"block_size":4096,"path":"options.js"},{"block_hashes":["GT7Qun0mcmdM6b1m/nMH3M6UsglpCDfZqU3Z8g6m1yw=","twpDwp+nYvv/YI0Av3xkXqMpNMDy3szHsMLyndlPp5g="],"block_size":4096,"path":"style.css"}],"version":2}