"id","account_id","reference_id","transaction_type","amount","posted_at","created_at","nickname","original_name","merchant_id","updated_at","check_number","account_name","tags"
"7e1d3034-e488-442e-b1f4-7c92304bbf41","6350615","639171075","Credit","0.02","12/31/2015 12:00","01/01/2016 13:56","DIVIDEND THROUGH DATE","Dividend Through date: 31DEC2015","","01/31/2016 13:55","","Business Reg Shares","Income"
"f957572d-fe62-4be2-b81c-65cd03c552fa","6350614","639161072","Debit","25.0","12/30/2015 12:00","12/31/2015 17:01","WITHDRAWAL LEDO PIZZA PASTA SILVER SPRINGMDUS","Withdrawal  @ LEDO PIZZA & PASTA SILVER SPRINGMDUS  Trace #536429207188","","01/07/2016 19:32","","Business Reg Check","Diningout"
"27f853bc-9447-4093-8ad0-2583e1565c62","6350614","639161070","Debit","2765.63","12/30/2015 12:00","12/31/2015 17:01","American Express Company","Withdrawal-ACH-A-AMEX EPAYMENT  AMEX EPayment (ACH PMT) ","","01/07/2016 19:32","","Business Reg Check","Payment"
"ada9bc04-d989-4878-b73c-06eea7006048","6350614","639151069","Debit","342.39","12/29/2015 12:00","12/29/2015 15:57","CHECK 1177","Check 1177","","01/07/2016 19:32","1177","Business Reg Check",""
"b16992ab-d1cb-422b-b6bf-3799ab417e66","6350664","1042590405","Debit","300.0","12/29/2015 00:00","02/20/2016 04:09","PayPal","Withdrawal-ACH-A-PAYPAL WEBPAYPAL (INST XFER)","","02/20/2016 04:09","","900033288 - STEPHEN KENNEDY MORRISON - Premium Checking","Personal"
"ee744adc-fd51-4b3b-b434-1910784b174b","6350614","639101067","Credit","4000.0","12/24/2015 12:00","12/24/2015 18:06","DEPOSIT ACH PARK HUDSON INTE PAYROLL","Deposit-ACH-22932 PARK HUDSON INTE (PAYROLL) ","","12/29/2015 15:57","","Business Reg Check","Income"
"555a84e5-b639-4862-85b9-683550a5bf3b","6350614","639081065","Debit","1000.0","12/22/2015 12:00","12/23/2015 13:35","WITHDRAWAL ACH A BETTERMENT WEBBETTERMENT SEC TRANSFER","Withdrawal-ACH-A-BETTERMENT WEBBETTERMENT SEC (TRANSFER) ","","12/24/2015 18:06","","Business Reg Check","Payment"
"124560b3-836f-47b8-a271-dc54749e089c","6350614","639041063","Credit","5000.0","12/18/2015 12:00","12/18/2015 10:36","DEPOSIT ACH PARK HUDSON INTE PAYROLL","Deposit-ACH-22932 PARK HUDSON INTE (PAYROLL) ","","12/23/2015 13:35","","Business Reg Check","Income"
"89fe2559-bf95-4cad-aa8c-5b4d64cafabe","6350664","1042590404","Debit","300.0","12/17/2015 00:00","02/20/2016 04:09","PayPal","Withdrawal-ACH-A-PAYPAL WEBPAYPAL (INST XFER)","","02/20/2016 04:09","","900033288 - STEPHEN KENNEDY MORRISON - Premium Checking","Personal"
"171dc997-59d1-4bf4-b6e6-0cde57229d34","6350664","1042590403","Debit","92.63","12/14/2015 00:00","02/20/2016 04:09","WITHDRAWAL ACH A SLMA ED SERV PPD NAVI ED SERV PP STUDNTLOAN","Withdrawal-ACH-A-SLMA ED SERV PPD NAVI ED SERV PP (STUDNTLOAN)","","02/20/2016 04:09","","900033288 - STEPHEN KENNEDY MORRISON - Premium Checking","Education"
"704deb7d-7526-490b-a966-7f8bdfad9173","6350614","638981062","Debit","5.85","12/12/2015 12:00","12/12/2015 11:55","Cleaners","Withdrawal  @ MR. ANTHONY'S CLEANERS 212-689-8689 NYUS  Trace #534529286580","","12/18/2015 10:36","","Business Reg Check","Personal"
"c8de5791-0e65-4c97-bfa3-4463520520de","6350614","638971059","Credit","5000.0","12/11/2015 12:00","12/11/2015 11:20","DEPOSIT ACH PARK HUDSON INTE PAYROLL","Deposit-ACH-22932 PARK HUDSON INTE (PAYROLL) ","","12/18/2015 10:36","","Business Reg Check","Income"
"9a46bfbe-8f2c-4b4c-b169-eea245cc4179","6350664","1042590402","Debit","300.0","12/08/2015 00:00","02/20/2016 04:09","PayPal","Withdrawal-ACH-A-PAYPAL WEBPAYPAL (INST XFER)","","02/20/2016 04:09","","900033288 - STEPHEN KENNEDY MORRISON - Premium Checking","Personal"
"10746d75-8cf0-4566-92be-129d31e0a743","6350614","638931058","Debit","12999.24","12/07/2015 12:00","12/08/2015 13:24","Internal Revenue Service","Withdrawal-ACH-A-IRS IRS (USATAXPYMT) ","","12/11/2015 11:20","","Business Reg Check","Payment"
"d55832f3-2698-4486-91de-ccb07e07790b","6350664","1042590401","Credit","1555.0","12/07/2015 00:00","02/20/2016 04:09","DEPOSIT","Deposit","","02/20/2016 04:09","","900033288 - STEPHEN KENNEDY MORRISON - Premium Checking","Income"
"009ab44a-0796-4045-aaab-d8566d2fa49b","6350614","638901056","Debit","83.65","12/05/2015 12:00","12/05/2015 14:52","Verizon Communications","Withdrawal  @ VERIZON*ONETIMEPAY VERIZON.COM TXUS  Trace #533826000047","","12/08/2015 13:24","","Business Reg Check","Utilities"
"6cad0311-05fe-4445-b029-a3f545b503ce","6350614","638901053","Credit","2250.0","12/04/2015 12:00","12/04/2015 11:21","DEPOSIT ACH PARK HUDSON INTE PAYROLL","Deposit-ACH-22932 PARK HUDSON INTE (PAYROLL) ","","12/08/2015 13:24","","Business Reg Check","Income"
"ec571e65-0701-4eab-9731-f32235f8bca7","6350614","638891051","Debit","17.0","12/03/2015 12:00","12/03/2015 13:55","Cleaners","Withdrawal  @ MR. ANTHONY'S CLEANERS 212-689-8689 NYUS  Trace #533622286580","","12/05/2015 14:52","","Business Reg Check","Personal"
"a2d1eb22-bef1-4557-a2c8-fb2d2e0961da","6350664","1042590399","Debit","300.0","12/01/2015 00:00","02/20/2016 04:09","PayPal","Withdrawal-ACH-A-PAYPAL WEBPAYPAL (INST XFER)","","02/20/2016 04:09","","900033288 - STEPHEN KENNEDY MORRISON - Premium Checking","Personal"
"acde62e7-b664-43a8-8288-7092fb0af117","6350615","638861048","Credit","0.02","11/30/2015 12:00","12/01/2015 21:14","DIVIDEND THROUGH DATE","Dividend Through date: 30NOV2015","","01/01/2016 13:56","","Business Reg Shares","Income"
"186f24ee-c91e-41bd-82c8-57dec42fff6f","6350614","638861047","Debit","2126.73","11/30/2015 12:00","12/01/2015 21:14","American Express Company","Withdrawal-ACH-A-AMEX EPAYMENT  AMEX EPayment (ACH PMT) ","","12/03/2015 13:55","","Business Reg Check","Payment"
"ec449820-898e-426e-9d7a-a2fbe2410460","6350614","638811046","Credit","5000.0","11/25/2015 12:00","11/26/2015 14:30","DEPOSIT ACH A PARK HUDSON INTE PAYROLL","Deposit-ACH-A-22932 PARK HUDSON INTE (PAYROLL) ","","12/01/2015 21:14","","Business Reg Check","Income"
"bd263900-02c2-4b02-a2be-2efea86545be","6350614","638801045","Debit","202.0","11/25/2015 12:00","11/25/2015 10:53","WITHDRAWAL ATMNH WEST TH STREET NEW YORK NYUS","Withdrawal  @ ATMNH012561 146 WEST 46TH STREET New York NYUS  Trace #5274","","12/01/2015 21:14","","Business Reg Check","Diningout"
"281f9083-501e-41a5-9bcd-63f82f40d14e","6350664","1042590398","Credit","26.56","11/25/2015 00:00","02/20/2016 04:09","DEPOSIT","Deposit","","02/20/2016 04:09","","900033288 - STEPHEN KENNEDY MORRISON - Premium Checking","Income"
"0150af2c-84e0-4c8d-9cd7-a92fbeb8ef78","6350614","638761043","Debit","1000.0","11/20/2015 12:00","11/20/2015 21:05","WITHDRAWAL ACH A BETTERMENT WEBBETTERMENT SEC TRANSFER","Withdrawal-ACH-A-BETTERMENT WEBBETTERMENT SEC (TRANSFER) ","","11/25/2015 10:53","","Business Reg Check","Payment"
"f23973d7-443d-4770-aab0-92fde1d5f5ac","6350614","638761042","Credit","4000.0","11/20/2015 12:00","11/20/2015 21:05","DEPOSIT ACH A PARK HUDSON INTE PAYROLL","Deposit-ACH-A-22932 PARK HUDSON INTE (PAYROLL) ","","11/25/2015 10:53","","Business Reg Check","Income"
"71adbc60-6af8-4eef-a782-5bc45b212cf2","6350614","638741041","Debit","342.39","11/18/2015 12:00","11/18/2015 13:46","CHECK 1176","Check 1176","","11/20/2015 21:05","1176","Business Reg Check",""
"a02127fd-a4f5-4974-bac7-60f6077ff64e","6350614","638691040","Credit","5000.0","11/13/2015 12:00","11/13/2015 17:55","DEPOSIT ACH A PARK HUDSON INTE PAYROLL","Deposit-ACH-A-22932 PARK HUDSON INTE (PAYROLL) ","","11/18/2015 13:46","","Business Reg Check","Income"
"64db010e-1aba-4b8a-b73c-0db112e6cda6","6350614","638681039","Debit","15.05","11/12/2015 12:00","11/12/2015 15:54","Cleaners","Withdrawal  @ MR. ANTHONY'S CLEANERS 212-689-8689 NYUS  Trace #531525286580","","11/18/2015 13:46","","Business Reg Check","Personal"
"88d2305b-2a0d-4782-a122-2cb83f41159c","6350614","638661037","Debit","4500.0","11/10/2015 12:00","11/11/2015 13:57","CHECK 1163","Check 1163","","11/12/2015 15:54","1163","Business Reg Check",""
"b8858e47-5056-4744-9cfb-6e32b4a20846","6350614","638661036","Debit","4611.0","11/10/2015 12:00","11/11/2015 13:57","CHECK 1165","Check 1165","","11/12/2015 15:54","1165","Business Reg Check",""
"2c69c99c-f33a-44c0-bb5e-fb3747370e67","6350614","638651035","Debit","125.0","11/09/2015 12:00","11/11/2015 13:57","CHECK 1164","Check 1164","","11/12/2015 15:54","1164","Business Reg Check",""
"ce9d7c51-05fc-4feb-b80f-9c6a20544157","6350614","638651034","Debit","125.0","11/09/2015 12:00","11/11/2015 13:57","CHECK 1166","Check 1166","","11/12/2015 15:54","1166","Business Reg Check",""
"b089a2b1-7e69-4fc8-86ab-8c1eff2a5982","6350614","638621033","Debit","4.93","11/06/2015 12:00","11/11/2015 13:57","Duane Reade","Withdrawal  @ DUANE READE #14388 NEW YORK NYUS  Trace #531027600085","","11/11/2015 13:57","","Business Reg Check","Personal"
"b95ab5c5-6cec-4a0c-8ddc-78076edc88ee","6350614","638621030","Credit","5000.0","11/06/2015 12:00","11/11/2015 13:57","DEPOSIT ACH A PARK HUDSON INTE PAYROLL","Deposit-ACH-A-22932 PARK HUDSON INTE (PAYROLL) ","","11/11/2015 13:57","","Business Reg Check","Income"
"6f038986-3869-492d-9916-84a3b753ccee","6350614","638581028","Debit","8.21","11/01/2015 12:00","11/01/2015 15:13","Duane Reade","Withdrawal  @ DUANE READE #14388 NEW YORK NYUS  Trace #530422300194","","11/11/2015 13:57","","Business Reg Check","Personal"
"80b16208-4661-4263-88d1-dcf27fc85134","6350615","638561025","Credit","0.02","10/31/2015 12:00","11/01/2015 15:13","DIVIDEND THROUGH DATE","Dividend Through date: 31OCT2015","","12/01/2015 21:14","","Business Reg Shares","Income"
"565cf3c7-73c0-45d0-a342-8fd944627419","6350614","638561024","Debit","12.55","10/31/2015 12:00","10/31/2015 09:32","Duane Reade","Withdrawal  @ DUANE READE #14388 NEW YORK NYUS  Trace #530422600097","","11/11/2015 13:57","","Business Reg Check","Personal"
"abfbef12-6268-4eaa-b79e-b2b1886d3b89","6350614","638561022","Debit","15.05","10/31/2015 12:00","10/31/2015 09:32","Cleaners","Withdrawal  @ MR. ANTHONY'S CLEANERS 212-689-8689 NYUS  Trace #530321286580","","11/11/2015 13:57","","Business Reg Check","Personal"
"223acb7b-7be3-4030-86d3-98e3ceec2c99","6350614","638551020","Debit","6907.15","10/30/2015 12:00","10/30/2015 11:00","American Express Company","Withdrawal-ACH-A-AMEX EPAYMENT  AMEX EPayment (ACH PMT) ","","11/01/2015 15:13","","Business Reg Check","Payment"
"9c8be30d-a090-47a6-b3ae-4cb04eb52bd5","6350614","638551019","Debit","21.78","10/30/2015 12:00","10/30/2015 11:00","WITHDRAWAL MCKINNEY WELDING SUPPL BRONX NYUS","Withdrawal  @ MCKINNEY WELDING SUPPL BRONX NYUS  Trace #530323207195","","11/01/2015 15:13","","Business Reg Check","Diningout"
"748be1c0-5234-40c7-ad99-a2b42f4f576d","6350614","638551017","Credit","5000.0","10/30/2015 12:00","10/30/2015 11:00","DEPOSIT ACH A PARK HUDSON INTE PAYROLL","Deposit-ACH-A-22932 PARK HUDSON INTE (PAYROLL) ","","11/01/2015 15:13","","Business Reg Check","Income"
"0bbfce2b-e044-4017-81f9-7ae7718e18eb","6350614","638511016","Debit","2.71","10/25/2015 12:00","10/25/2015 13:37","McDonald's","Withdrawal  @ MCDONALD'S F6971 NEW YORK NYUS  Trace #529727710053","","10/30/2015 11:00","","Business Reg Check","Diningout"
"8dcf5f75-7a49-450b-9923-2cb03d0839d7","6350614","638511014","Debit","8.21","10/25/2015 12:00","10/25/2015 13:37","Duane Reade","Withdrawal  @ DUANE READE #14388 NEW YORK NYUS  Trace #529828600092","","10/30/2015 11:00","","Business Reg Check","Personal"
"ab35c3ac-0b9f-4f54-b204-42dc96389088","6350614","638481012","Credit","4000.0","10/23/2015 12:00","10/23/2015 09:35","DEPOSIT ACH A PARK HUDSON INTE PAYROLL","Deposit-ACH-A-22932 PARK HUDSON INTE (PAYROLL) ","","10/25/2015 13:37","","Business Reg Check","Income"
"196ecd8c-ef43-48d0-888b-3def83f82691","6350614","638461011","Debit","21.7","10/22/2015 12:00","10/22/2015 10:51","Duane Reade","Withdrawal  @ DUANE READE #14388 NEW YORK NYUS  Trace #529423100111","","10/23/2015 09:35","","Business Reg Check","Personal"
"57705cca-3571-4bf3-b3da-9695f4ee85c2","6350614","638461009","Debit","684.78","10/21/2015 12:00","10/22/2015 10:51","CHECK 1175","Check 1175","","10/23/2015 09:35","1175","Business Reg Check",""
"59dc5b76-c7c9-4e81-8fae-54958a6af32d","6350614","638451008","Debit","4000.0","10/20/2015 12:00","10/21/2015 11:13","CHECK 1162","Check 1162","","10/22/2015 10:51","1162","Business Reg Check",""
"6efd39e8-b817-48a6-b579-4abb18098e2a","6350614","638451006","Debit","1000.0","10/20/2015 12:00","10/20/2015 12:24","WITHDRAWAL ACH A BETTERMENT WEBBETTERMENT SEC TRANSFER","Withdrawal-ACH-A-BETTERMENT WEBBETTERMENT SEC (TRANSFER) ","","10/22/2015 10:51","","Business Reg Check","Payment"
"90db57d5-13cd-4f7f-af99-b2cf2d210d2a","6350614","638441005","Debit","8.21","10/19/2015 12:00","10/19/2015 09:25","Duane Reade","Withdrawal  @ DUANE READE #14388 NEW YORK NYUS  Trace #529229600094","","10/22/2015 10:51","","Business Reg Check","Personal"
"137712ed-b7e5-408d-a867-19a009f15570","6350614","638411003","Credit","5000.0","10/16/2015 12:00","10/16/2015 16:12","DEPOSIT ACH A PARK HUDSON INTE PAYROLL","Deposit-ACH-A-22932 PARK HUDSON INTE (PAYROLL) ","","10/19/2015 09:25","","Business Reg Check","Income"
"24a7d37a-60e0-4016-a602-4ebcdcbdbb47","6350614","638411002","Debit","97.66","10/16/2015 12:00","10/16/2015 16:12","WITHDRAWAL GPO HASLEMERE GB","Withdrawal  @ GPO 0570 666 020 HASLEMERE GB  Trace #528975050092","","10/19/2015 09:25","","Business Reg Check","Fees"
"3fb1714f-1e4e-4839-98d4-bad6bc1bceb4","6350614","63838999","Debit","8.21","10/13/2015 12:00","10/13/2015 20:43","Duane Reade","Withdrawal  @ DUANE READE #14388 NEW YORK NYUS  Trace #528626600112","","10/16/2015 16:12","","Business Reg Check","Personal"
"e8a8c097-14c4-43cf-83af-105ed413e95b","6350614","63835997","Debit","7.66","10/10/2015 12:00","10/10/2015 22:25","Duane Reade","Withdrawal  @ DUANE READE #14388 NEW YORK NYUS  Trace #528326600114","","10/13/2015 20:43","","Business Reg Check","Personal"
"f0da9ac0-2aef-4589-8894-71c03476d614","6350614","63834995","Credit","5000.0","10/09/2015 12:00","10/09/2015 18:30","DEPOSIT ACH A PARK HUDSON INTE PAYROLL","Deposit-ACH-A-22932 PARK HUDSON INTE (PAYROLL) ","","10/13/2015 20:43","","Business Reg Check","Income"
"95443679-91f2-4ff7-8198-69baca0fbf8d","6350614","63830994","Debit","4.34","10/05/2015 12:00","10/05/2015 16:36","Duane Reade","Withdrawal  @ DUANE READE #14388 NEW YORK NYUS  Trace #527826600097","","10/09/2015 18:30","","Business Reg Check","Personal"
"22c5d2c3-6d69-431d-997c-5cd46e59d2f5","6350614","63830991","Debit","10.65","10/04/2015 12:00","10/04/2015 12:25","Duane Reade","Withdrawal  @ DUANE READE #14388 NEW YORK NYUS  Trace #527727600094","","10/09/2015 18:30","","Business Reg Check","Personal"
"db51b4d7-0529-4262-8e1e-51fa9839867c","6350614","63830990","Debit","7.66","10/04/2015 12:00","10/04/2015 12:25","Duane Reade","Withdrawal  @ DUANE READE #14388 NEW YORK NYUS  Trace #527721600094","","10/09/2015 18:30","","Business Reg Check","Personal"
"8ab38b39-3e66-4415-835d-6e80c70e075e","6350614","63828987","Debit","20.89","10/03/2015 12:00","10/03/2015 14:37","Duane Reade","Withdrawal  @ DUANE READE #14388 NEW YORK NYUS  Trace #527624600112","","10/05/2015 16:36","","Business Reg Check","Personal"
"250c982b-53dd-4543-a8bd-fec44309662f","6350614","63827985","Debit","4500.0","10/02/2015 12:00","10/03/2015 14:37","CHECK 1161","Check 1161","","10/04/2015 12:25","1161","Business Reg Check",""
"211b608c-8f16-468e-9b58-a7b5f81995ad","6350614","63827983","Debit","2500.0","10/02/2015 12:00","10/03/2015 14:37","WITHDRAWAL PERSONAL CREDIT UNION TRANSFER DTD TO ACCOUNT SHARE","Withdrawal  @ Personal Credit Union  Trace #271641064152 Transfer ""DTD"" 2,500.00 to account *****4611 share 3","","10/04/2015 12:25","","Business Reg Check","Savings"
"9d1450b5-fb15-4d12-b2ff-1b1b8ad6f94e","6350614","63827982","Debit","97.66","10/02/2015 12:00","10/02/2015 11:57","WITHDRAWAL GPO HASLEMERE GB","Withdrawal  @ GPO 0570 666 020 HASLEMERE GB  Trace #527575040175","","10/04/2015 12:25","","Business Reg Check","Fees"
"c5869880-4cca-42b3-96a0-bc710b825921","6350614","63827980","Credit","5000.0","10/02/2015 12:00","10/02/2015 11:57","DEPOSIT ACH A PARK HUDSON INTE PAYROLL","Deposit-ACH-A-22932 PARK HUDSON INTE (PAYROLL) ","","10/04/2015 12:25","","Business Reg Check","Income"
"301e3744-b294-4419-add1-96384df4ba84","6350615","63825978","Credit","0.02","09/30/2015 12:00","10/01/2015 10:11","DIVIDEND THROUGH DATE","Dividend Through date: 30SEP2015","","11/01/2015 15:13","","Business Reg Shares","Income"
"a8be32d0-a5bb-4de9-802b-497065d83be3","6350614","63825974","Debit","400.0","09/30/2015 12:00","10/01/2015 10:11","WITHDRAWAL PERSONAL CREDIT UNION TRANSFER DTD TO ACCOUNT SHARE","Withdrawal  @ Personal Credit Union  Trace #250852222348 Transfer ""DTD"" 400.00 to account *****4611 share 3","","10/02/2015 11:57","","Business Reg Check","Savings"
"05f8f10a-b3c8-47f9-a193-936823da0225","6350614","63825973","Debit","8.21","09/30/2015 12:00","09/30/2015 11:46","Duane Reade","Withdrawal  @ DUANE READE #14388 NEW YORK NYUS  Trace #527324600116","","10/02/2015 11:57","","Business Reg Check","Personal"
"cfaa93dc-2b7d-4269-9aa2-81ad98756e1c","6350614","63824971","Debit","3197.97","09/29/2015 12:00","09/29/2015 14:35","American Express Company","Withdrawal-ACH-A-AMEX EPAYMENT  AMEX EPayment (ACH PMT) ","","10/02/2015 11:57","","Business Reg Check","Payment"
"039345a0-d7cb-4d71-b404-a7b3f3f3f47f","6350614","63823970","Debit","13.07","09/28/2015 12:00","09/28/2015 12:48","WITHDRAWAL LEDO PIZZA PASTA SILVER SPRINGMDUS","Withdrawal  @ LEDO PIZZA & PASTA SILVER SPRINGMDUS  Trace #527028207188","","09/30/2015 11:46","","Business Reg Check","Diningout"
"90aa1c20-0a3c-4b3f-aa72-bde0e2a64c41","6350614","63820968","Debit","27.75","09/26/2015 12:00","09/26/2015 12:13","WITHDRAWAL EMPIRE TAILORS AND CLE NEW YORK NYUS","Withdrawal  @ EMPIRE TAILORS AND CLE NEW YORK NYUS  Trace #526828993249","","09/28/2015 12:48","","Business Reg Check","Diningout"
"8975af2b-6c6d-48a8-94e5-268f7ad82e80","6350614","63820966","Credit","4750.0","09/25/2015 12:00","09/25/2015 14:55","DEPOSIT ACH A PARK HUDSON INTE PAYROLL","Deposit-ACH-A-22932 PARK HUDSON INTE (PAYROLL) ","","09/28/2015 12:48","","Business Reg Check","Income"
"0926b21c-eb47-43dc-9bf0-09b372eaa2d7","6350614","63819965","Debit","503.0","09/25/2015 12:00","09/25/2015 14:55","WITHDRAWAL ATM TH AVE NY NYUS","Withdrawal  @ ATM00091095 1166 6TH AVE NY NYUS  Trace #526724185019","","09/26/2015 12:13","","Business Reg Check","Personal"
"c61ab6c1-26aa-44fd-89fd-b486b28a5ebd","6350614","63819964","Debit","7.66","09/24/2015 12:00","09/24/2015 14:13","Duane Reade","Withdrawal  @ DUANE READE #14388 NEW YORK NYUS  Trace #526724600116","","09/26/2015 12:13","","Business Reg Check","Personal"
"41cbf668-d24d-4f00-92c3-bb0b0d6d9a1d","6350614","63818962","Debit","202.5","09/24/2015 12:00","09/24/2015 14:13","WITHDRAWAL ATMTX BROADWAY FRNT NEW YORK NYUS","Withdrawal  @ ATMTX87354 1440 BROADWAY FRNT 3 NEW YORK NYUS  Trace #210","","09/25/2015 14:55","","Business Reg Check","Diningout"
"854bc582-f1b3-4cec-84a1-f5a16d49444b","6350614","63817961","Debit","6.26","09/23/2015 12:00","09/23/2015 15:23","WITHDRAWAL CATALINA BAR NEW YORK NYUS","Withdrawal  @ CATALINA BAR NEW YORK NYUS  Trace #526521006037","","09/24/2015 14:13","","Business Reg Check","Diningout"
"e3ccba14-35ee-4a8f-a379-51b7a02f97d9","6350614","63817958","Debit","1000.0","09/22/2015 12:00","09/22/2015 15:44","WITHDRAWAL ACH A BETTERMENT WEBBETTERMENT TRANSFER","Withdrawal-ACH-A-BETTERMENT WEBBETTERMENT (TRANSFER) ","","09/24/2015 14:13","","Business Reg Check","Savings"
"073d51df-f76c-42a9-9e24-5048d400996d","6350614","63816956","Debit","5000.0","09/21/2015 12:00","09/22/2015 15:44","WITHDRAWAL TRANSFER STS TO ACCT","Withdrawal  Transfer 'STS' 5000.00 to acct: *****3288-3","","09/23/2015 15:23","","Business Reg Check","Savings"
"48155789-2f3f-4fc5-b52d-6fd4e521dc55","6350614","63814955","Debit","1207.5","09/19/2015 12:00","09/19/2015 11:19","WITHDRAWAL SPARKLE WOR FLUS","Withdrawal  @ SPARKLE WOR 212-372-7412 FLUS  Trace #526126894587","","09/22/2015 15:44","","Business Reg Check","Personal"
"7826674d-9c2b-4a6c-b536-05fbb9d0c260","6350614","63809953","Debit","13.07","09/14/2015 12:00","09/14/2015 15:14","WITHDRAWAL LEDO PIZZA PASTA SILVER SPRINGMDUS","Withdrawal  @ LEDO PIZZA & PASTA SILVER SPRINGMDUS  Trace #525727207188","","09/19/2015 11:19","","Business Reg Check","Diningout"
"68b7bfbe-8717-4526-b573-2bffc9de4030","6350614","63807951","Debit","13.07","09/12/2015 12:00","09/13/2015 09:42","WITHDRAWAL LEDO PIZZA PASTA SILVER SPRINGMDUS","Withdrawal  @ LEDO PIZZA & PASTA SILVER SPRINGMDUS  Trace #525525207188","","09/14/2015 15:14","","Business Reg Check","Diningout"
"04c4cf38-0fa2-4453-b212-b76320b68d55","6350614","63807950","Debit","19.22","09/12/2015 12:00","09/13/2015 09:42","WITHDRAWAL LEDO PIZZA PASTA SILVER SPRINGMDUS","Withdrawal  @ LEDO PIZZA & PASTA SILVER SPRINGMDUS  Trace #525524207188","","09/14/2015 15:14","","Business Reg Check","Diningout"
"a7e53476-a969-41bd-853d-0b5878bccc93","6350614","63805947","Debit","20.28","09/11/2015 12:00","09/11/2015 08:50","WITHDRAWAL LEDO PIZZA PASTA SILVER SPRINGMDUS","Withdrawal  @ LEDO PIZZA & PASTA SILVER SPRINGMDUS  Trace #525329207188","","09/13/2015 09:42","","Business Reg Check","Diningout"
"eb22985e-c5c3-42f0-bca8-a0afa06adda4","6350614","63803945","Debit","19.22","09/08/2015 12:00","09/08/2015 09:46","WITHDRAWAL LEDO PIZZA PASTA SILVER SPRINGMDUS","Withdrawal  @ LEDO PIZZA & PASTA SILVER SPRINGMDUS  Trace #525121207188","","09/11/2015 08:50","","Business Reg Check","Diningout"
"63f0d489-df22-4da6-823e-413b11c83148","6350614","63803943","Debit","13.07","09/08/2015 12:00","09/08/2015 09:46","WITHDRAWAL LEDO PIZZA PASTA SILVER SPRINGMDUS","Withdrawal  @ LEDO PIZZA & PASTA SILVER SPRINGMDUS  Trace #525024207188","","09/11/2015 08:50","","Business Reg Check","Diningout"
"2d5676bd-1810-4a10-bbf2-c94019e47223","6350614","63800941","Debit","13.07","09/05/2015 12:00","09/05/2015 12:39","WITHDRAWAL LEDO PIZZA PASTA SILVER SPRINGMDUS","Withdrawal  @ LEDO PIZZA & PASTA SILVER SPRINGMDUS  Trace #524829207188","","09/08/2015 09:46","","Business Reg Check","Diningout"
"beb72bc2-9c64-4b50-9197-f7f23e11e9ed","6350614","63799938","Debit","3.27","09/05/2015 12:00","09/05/2015 12:39","WITHDRAWAL PATZERIA PERFECT PIZZA NEW YORK NYUS","Withdrawal  @ PATZERIA PERFECT PIZZA NEW YORK NYUS  Trace #524724000839","","09/08/2015 09:46","","Business Reg Check","Diningout"
"1cad036d-a725-4741-8d3c-8ac2379d1eb8","6350614","63799937","Debit","6.2","09/05/2015 12:00","09/05/2015 12:39","WITHDRAWAL PATZERIA PERFECT PIZZA NEW YORK NYUS","Withdrawal  @ PATZERIA PERFECT PIZZA NEW YORK NYUS  Trace #524726000839","","09/08/2015 09:46","","Business Reg Check","Diningout"
"945db5ed-214f-4a78-b9aa-8a229c0c1573","6350614","63797934","Debit","19.22","09/02/2015 12:00","09/03/2015 16:02","WITHDRAWAL LEDO PIZZA PASTA SILVER SPRINGMDUS","Withdrawal  @ LEDO PIZZA & PASTA SILVER SPRINGMDUS  Trace #524520207188","","09/05/2015 12:39","","Business Reg Check","Diningout"
"240f94bc-7fdb-4e52-a35d-c60252936cb1","6350615","63795931","Credit","0.02","08/31/2015 12:00","09/01/2015 13:26","DIVIDEND THROUGH DATE","Dividend Through date: 31AUG2015","","10/01/2015 10:11","","Business Reg Shares","Income"
"16df901a-cb04-480d-b5b8-207bcfdaebec","6350614","63795930","Debit","1365.18","08/31/2015 12:00","08/31/2015 11:25","American Express Company","Withdrawal-ACH-A-AMEX EPAYMENT  AMEX EPayment (ACH PMT) ","","09/03/2015 16:02","","Business Reg Check","Payment"
"c788eeae-1d5e-4807-acdd-769b8e5b3d1b","6350614","63795929","Debit","11.39","08/31/2015 12:00","08/31/2015 11:25","WITHDRAWAL LEDO PIZZA PASTA SILVER SPRINGMDUS","Withdrawal  @ LEDO PIZZA & PASTA SILVER SPRINGMDUS  Trace #524322207188","","09/03/2015 16:02","","Business Reg Check","Diningout"
"77dc0e22-56f2-4292-b4e0-fab6b862afc3","6350614","63795927","Debit","53.66","08/31/2015 12:00","08/31/2015 11:25","WITHDRAWAL NEW GRANDMART HYATTSVILLE MDUS","Withdrawal  @ NEW GRANDMART HYATTSVILLE MDUS  Trace #524228993262","","09/03/2015 16:02","","Business Reg Check","Diningout"
"6cdb55a4-20f0-4a8e-ba0a-8a1f43bc70d8","6350614","63792925","Debit","11.39","08/28/2015 12:00","08/28/2015 12:21","WITHDRAWAL LEDO PIZZA PASTA SILVER SPRINGMDUS","Withdrawal  @ LEDO PIZZA & PASTA SILVER SPRINGMDUS  Trace #524025207188","","08/31/2015 11:25","","Business Reg Check","Diningout"
"7ad0840f-5de2-40f4-889a-b761e6d7196c","6350614","63789923","Debit","17.54","08/26/2015 12:00","08/26/2015 08:02","WITHDRAWAL LEDO PIZZA PASTA SILVER SPRINGMDUS","Withdrawal  @ LEDO PIZZA & PASTA SILVER SPRINGMDUS  Trace #523724207188","","08/28/2015 12:21","","Business Reg Check","Diningout"
"a6bbad86-64e8-4a04-bbb9-6b951c3e95c0","6350614","63789921","Debit","14.79","08/25/2015 12:00","08/25/2015 10:36","WITHDRAWAL PHO REAL RESTAURANT SILVER SPRINGMDUS","Withdrawal  @ PHO REAL RESTAURANT SILVER SPRINGMDUS  Trace #523629002443","","08/28/2015 12:21","","Business Reg Check","Diningout"
"9114cfd0-12e3-4fd5-8379-443185abca65","6350614","63788919","Debit","11.39","08/24/2015 12:00","08/25/2015 10:36","WITHDRAWAL LEDO PIZZA PASTA SILVER SPRINGMDUS","Withdrawal  @ LEDO PIZZA & PASTA SILVER SPRINGMDUS  Trace #523628207188","","08/26/2015 08:02","","Business Reg Check","Diningout"
"9bd6c698-6206-4ce0-bdbe-5c8814b006f0","6350614","63788918","Debit","11.39","08/24/2015 12:00","08/25/2015 10:36","WITHDRAWAL LEDO PIZZA PASTA SILVER SPRINGMDUS","Withdrawal  @ LEDO PIZZA & PASTA SILVER SPRINGMDUS  Trace #523625207188","","08/26/2015 08:02","","Business Reg Check","Diningout"
"eca6751d-f684-41d9-a05a-5f2aebcceb2b","6350614","63788915","Debit","9.49","08/23/2015 12:00","08/24/2015 08:28","WITHDRAWAL PHO REAL RESTAURANT SILVER SPRINGMDUS","Withdrawal  @ PHO REAL RESTAURANT SILVER SPRINGMDUS  Trace #523426002255","","08/26/2015 08:02","","Business Reg Check","Diningout"
"681f6477-2650-4da4-a67a-8d386653eb45","6350614","63784912","Debit","1000.0","08/20/2015 12:00","08/20/2015 12:25","WITHDRAWAL ACH A BETTERMENT WEBBETTERMENT TRANSFER","Withdrawal-ACH-A-BETTERMENT WEBBETTERMENT (TRANSFER) ","","08/24/2015 08:28","","Business Reg Check","Savings"
"c458fd87-2d42-4d09-a1c9-e79bc2359a96","6350614","63781911","Debit","342.39","08/17/2015 12:00","08/17/2015 13:02","CHECK 1159","Check 1159","","08/20/2015 12:25","1159","Business Reg Check",""
"b2a855e5-137b-4d57-977a-c1ad9a53705d","6350614","63781910","Debit","17.54","08/17/2015 12:00","08/17/2015 13:02","WITHDRAWAL LEDO PIZZA PASTA SILVER SPRINGMDUS","Withdrawal  @ LEDO PIZZA & PASTA SILVER SPRINGMDUS  Trace #522821207188","","08/20/2015 12:25","","Business Reg Check","Diningout"
"6f50cdfc-82d5-415a-af29-666d90654292","6350614","63778907","Debit","11.39","08/15/2015 12:00","08/15/2015 12:17","WITHDRAWAL LEDO PIZZA PASTA SILVER SPRINGMDUS","Withdrawal  @ LEDO PIZZA & PASTA SILVER SPRINGMDUS  Trace #522620207188","","08/17/2015 13:02","","Business Reg Check","Diningout"
"04a44da7-a868-4f34-9d0c-ac3faa5c76f9","6350614","63778908","Debit","275.2","08/14/2015 12:00","08/15/2015 12:17","CHECK 1158","Check 1158","","08/17/2015 13:02","1158","Business Reg Check",""
"7edf3cc7-7862-44c9-80e9-065f2739acd1","6350614","63775905","Debit","11.39","08/11/2015 12:00","08/11/2015 09:26","WITHDRAWAL LEDO PIZZA PASTA SILVER SPRINGMDUS","Withdrawal  @ LEDO PIZZA & PASTA SILVER SPRINGMDUS  Trace #522327207188","","08/15/2015 12:17","","Business Reg Check","Diningout"
"1f24c4ed-9d79-4beb-a2b9-64c0fdfbb4df","6350614","63772903","Debit","17.54","08/08/2015 12:00","08/08/2015 10:13","WITHDRAWAL LEDO PIZZA PASTA SILVER SPRINGMDUS","Withdrawal  @ LEDO PIZZA & PASTA SILVER SPRINGMDUS  Trace #522021207188","","08/11/2015 09:26","","Business Reg Check","Diningout"
"c07d8fe0-42fd-4da9-8746-f3bba5fdcbc4","6350614","63771900","Debit","11.39","08/08/2015 12:00","08/08/2015 10:13","WITHDRAWAL LEDO PIZZA PASTA SILVER SPRINGMDUS","Withdrawal  @ LEDO PIZZA & PASTA SILVER SPRINGMDUS  Trace #521929207188","","08/11/2015 09:26","","Business Reg Check","Diningout"
"04cd08d5-6097-47de-9ad6-c7d581ae154c","6350614","63770896","Credit","4000.0","08/05/2015 12:00","08/06/2015 12:59","DEPOSIT PERSONAL CREDIT UNION TRANSFER DTD FROM ACCOUNT SHARE","Deposit  @ Personal Credit Union  Trace #692335589964 Transfer ""DTD"" 4,000.00 from account *****4611 share 3","","08/08/2015 10:13","","Business Reg Check","Savings"
"12fada1f-c141-4018-ad2b-7dd05bba3859","6350614","63769895","Debit","11.39","08/05/2015 12:00","08/05/2015 09:29","WITHDRAWAL LEDO PIZZA PASTA SILVER SPRINGMDUS","Withdrawal  @ LEDO PIZZA & PASTA SILVER SPRINGMDUS  Trace #521721207188","","08/08/2015 10:13","","Business Reg Check","Diningout"
"90c8698a-7b77-454f-ab0a-9cf8e339e15e","6350614","63767891","Debit","800.0","08/03/2015 12:00","08/04/2015 09:47","WITHDRAWAL TRANSFER STS TO ACCT","Withdrawal  Transfer 'STS' 800.00 to acct: *****9688-3","","08/05/2015 09:29","","Business Reg Check","Savings"
"0ec86ff7-71ea-4804-ac8f-7479c17241b8","6350614","63767890","Debit","11.39","08/02/2015 12:00","08/02/2015 10:49","WITHDRAWAL LEDO PIZZA PASTA SILVER SPRINGMDUS","Withdrawal  @ LEDO PIZZA & PASTA SILVER SPRINGMDUS  Trace #521423207188","","08/05/2015 09:29","","Business Reg Check","Diningout"
"8cb4b2d9-1b42-43a0-aa70-fbfafc3ed826","6350614","63767888","Debit","11.39","08/02/2015 12:00","08/02/2015 10:49","WITHDRAWAL LEDO PIZZA PASTA SILVER SPRINGMDUS","Withdrawal  @ LEDO PIZZA & PASTA SILVER SPRINGMDUS  Trace #521325207188","","08/05/2015 09:29","","Business Reg Check","Diningout"
"4c3daf4d-4547-429d-99fa-2d7a79cb450b","6350615","63764885","Credit","0.02","07/31/2015 12:00","08/01/2015 12:35","DIVIDEND THROUGH DATE","Dividend Through date: 31JUL2015","","09/01/2015 13:26","","Business Reg Shares","Income"
"be3583d5-957a-4d06-8d53-21129ccf06b8","6350614","63763884","Debit","2811.05","07/30/2015 12:00","07/31/2015 08:50","American Express Company","Withdrawal-ACH-A-AMEX EPAYMENT  AMEX EPayment (ACH PMT) ","","08/02/2015 10:49","","Business Reg Check","Payment"
"de54fd41-1ff2-47d9-8661-b5e7c7cc7d6a","6350614","63762883","Debit","13.72","07/29/2015 12:00","07/29/2015 11:57","WITHDRAWAL PHO REAL RESTAURANT SILVER SPRINGMDUS","Withdrawal  @ PHO REAL RESTAURANT SILVER SPRINGMDUS  Trace #520927002691","","08/02/2015 10:49","","Business Reg Check","Diningout"
"b452f8cc-7161-46ff-8407-8768b713c772","6350614","63761881","Debit","11.39","07/28/2015 12:00","07/28/2015 13:17","WITHDRAWAL LEDO PIZZA PASTA SILVER SPRINGMDUS","Withdrawal  @ LEDO PIZZA & PASTA SILVER SPRINGMDUS  Trace #520925207188","","07/31/2015 08:50","","Business Reg Check","Diningout"
"10ea23cb-22b8-42ac-9643-9535daa502f2","6350614","63757879","Debit","17.54","07/25/2015 12:00","07/25/2015 09:18","WITHDRAWAL LEDO PIZZA PASTA SILVER SPRINGMDUS","Withdrawal  @ LEDO PIZZA & PASTA SILVER SPRINGMDUS  Trace #520527207188","","07/28/2015 13:17","","Business Reg Check","Diningout"
"7a96f99a-a382-4a5b-9a57-a35a57a90abc","6350614","63757878","Debit","17.54","07/25/2015 12:00","07/25/2015 09:18","WITHDRAWAL LEDO PIZZA PASTA SILVER SPRINGMDUS","Withdrawal  @ LEDO PIZZA & PASTA SILVER SPRINGMDUS  Trace #520525207188","","07/28/2015 13:17","","Business Reg Check","Diningout"
"fe72163e-225a-43a3-aa66-acbd595671aa","6350614","63754873","Debit","1000.0","07/21/2015 12:00","07/22/2015 08:01","WITHDRAWAL ACH A BETTERMENT WEBBETTERMENT TRANSFER","Withdrawal-ACH-A-BETTERMENT WEBBETTERMENT (TRANSFER) ","","07/25/2015 09:18","","Business Reg Check","Savings"
"830a25fb-76bd-4204-b4ce-7d19ce8dd58c","6350614","63754872","Debit","342.39","07/21/2015 12:00","07/22/2015 08:01","CHECK 1156","Check 1156","","07/25/2015 09:18","1156","Business Reg Check",""
"77d2f227-b354-451e-96e0-dbf073b0796a","6350614","63753871","Debit","1299.92","07/20/2015 12:00","07/21/2015 08:14","CHECK 1157","Check 1157","","07/25/2015 09:18","1157","Business Reg Check",""
"aeb060be-1a04-4503-8520-cb95fde68d77","6350614","63753870","Debit","11.39","07/20/2015 12:00","07/20/2015 09:32","WITHDRAWAL LEDO PIZZA PASTA SILVER SPRINGMDUS","Withdrawal  @ LEDO PIZZA & PASTA SILVER SPRINGMDUS  Trace #520124207188","","07/25/2015 09:18","","Business Reg Check","Diningout"
"78f8e620-9e93-4552-9f74-25941986cb2e","6350614","63753868","Debit","39.47","07/20/2015 12:00","07/19/2015 10:10","WITHDRAWAL ACH A ROCH GAS ELEC ROCH GAS ELEC RG E PAYMT","Withdrawal-ACH-A-ROCH GAS & ELEC ROCH GAS & ELEC (RG&E PAYMT) ","","07/25/2015 09:18","","Business Reg Check","Utilities"
"548e4acd-9887-4a54-8782-c1795be76fab","6350614","63751867","Debit","11.39","07/18/2015 12:00","07/18/2015 09:51","WITHDRAWAL LEDO PIZZA PASTA SILVER SPRINGMDUS","Withdrawal  @ LEDO PIZZA & PASTA SILVER SPRINGMDUS  Trace #519923207188","","07/19/2015 10:10","","Business Reg Check","Diningout"
"7eee5d36-7215-4b4b-bccf-36f1d75d3f24","6350614","63751865","Debit","18.97","07/18/2015 12:00","07/18/2015 09:51","WITHDRAWAL PHO REAL RESTAURANT SILVER SPRINGMDUS","Withdrawal  @ PHO REAL RESTAURANT SILVER SPRINGMDUS  Trace #519828001618","","07/19/2015 10:10","","Business Reg Check","Diningout"
"e4af4334-ad65-4a4e-9e10-d94c63f9dea0","6350614","63750863","Debit","11.39","07/17/2015 12:00","07/18/2015 09:51","WITHDRAWAL LEDO PIZZA PASTA SILVER SPRINGMDUS","Withdrawal  @ LEDO PIZZA & PASTA SILVER SPRINGMDUS  Trace #519721207188","","07/19/2015 10:10","","Business Reg Check","Diningout"
"02f7a0e4-61ce-45ea-bd29-f5ca755483bb","6350614","63749861","Debit","14.25","07/16/2015 12:00","07/16/2015 07:58","WITHDRAWAL PHO REAL RESTAURANT SILVER SPRINGMDUS","Withdrawal  @ PHO REAL RESTAURANT SILVER SPRINGMDUS  Trace #519627001419","","07/18/2015 09:51","","Business Reg Check","Diningout"
"9effa366-49df-464d-97e9-4a90c81c08f9","6350614","63747859","Debit","23.73","07/14/2015 12:00","07/14/2015 09:22","WITHDRAWAL PHO REAL RESTAURANT SILVER SPRINGMDUS","Withdrawal  @ PHO REAL RESTAURANT SILVER SPRINGMDUS  Trace #519425001219","","07/16/2015 07:58","","Business Reg Check","Diningout"
"19798433-f9bd-40af-a7b7-9c52680fc798","6350614","63746857","Debit","14.23","07/13/2015 12:00","07/14/2015 09:21","CHECK 1155","Check 1155","","07/16/2015 07:58","1155","Business Reg Check",""
"70da9608-912d-4e53-9293-92b16b91cfa2","6350614","63746855","Debit","19.86","07/12/2015 12:00","07/12/2015 12:18","WITHDRAWAL LEDO PIZZA PASTA SILVER SPRINGMDUS","Withdrawal  @ LEDO PIZZA & PASTA SILVER SPRINGMDUS  Trace #519323207188","","07/16/2015 07:58","","Business Reg Check","Diningout"
"fda77a50-9181-44fa-830d-557fb8a18dce","6350614","63746853","Debit","19.86","07/12/2015 12:00","07/12/2015 12:18","WITHDRAWAL LEDO PIZZA PASTA SILVER SPRINGMDUS","Withdrawal  @ LEDO PIZZA & PASTA SILVER SPRINGMDUS  Trace #519220207188","","07/16/2015 07:58","","Business Reg Check","Diningout"
"a64bbbeb-a04f-4f3e-9091-23f85164e57a","6350614","63741851","Debit","11.39","07/08/2015 12:00","07/08/2015 12:33","WITHDRAWAL LEDO PIZZA PASTA SILVER SPRINGMDUS","Withdrawal  @ LEDO PIZZA & PASTA SILVER SPRINGMDUS  Trace #518929207188","","07/12/2015 12:18","","Business Reg Check","Diningout"
"743f4f93-c9c6-42fd-aa9a-f931901b7ff8","6350614","63740849","Credit","400.0","07/07/2015 12:00","07/07/2015 16:18","DEPOSIT","Deposit ","","07/12/2015 12:18","","Business Reg Check","Income"
"59fd396a-ebc7-413f-8f6f-db31068bc46d","6350614","63739848","Debit","11.39","07/07/2015 12:00","07/07/2015 16:18","WITHDRAWAL LEDO PIZZA PASTA SILVER SPRINGMDUS","Withdrawal  @ LEDO PIZZA & PASTA SILVER SPRINGMDUS  Trace #518721207188","","07/08/2015 12:33","","Business Reg Check","Diningout"
"87de30eb-0ccf-45ae-8e9f-f98592e4b3b2","6350614","63739846","Debit","17.54","07/07/2015 12:00","07/07/2015 16:18","WITHDRAWAL LEDO PIZZA PASTA SILVER SPRINGMDUS","Withdrawal  @ LEDO PIZZA & PASTA SILVER SPRINGMDUS  Trace #518723207188","","07/08/2015 12:33","","Business Reg Check","Diningout"
"490bf0bf-ca16-43c8-909e-33637f70acef","6350614","63739844","Debit","16.63","07/06/2015 12:00","07/06/2015 16:32","WITHDRAWAL PHO REAL RESTAURANT SILVER SPRINGMDUS","Withdrawal  @ PHO REAL RESTAURANT SILVER SPRINGMDUS  Trace #518620000426","","07/08/2015 12:33","","Business Reg Check","Diningout"
"49b0b5f1-58f7-463b-bd5e-0e240200d04c","6350614","63736842","Debit","32.47","07/03/2015 12:00","07/03/2015 08:59","WITHDRAWAL PHO REAL RESTAURANT SILVER SPRINGMDUS","Withdrawal  @ PHO REAL RESTAURANT SILVER SPRINGMDUS  Trace #518325000163","","07/06/2015 16:32","","Business Reg Check","Diningout"
"200ac846-324d-4aa5-9f24-a6798add5ef8","6350614","63734839","Debit","11.39","07/02/2015 12:00","07/02/2015 13:10","WITHDRAWAL LEDO PIZZA PASTA SILVER SPRINGMDUS","Withdrawal  @ LEDO PIZZA & PASTA SILVER SPRINGMDUS  Trace #518224207188","","07/03/2015 08:59","","Business Reg Check","Diningout"
"0b569ac1-2466-411a-ab7c-f7d2324e17f2","6350614","63734837","Debit","37.45","07/01/2015 12:00","07/01/2015 18:21","WITHDRAWAL PHO REAL RESTAURANT SILVER SPRINGMDUS","Withdrawal  @ PHO REAL RESTAURANT SILVER SPRINGMDUS  Trace #518128002989","","07/03/2015 08:59","","Business Reg Check","Diningout"
"33622ef1-856d-452b-9f16-e7b04068995e","6350614","63733831","Debit","19.86","07/01/2015 12:00","07/01/2015 18:21","WITHDRAWAL LEDO PIZZA PASTA SILVER SPRINGMDUS","Withdrawal  @ LEDO PIZZA & PASTA SILVER SPRINGMDUS  Trace #518123207188","","07/02/2015 13:10","","Business Reg Check","Diningout"
"d4acf0dc-3a8a-4b23-8c0e-3fb1bae053dc","6350615","63733834","Credit","0.02","06/30/2015 12:00","07/01/2015 18:21","DIVIDEND THROUGH DATE","Dividend Through date: 30JUN2015","","08/01/2015 12:35","","Business Reg Shares","Income"
"5b3a8e05-a0c2-484b-ad85-6cd22a5dbe20","6350614","63732829","Debit","3597.63","06/29/2015 12:00","06/30/2015 08:19","American Express Company","Withdrawal-ACH-A-AMEX EPAYMENT  AMEX EPayment (ACH PMT) ","","07/01/2015 18:21","","Business Reg Check","Payment"
"61f426c6-6648-43f5-bb7c-38c9486528e0","6350614","63730828","Debit","28.92","06/27/2015 12:00","06/27/2015 16:32","WITHDRAWAL LEDO PIZZA PASTA SILVER SPRINGMDUS","Withdrawal  @ LEDO PIZZA & PASTA SILVER SPRINGMDUS  Trace #517821207188","","06/30/2015 08:19","","Business Reg Check","Diningout"
"4fb74da2-b7ed-4ae6-aa91-1027d3c63016","6350614","63728826","Debit","16.69","06/26/2015 12:00","06/26/2015 10:43","WITHDRAWAL LEDO PIZZA PASTA SILVER SPRINGMDUS","Withdrawal  @ LEDO PIZZA & PASTA SILVER SPRINGMDUS  Trace #517625207188","","06/27/2015 16:32","","Business Reg Check","Diningout"
"46759770-7c6e-4c30-9644-8a9805aeca92","6350614","63728824","Debit","19.86","06/26/2015 12:00","06/26/2015 10:43","WITHDRAWAL LEDO PIZZA PASTA SILVER SPRINGMDUS","Withdrawal  @ LEDO PIZZA & PASTA SILVER SPRINGMDUS  Trace #517628207188","","06/27/2015 16:32","","Business Reg Check","Diningout"
"cbbb70d3-6803-4cb0-a61c-3d1cd617bb10","6350614","63726822","Debit","342.39","06/23/2015 12:00","06/23/2015 11:10","CHECK 1154","Check 1154","","06/26/2015 10:43","1154","Business Reg Check",""
"7dba0443-d5da-47da-8b50-0f3e3b779340","6350614","63725820","Debit","1000.0","06/22/2015 12:00","06/22/2015 12:56","WITHDRAWAL ACH A BETTERMENT WEBBETTERMENT TRANSFER","Withdrawal-ACH-A-BETTERMENT WEBBETTERMENT (TRANSFER) ","","06/26/2015 10:43","","Business Reg Check","Savings"
"7df7a621-1607-4fdf-bfdd-5ceacafee010","6350614","63725819","Debit","19.86","06/22/2015 12:00","06/22/2015 12:56","WITHDRAWAL LEDO PIZZA PASTA SILVER SPRINGMDUS","Withdrawal  @ LEDO PIZZA & PASTA SILVER SPRINGMDUS  Trace #517228207188","","06/26/2015 10:43","","Business Reg Check","Diningout"
"73d83a5a-af6b-47db-949f-45097d40fce1","6350614","63722817","Debit","139.42","06/19/2015 12:00","06/20/2015 13:44","WITHDRAWAL ACH A ROCH GAS ELEC ROCH GAS ELEC RG E PAYMT","Withdrawal-ACH-A-ROCH GAS & ELEC ROCH GAS & ELEC (RG&E PAYMT) ","","06/22/2015 12:56","","Business Reg Check","Utilities"
"05173060-325e-4390-b0bf-77daf97e0526","6350614","63722816","Debit","19.86","06/19/2015 12:00","06/20/2015 13:44","WITHDRAWAL LEDO PIZZA PASTA SILVER SPRINGMDUS","Withdrawal  @ LEDO PIZZA & PASTA SILVER SPRINGMDUS  Trace #517026207188","","06/22/2015 12:56","","Business Reg Check","Diningout"
"1fb3bed9-2a54-4cb0-a0c6-bf7bfec35feb","6350614","63720814","Debit","11.39","06/17/2015 12:00","06/17/2015 12:19","WITHDRAWAL LEDO PIZZA PASTA SILVER SPRINGMDUS","Withdrawal  @ LEDO PIZZA & PASTA SILVER SPRINGMDUS  Trace #516827207188","","06/20/2015 13:44","","Business Reg Check","Diningout"
"14395e6d-fa95-4f04-8029-09bd19f2cb82","6350614","63719811","Debit","19.33","06/16/2015 12:00","06/16/2015 12:46","WITHDRAWAL LEDO PIZZA PASTA SILVER SPRINGMDUS","Withdrawal  @ LEDO PIZZA & PASTA SILVER SPRINGMDUS  Trace #516723207188","","06/20/2015 13:44","","Business Reg Check","Diningout"
"841155b3-6b35-406c-b348-090bc325361f","6350614","63716809","Debit","34.47","06/13/2015 12:00","06/13/2015 11:36","WITHDRAWAL LEDO PIZZA PASTA SILVER SPRINGMDUS","Withdrawal  @ LEDO PIZZA & PASTA SILVER SPRINGMDUS  Trace #516420207188","","06/16/2015 12:46","","Business Reg Check","Diningout"
"9acc1cef-875b-4d23-9b37-2bcfd0024f51","6350614","63714807","Debit","19.86","06/11/2015 12:00","06/11/2015 17:53","WITHDRAWAL LEDO PIZZA PASTA SILVER SPRINGMDUS","Withdrawal  @ LEDO PIZZA & PASTA SILVER SPRINGMDUS  Trace #516122207188","","06/13/2015 11:36","","Business Reg Check","Diningout"
"5a224397-7a7b-4659-9b63-61a413d04da6","6350614","63711804","Debit","35.01","06/07/2015 12:00","06/07/2015 12:03","WITHDRAWAL LEDO PIZZA PASTA SILVER SPRINGMDUS","Withdrawal  @ LEDO PIZZA & PASTA SILVER SPRINGMDUS  Trace #515824207188","","06/11/2015 17:53","","Business Reg Check","Diningout"
"1ccf0786-bd9a-40cf-90d3-25fcc0cea4a7","6350614","63708801","Debit","39.86","06/06/2015 12:00","06/05/2015 17:33","Safeway","Withdrawal  @ SAFEWAY STORE00015651 SILVER SPRINGMDUS  Trace #515621218013","","06/07/2015 12:03","","Business Reg Check","Groceries"
"632dded4-2e7e-477f-8029-41d2b205a06b","6350614","63708802","Credit","500.0","06/05/2015 12:00","06/06/2015 09:23","DEPOSIT","Deposit ","","06/07/2015 12:03","","Business Reg Check","Income"
"63b176ef-eee9-4017-9c96-3f7e171a027a","6350614","63708799","Debit","35.05","06/05/2015 12:00","06/05/2015 17:33","WITHDRAWAL LEDO PIZZA PASTA SILVER SPRINGMDUS","Withdrawal  @ LEDO PIZZA & PASTA SILVER SPRINGMDUS  Trace #515625207188","","06/07/2015 12:03","","Business Reg Check","Diningout"
"4281ee00-8895-4a82-bf5a-facc7c47e147","6350614","63706796","Debit","42.68","06/03/2015 12:00","06/03/2015 10:36","WITHDRAWAL LEDO PIZZA PASTA SILVER SPRINGMDUS","Withdrawal  @ LEDO PIZZA & PASTA SILVER SPRINGMDUS  Trace #515422207188","","06/05/2015 17:33","","Business Reg Check","Diningout"
"e09c5586-b487-48da-8615-dbba54ced39c","6350614","63704794","Debit","3526.62","06/01/2015 12:00","06/01/2015 16:00","American Express Company","Withdrawal-ACH-A-AMEX EPAYMENT  AMEX EPayment (ACH PMT) ","","06/03/2015 10:36","","Business Reg Check","Payment"
"03dc27df-cd10-4bb7-a3cf-908bce2444b8","6350614","63704793","Debit","26.27","06/01/2015 12:00","06/01/2015 16:00","WITHDRAWAL LEDO PIZZA PASTA SILVER SPRINGMDUS","Withdrawal  @ LEDO PIZZA & PASTA SILVER SPRINGMDUS  Trace #515226207188","","06/03/2015 10:36","","Business Reg Check","Diningout"
"cce55122-24f9-4e6c-8f6f-786963ae8311","6350614","63704791","Debit","36.21","05/31/2015 12:00","05/31/2015 20:14","WITHDRAWAL LEDO PIZZA PASTA SILVER SPRINGMDUS","Withdrawal  @ LEDO PIZZA & PASTA SILVER SPRINGMDUS  Trace #515027207188","","06/03/2015 10:36","","Business Reg Check","Diningout"
"874463c7-7604-4fda-9fc2-3b8b2ce339a1","6350615","63703789","Credit","0.02","05/31/2015 12:00","05/31/2015 20:14","DIVIDEND THROUGH DATE","Dividend Through date: 31MAY2015","","07/01/2015 18:21","","Business Reg Shares","Income"
"0fb03ad1-8eb4-4cfb-b7e7-02981b2f6a63","6350614","63699786","Credit","18810.0","05/27/2015 12:00","05/28/2015 15:15","DEPOSIT","Deposit ","","05/31/2015 20:14","","Business Reg Check","Income"
"feed114a-9810-452b-bfc7-5453e28c50af","6350614","63699785","Debit","28.92","05/27/2015 12:00","05/27/2015 09:45","WITHDRAWAL LEDO PIZZA PASTA SILVER SPRINGMDUS","Withdrawal  @ LEDO PIZZA & PASTA SILVER SPRINGMDUS  Trace #514720207188","","05/31/2015 20:14","","Business Reg Check","Diningout"
"2d0cdc8e-2f0f-41ce-905b-11a157fdb003","6350614","63692782","Debit","1000.0","05/20/2015 12:00","05/21/2015 14:18","WITHDRAWAL ACH A BETTERMENT WEBBETTERMENT TRANSFER","Withdrawal-ACH-A-BETTERMENT WEBBETTERMENT (TRANSFER) ","","05/27/2015 09:45","","Business Reg Check","Savings"
"ed08811c-eca2-4ba6-8991-a4d3a5321cff","6350614","63691781","Debit","11.6","05/20/2015 12:00","05/20/2015 10:22","Cleaners","Withdrawal  @ BAYVIEW CLEANERS AND L WEBSTER NYUS  Trace #513928987162","","05/27/2015 09:45","","Business Reg Check","Personal"
"b94752de-eef5-4033-8957-9b254ea0188d","6350614","63690779","Debit","1299.92","05/18/2015 12:00","05/19/2015 14:19","CHECK 1152","Check 1152","","05/20/2015 10:22","1152","Business Reg Check",""
"cc3fb6a9-99eb-4ad0-9c89-5d8034c92629","6350614","63690778","Debit","342.39","05/18/2015 12:00","05/17/2015 14:36","CHECK 1153","Check 1153","","05/20/2015 10:22","1153","Business Reg Check",""
"6fae1e67-b63a-4065-9902-6140d6efd423","6350614","63690777","Debit","140.77","05/18/2015 12:00","05/17/2015 14:36","WITHDRAWAL ACH A ROCH GAS ELEC ROCH GAS ELEC RG E PAYMT","Withdrawal-ACH-A-ROCH GAS & ELEC ROCH GAS & ELEC (RG&E PAYMT) ","","05/20/2015 10:22","","Business Reg Check","Utilities"
"90077401-2f0e-4eed-baae-79f0f29a8a0a","6350614","63686776","Debit","262.0","05/14/2015 12:00","05/15/2015 17:44","WITHDRAWAL ATM RIDGE RD WEBSTER NYUS","Withdrawal  @ ATM97811 1055 RIDGE RD WEBSTER NYUS  Trace #513413711080","","05/17/2015 14:36","","Business Reg Check","Personal"
"d85ffd5a-6ae5-42c8-963e-652e779b8b88","6350614","63685775","Debit","63.15","05/14/2015 12:00","05/13/2015 17:06","WITHDRAWAL ACM MEDICAL LABORATORY NYUS","Withdrawal  @ ACM MEDICAL LABORATORY 585-4292289 NYUS  Trace #513329151339","","05/17/2015 14:36","","Business Reg Check","Health"
"4a333bfd-48ee-47a2-b0a1-bbce54ca09a8","6350614","63683773","Debit","979.35","05/11/2015 12:00","05/12/2015 08:43","CHECK 1080","Check 1080","","05/13/2015 17:06","1080","Business Reg Check",""
"788bf6cc-ec5e-4379-9543-ca68c94c628e","6350615","63672770","Credit","0.02","04/30/2015 12:00","05/01/2015 11:41","DIVIDEND THROUGH DATE","Dividend Through date: 30APR2015","","05/31/2015 20:14","","Business Reg Shares","Income"
"8440d928-d588-4ce2-a41f-4c522215d6ab","6350614","63671769","Debit","1159.13","04/29/2015 12:00","04/30/2015 09:29","CHECK 1150","Check 1150","","05/12/2015 08:43","1150","Business Reg Check",""
"310de8c2-95dd-4973-ba0b-833052dae9ab","6350614","63671768","Debit","4051.74","04/29/2015 12:00","04/29/2015 13:48","American Express Company","Withdrawal-ACH-A-AMEX EPAYMENT  AMEX EPayment (ACH PMT) ","","05/12/2015 08:43","","Business Reg Check","Payment"
"bdaaa207-eec3-4183-a6ff-f9ffa81e527e","6350614","63671767","Debit","342.39","04/29/2015 12:00","04/29/2015 13:48","CHECK 1151","Check 1151","","05/12/2015 08:43","1151","Business Reg Check",""
"05897f92-bf7d-4485-9517-fa91adf11a7d","6350614","63669766","Debit","12999.24","04/27/2015 12:00","04/28/2015 13:16","Internal Revenue Service","Withdrawal-ACH-A-IRS IRS (USATAXPYMT) ","","04/29/2015 13:48","","Business Reg Check","Payment"
"ff1c258b-cf2b-43d8-a341-2feb971bbe75","6350614","63666764","Debit","38.21","04/24/2015 12:00","04/24/2015 10:21","WITHDRAWAL INCLEMA S MEAT MARKET ROCHESTER NYUS","Withdrawal  @ INCLEMA'S MEAT MARKET, ROCHESTER NYUS  Trace #511327980019","","04/28/2015 13:16","","Business Reg Check","Groceries"
"61fc77be-e970-4359-8bdb-ed2fc450ffb6","6350614","63665762","Debit","17.4","04/24/2015 12:00","04/24/2015 10:21","Cleaners","Withdrawal  @ BAYVIEW CLEANERS AND L WEBSTER NYUS  Trace #511329987160","","04/28/2015 13:16","","Business Reg Check","Personal"
"5f44e6c4-7efb-4b9e-9c0d-885bc1de6b80","6350614","63665759","Credit","500.0","04/23/2015 12:00","04/24/2015 10:21","DEPOSIT PERSONAL CREDIT UNION TRANSFER DTD FROM ACCOUNT SHARE","Deposit  @ Personal Credit Union  Trace #6515143586 Transfer ""DTD"" 500.00 from account *****4611 share 3","","04/28/2015 13:16","","Business Reg Check","Income"
"9774f84c-3af5-47c0-ade5-3c2170e69978","6350614","63663756","Debit","1000.0","04/21/2015 12:00","04/22/2015 14:52","WITHDRAWAL ACH A BETTERMENT WEBBETTERMENT TRANSFER","Withdrawal-ACH-A-BETTERMENT WEBBETTERMENT (TRANSFER) ","","04/24/2015 10:21","","Business Reg Check","Savings"
"64d11e84-48bc-464b-9f5e-3b08942b3403","6350614","63662754","Debit","159.92","04/20/2015 12:00","04/20/2015 15:02","WITHDRAWAL ACH A ROCH GAS ELEC ROCH GAS ELEC RG E PAYMT","Withdrawal-ACH-A-ROCH GAS & ELEC ROCH GAS & ELEC (RG&E PAYMT) ","","04/24/2015 10:21","","Business Reg Check","Utilities"
"fdaf4870-1aed-4515-8305-b90d921e7146","6350614","63657752","Debit","13.96","04/16/2015 12:00","04/16/2015 14:47","American Airlines","Withdrawal  @ AMERICAN AI 00106118162DALLAS TXUS  Trace #510523871053","","04/20/2015 15:02","","Business Reg Check","Travel"
"09c37385-0d43-4dfd-9ce4-8ce3611cb9a1","6350614","63656750","Debit","498.7","04/15/2015 12:00","04/15/2015 15:45","American Airlines","Withdrawal  @ AMERICAN AI 00123013541DALLAS TXUS  Trace #510425871044","","04/16/2015 14:47","","Business Reg Check","Travel"
"c96a1099-4ca9-4235-9498-6bb6a6959da4","6350614","63652748","Debit","29.0","04/11/2015 12:00","04/11/2015 15:48","Cleaners","Withdrawal  @ BAYVIEW CLEANERS AND L WEBSTER NYUS  Trace #510026987174","","04/15/2015 15:45","","Business Reg Check","Personal"
"cb2f4682-b5ed-4706-ae51-ab3f2f39ebcf","6350614","63651745","Debit","500.0","04/09/2015 12:00","04/10/2015 10:47","WITHDRAWAL TRANSFER STS TO ACCT","Withdrawal  Transfer 'STS' 500.00 to acct: *****9688-3","","04/11/2015 15:48","","Business Reg Check","Savings"
"c35c2bcc-6d08-4fa6-bfae-9c53ccce92c8","6350614","63645740","Debit","1320.0","04/03/2015 12:00","04/04/2015 10:59","WITHDRAWAL ACH A M PRESERVE M PRESERVE CASH TRANS","Withdrawal-ACH-A-M - PRESERVE M - PRESERVE (CASH TRANS) ","","04/10/2015 10:47","","Business Reg Check","Payment"
"d4393372-6087-4185-8e0e-960835f9f280","6350615","63642738","Credit","0.02","03/31/2015 12:00","04/01/2015 11:46","DIVIDEND THROUGH DATE","Dividend Through date: 31MAR2015","","05/01/2015 11:41","","Business Reg Shares","Income"
"fb4ca259-e8bc-4655-b246-ef5e336829b5","6350614","63642734","Credit","45530.0","03/31/2015 12:00","04/01/2015 11:46","DEPOSIT","Deposit ","","04/04/2015 10:59","","Business Reg Check","Income"
"139099ef-a9f2-46ee-9ab0-1474e95098ed","6350614","63641732","Debit","4728.94","03/30/2015 12:00","03/31/2015 09:12","American Express Company","Withdrawal-ACH-A-AMEX EPAYMENT  AMEX EPayment (ACH PMT) ","","04/04/2015 10:59","","Business Reg Check","Payment"
"8b3fcd4d-5044-417f-a8c1-d8c8855c6a29","6350614","63641731","Debit","342.39","03/30/2015 12:00","03/31/2015 09:12","CHECK 1149","Check 1149","","04/04/2015 10:59","1149","Business Reg Check",""
"3d70e6d0-3725-4336-a65d-6e17a47c10e5","6350614","63631729","Debit","1000.0","03/20/2015 12:00","03/21/2015 07:25","WITHDRAWAL ACH A BETTERMENT WEBBETTERMENT TRANSFER","Withdrawal-ACH-A-BETTERMENT WEBBETTERMENT (TRANSFER) ","","03/31/2015 09:12","","Business Reg Check",""
"4582ca89-586f-40f4-9c25-2e2ddb417d4d","6350614","63631728","Debit","242.25","03/20/2015 12:00","03/21/2015 07:25","WITHDRAWAL ACH A ROCH GAS ELEC ROCH GAS ELEC RG E PAYMT","Withdrawal-ACH-A-ROCH GAS & ELEC ROCH GAS & ELEC (RG&E PAYMT) ","","03/31/2015 09:12","","Business Reg Check","Utilities"
"1635dab5-dce0-4665-b1f3-a8cc21f6f5c7","6350614","63629727","Debit","1.93","03/18/2015 12:00","03/18/2015 09:12","Aramark","Withdrawal  @ ARAMARK PANORAMA PAYCHEROCHESTER NYUS  Trace #507728120779","","03/21/2015 07:25","","Business Reg Check","Diningout"
"514e2eec-5eeb-40bf-a903-22972da1a3cc","6350614","63625725","Debit","24.7","03/14/2015 12:00","03/14/2015 13:37","WITHDRAWAL INCLEMA S MEAT MARKET ROCHESTER NYUS","Withdrawal  @ INCLEMA'S MEAT MARKET, ROCHESTER NYUS  Trace #507228980019","","03/18/2015 09:12","","Business Reg Check","Diningout"
"b724541b-3243-44f2-b8db-12fe219cd37b","6350614","63623723","Debit","43.5","03/13/2015 12:00","03/13/2015 15:01","Cleaners","Withdrawal  @ BAYVIEW CLEANERS AND L WEBSTER NYUS  Trace #507122987118","","03/14/2015 13:37","","Business Reg Check","Personal"
"3060366e-1623-426c-82d6-de741db864fb","6350614","63622721","Debit","42.0","03/11/2015 12:00","03/12/2015 11:26","CHECK 1148","Check 1148","","03/13/2015 15:01","1148","Business Reg Check",""
"4c6fc895-267b-4923-87cf-c1219dd4f4ad","6350614","63618719","Debit","16.9","03/07/2015 12:00","03/07/2015 11:09","WITHDRAWAL VCO VITAMIN CARD O WEBSTER NYUS","Withdrawal  @ VCO VITAMIN CARD O WEBSTER NYUS  Trace #506623102015","","03/12/2015 11:26","","Business Reg Check","Diningout"
"a81733cc-b677-467e-8056-2be8e3eb7ebb","6350614","63614716","Debit","1320.0","03/03/2015 12:00","03/03/2015 20:38","WITHDRAWAL ACH A M PRESERVE M PRESERVE CASH TRANS","Withdrawal-ACH-A-M - PRESERVE M - PRESERVE (CASH TRANS) ","","03/07/2015 11:09","","Business Reg Check","Utilities"
"f042da7c-59a8-4704-9965-b20ee0925f9b","6350615","63611714","Credit","0.02","02/28/2015 12:00","03/01/2015 08:23","DIVIDEND THROUGH DATE","Dividend Through date: 28FEB2015","","04/01/2015 11:46","","Business Reg Shares","Income"
"8e28cdc0-cc9f-432a-b2ac-e18ffc192a5f","6350614","63610713","Debit","1544.51","02/27/2015 12:00","02/27/2015 13:55","American Express Company","Withdrawal-ACH-A-AMEX EPAYMENT  AMEX EPayment (ACH PMT) ","","03/03/2015 20:38","","Business Reg Check","Payment"
"640cad46-2cfa-4a3d-8c1c-942bfa5b28b3","6350614","63607711","Credit","1000.0","02/24/2015 12:00","02/25/2015 11:37","DEPOSIT PERSONAL CREDIT UNION TRANSFER DTD FROM ACCOUNT SHARE","Deposit  @ Personal Credit Union  Trace #710054835 Transfer ""DTD"" 1,000.00 from account *****4611 share 3","","02/27/2015 13:55","","Business Reg Check",""
"3684accd-9e12-4de9-8ccc-b1a81f348832","6350614","63603709","Debit","1000.0","02/20/2015 12:00","02/20/2015 15:34","WITHDRAWAL ACH A BETTERMENT WEBBETTERMENT TRANSFER","Withdrawal-ACH-A-BETTERMENT WEBBETTERMENT (TRANSFER) ","","02/25/2015 11:37","","Business Reg Check",""
"62fa4e15-93be-4ead-b677-211983be65bc","6350614","63602708","Debit","199.34","02/19/2015 12:00","02/20/2015 15:34","WITHDRAWAL ACH A ROCH GAS ELEC ROCH GAS ELEC RG E PAYMT","Withdrawal-ACH-A-ROCH GAS & ELEC ROCH GAS & ELEC (RG&E PAYMT) ","","02/25/2015 11:37","","Business Reg Check","Utilities"
"b4f6d0b7-2e67-4b07-87f6-609e066fe53c","6350614","63600707","Debit","33.06","02/17/2015 12:00","02/17/2015 11:02","WITHDRAWAL INCLEMA S MEAT MARKET ROCHESTER NYUS","Withdrawal  @ INCLEMA'S MEAT MARKET, ROCHESTER NYUS  Trace #504724980019","","02/20/2015 15:34","","Business Reg Check","Diningout"
"2d96f240-63f0-448d-a073-d5bf84c4ebf1","6350614","63595704","Debit","1500.0","02/12/2015 12:00","02/13/2015 08:59","WITHDRAWAL PERSONAL CREDIT UNION TRANSFER DTD TO ACCOUNT SHARE","Withdrawal  @ Personal Credit Union  Trace #9514561716 Transfer ""DTD"" 1,500.00 to account *****4611 share 3","","02/17/2015 11:02","","Business Reg Check",""
"800e1ea0-fc7e-4dad-95ea-4561b7bfb114","6350614","63594703","Debit","1288.79","02/11/2015 12:00","02/12/2015 12:30","CHECK 1146","Check 1146","","02/17/2015 11:02","1146","Business Reg Check",""
"92335703-6ba0-4b28-abd0-81351febf763","6350614","63594702","Debit","684.78","02/11/2015 12:00","02/12/2015 12:30","CHECK 1147","Check 1147","","02/17/2015 11:02","1147","Business Reg Check",""
"0400d4e5-05a1-4454-a6ee-4c39f2663840","6350614","63586698","Debit","1320.0","02/03/2015 12:00","02/04/2015 09:42","WITHDRAWAL ACH A M PRESERVE M PRESERVE CASH TRANS","Withdrawal-ACH-A-M - PRESERVE M - PRESERVE (CASH TRANS) ","","02/12/2015 12:30","","Business Reg Check","Utilities"
"a961c249-d558-4343-9ce3-a94ebaedc088","6350614","63586697","Debit","147.18","02/03/2015 12:00","02/03/2015 12:01","WITHDRAWAL ELECTRONIC DEALS AZ","Withdrawal  @ ELECTRONIC DEALS +44 203 129 3 AZ  Trace #502871013046","","02/12/2015 12:30","","Business Reg Check","Diningout"
"2edada4d-5668-41f3-ad18-d40b0e326c1d","6350614","63585695","Debit","27.5","02/03/2015 12:00","02/03/2015 12:01","Cleaners","Withdrawal  @ BAYVIEW CLEANERS AND L WEBSTER NYUS  Trace #503329987144","","02/12/2015 12:30","","Business Reg Check","Personal"
"9a763129-8799-4999-843c-78715e41e3d4","6350614","63585696","Debit","6674.62","02/02/2015 12:00","02/03/2015 12:01","CHECK 1145","Check 1145","","02/12/2015 12:30","1145","Business Reg Check",""
"a044e158-4ee6-432c-a81d-0e3b1d33b59f","6350615","63583692","Credit","0.02","01/31/2015 12:00","02/01/2015 15:43","DIVIDEND THROUGH DATE","Dividend Through date: 31JAN2015","","03/01/2015 08:23","","Business Reg Shares","Income"
"860f1d66-65eb-4f1f-bdec-3d6fe0755847","6350614","63582690","Debit","3886.12","01/30/2015 12:00","01/31/2015 12:02","American Express Company","Withdrawal-ACH-A-AMEX EPAYMENT  AMEX EPayment (ACH PMT) ","","02/03/2015 12:01","","Business Reg Check","Payment"
"9342884c-c169-431f-abfa-ce9174bc75b1","6350614","63578688","Debit","12999.24","01/26/2015 12:00","01/27/2015 14:00","Internal Revenue Service","Withdrawal-ACH-A-IRS IRS (USATAXPYMT) ","","01/31/2015 12:02","","Business Reg Check","Payment"
"c727bd8b-8e9b-4ab8-b131-7417e69ffaf1","6350614","63573685","Credit","13300.0","01/21/2015 12:00","01/22/2015 12:37","DEPOSIT","Deposit ","","01/27/2015 14:00","","Business Reg Check","Income"
"aef37f90-2e78-4471-ab60-b8173cf497ca","6350614","63573681","Debit","1000.0","01/21/2015 12:00","01/21/2015 15:17","WITHDRAWAL ACH A BETTERMENT WEBBETTERMENT TRANSFER","Withdrawal-ACH-A-BETTERMENT WEBBETTERMENT (TRANSFER) ","","01/27/2015 14:00","","Business Reg Check",""
"36613679-38d7-4a26-8caf-c9f674a58735","6350614","63568680","Debit","164.15","01/16/2015 12:00","01/16/2015 11:48","WITHDRAWAL ACH A ROCH GAS ELEC ROCH GAS ELEC RG E PAYMT","Withdrawal-ACH-A-ROCH GAS & ELEC ROCH GAS & ELEC (RG&E PAYMT) ","","01/21/2015 15:17","","Business Reg Check","Utilities"
"732ff7b4-df08-46df-9a72-98014029d5e9","6350614","63566679","Debit","33.0","01/15/2015 12:00","01/15/2015 08:39","Cleaners","Withdrawal  @ BAYVIEW CLEANERS AND L WEBSTER NYUS  Trace #501429987139","","01/16/2015 11:48","","Business Reg Check","Personal"
"432f3263-a982-4793-8139-9b17e7f8cee1","6350614","63566676","Credit","1000.0","01/14/2015 12:00","01/15/2015 08:39","DEPOSIT PERSONAL CREDIT UNION TRANSFER DTD FROM ACCOUNT SHARE","Deposit  @ Personal Credit Union  Trace #6610242435 Transfer ""DTD"" 1,000.00 from account *****4611 share 3","","01/16/2015 11:48","","Business Reg Check",""
"a5c20b34-d9ff-4c1e-83ce-2818590d0f7d","6350614","63565674","Credit","28880.0","01/13/2015 12:00","01/14/2015 08:44","DEPOSIT","Deposit ","","01/15/2015 08:39","","Business Reg Check","Income"
"b8d2302d-73d5-488d-b9fe-4a01fc274a9f","6350614","63560673","Debit","68.0","01/08/2015 12:00","01/08/2015 12:04","WITHDRAWAL BOUCHARD FAMILY FARMS MEUS","Withdrawal  @ BOUCHARD FAMILY FARMS 207-834-3237 MEUS  Trace #500723700229","","01/14/2015 08:44","","Business Reg Check","Diningout"
"ffade4da-1d55-4601-a9ab-f53ee7f8700a","6350614","63558671","Debit","342.39","01/06/2015 12:00","01/06/2015 15:08","CHECK 1144","Check 1144","","01/08/2015 12:04","1144","Business Reg Check",""
"23544d00-41d1-4f2a-9c85-c8b065187a28","6350614","63557669","Debit","1000.0","01/05/2015 12:00","01/06/2015 15:08","WITHDRAWAL TRANSFER STS TO ACCT","Withdrawal  Transfer 'STS' 1000.00 to acct: *****3288-3","","01/08/2015 12:04","","Business Reg Check",""
"f2ba20e1-ec20-46d9-becd-f4756e7e3682","6350614","63557667","Debit","1500.0","01/05/2015 12:00","01/06/2015 15:08","WITHDRAWAL TRANSFER STS TO ACCT","Withdrawal  Transfer 'STS' 1500.00 to acct: *****9688-3","","01/08/2015 12:04","","Business Reg Check",""
"ede6ec74-f41b-43d8-9348-9e04396e5364","6350614","63557666","Debit","7.7","01/05/2015 12:00","01/05/2015 14:03","WITHDRAWAL ACH A GOLDEN RULE INS UNITEDHEALTHONE INS PREM","Withdrawal-ACH-A-GOLDEN RULE INS UNITEDHEALTHONE (INS. PREM.) ","","01/08/2015 12:04","","Business Reg Check","Health"
"83502a3f-0c0e-4b2f-9bc8-1c8b917c902f","6350614","63557665","Debit","1320.0","01/05/2015 12:00","01/04/2015 10:17","WITHDRAWAL ACH A M PRESERVE M PRESERVE CASH TRANS","Withdrawal-ACH-A-M - PRESERVE M - PRESERVE (CASH TRANS) ","","01/08/2015 12:04","","Business Reg Check","Utilities"
