"id","account_id","reference_id","transaction_type","amount","posted_at","created_at","nickname","original_name","merchant_id","updated_at","check_number","account_name","tags"
"bffda4a7-8107-4268-8794-de102f973a56","6350615","63552663","Credit","0.02","12/31/2014 12:00","01/01/2015 11:34","DIVIDEND THROUGH DATE","Dividend Through date: 31DEC2014","","02/01/2015 15:43","","Business Reg Shares","Income"
"f8e4e31e-c8f9-47e9-a0f2-b28620bae9ef","6350614","63551660","Debit","8229.06","12/30/2014 12:00","12/30/2014 15:32","American Express Company","Withdrawal-ACH-A-AMEX EPAYMENT  AMEX EPayment (ACH PMT) ","","01/04/2015 10:17","","Business Reg Check","Payment"
"60036c92-e0a5-4840-82b2-ad235c5b700d","6350614","63551659","Debit","73.17","12/30/2014 12:00","12/30/2014 15:32","WITHDRAWAL GPO HASLEMERE GB","Withdrawal  @ GPO 0570 666 020 HASLEMERE GB  Trace #436478010072","","01/04/2015 10:17","","Business Reg Check","Diningout"
"2f241133-13d6-418b-8d62-016b9a378695","6350614","63547657","Debit","153.24","12/26/2014 12:00","12/25/2014 15:58","WITHDRAWAL ACH A ROCH GAS ELEC ROCH GAS ELEC RG E PAYMT","Withdrawal-ACH-A-ROCH GAS & ELEC ROCH GAS & ELEC (RG&E PAYMT) ","","12/30/2014 15:32","","Business Reg Check","Utilities"
"a7784c22-d1ec-4cc1-bef1-8861c859c260","6350614","63543656","Debit","25.5","12/23/2014 12:00","12/23/2014 09:43","WITHDRAWAL CORDELLOS PIZZERIA WEBSTER NYUS","Withdrawal  @ CORDELLOS PIZZERIA WEBSTER NYUS  Trace #435621987163","","12/25/2014 15:58","","Business Reg Check","Diningout"
"1b06b4df-bf11-47a7-bde0-b100de8611ec","6350614","63543653","Debit","1000.0","12/22/2014 12:00","12/22/2014 13:15","WITHDRAWAL ACH A BETTERMENT WEBBETTERMENT TRANSFER","Withdrawal-ACH-A-BETTERMENT WEBBETTERMENT (TRANSFER) ","","12/25/2014 15:58","","Business Reg Check",""
"92137d1d-954c-48c4-999c-448b2f56d1a1","6350614","63539652","Debit","202.5","12/19/2014 12:00","12/19/2014 12:36","WITHDRAWAL WATERWATCH ROCHESTER NYUS","Withdrawal  @ WATERWATCH ROCHESTER NYUS  Trace #435220130004","","12/22/2014 13:15","","Business Reg Check","Diningout"
"2924fd65-ea44-4a05-9281-1efcd9b73d46","6350614","63538650","Credit","0.37","12/17/2014 12:00","12/19/2014 12:36","DEPOSIT ACH A SKRILL INC SETTL VERIFICATION","Deposit-ACH-A-21246 Skrill Inc. (SETTL) Verification","","12/19/2014 12:37","","Business Reg Check","Income"
"09966198-eeff-457b-8a9c-8928b21c657d","6350614","63537649","Debit","329.28","12/16/2014 12:00","12/19/2014 12:36","WITHDRAWAL SKR USA SKRILL COM NYUS","Withdrawal  @ SKR*USA Skrill.com 800-238-9984 NYUS  Trace #435027600126","","12/19/2014 12:37","","Business Reg Check","Diningout"
"edef78d9-fa40-452d-9213-672da7e399ba","6350614","63534647","Debit","73.17","12/13/2014 12:00","12/13/2014 08:41","WITHDRAWAL GPO HASLEMERE GB","Withdrawal  @ GPO 0570 666 020 HASLEMERE GB  Trace #434774010096","","12/19/2014 12:36","","Business Reg Check","Diningout"
"7fe44bee-03a7-4b67-9fee-49a2775a11ab","6350615","63531644","Credit","500.0","12/10/2014 12:00","12/10/2014 14:41","DEPOSIT PERSONAL CREDIT UNION TRANSFER DTS FROM ACCOUNT SHARE","Deposit  @ Personal Credit Union  Trace #3100133360 Transfer ""DTS"" 500.00 from account *****4611 share 3","","01/01/2015 11:34","","Business Reg Shares",""
"1eac2c3f-91a2-4ae1-a909-16fa40ea7319","6350614","63529643","Debit","6279.24","12/08/2014 12:00","12/09/2014 10:32","CHECK 1143","Check 1143","","12/13/2014 08:41","1143","Business Reg Check",""
"0ef122f4-b364-4816-a634-43112c5e36f9","6350614","63529642","Debit","39.59","12/08/2014 12:00","12/08/2014 11:22","WITHDRAWAL INCLEMA S MEAT MARKET ROCHESTER NYUS","Withdrawal  @ INCLEMA'S MEAT MARKET, ROCHESTER NYUS  Trace #434122980019","","12/13/2014 08:41","","Business Reg Check","Diningout"
"139ffbd0-d574-436d-93a5-d45a47eeb3c6","6350614","63526640","Debit","162.25","12/06/2014 12:00","12/06/2014 13:32","WITHDRAWAL ATMLK SOUTH AVENUE US ROCHESTER NYUS","Withdrawal  @ ATMLK627653 683 SOUTH AVENUE US ROCHESTER NYUS  Trace #614769","","12/08/2014 11:22","","Business Reg Check","Diningout"
"4b3de380-ff05-428c-8090-feaceff84c8c","6350614","63525639","Debit","73.17","12/04/2014 12:00","12/04/2014 09:55","WITHDRAWAL GPO HASLEMERE GB","Withdrawal  @ GPO 0570 666 020 HASLEMERE GB  Trace #433877040094","","12/06/2014 13:32","","Business Reg Check","Diningout"
"5b831a43-8939-4685-9b22-575b48cec9fe","6350614","63524637","Debit","209.26","12/04/2014 12:00","12/04/2014 09:55","WITHDRAWAL WEBSTER MEDICAL GROUP NYUS","Withdrawal  @ WEBSTER MEDICAL GROUP 585-8722475 NYUS  Trace #433725670360","","12/06/2014 13:32","","Business Reg Check","Diningout"
"94a510bc-e656-4d1f-863c-7bcb0f3406e8","6350614","63524635","Debit","1320.0","12/03/2014 12:00","12/03/2014 11:50","WITHDRAWAL ACH A M PRESERVE M PRESERVE CASH TRANS","Withdrawal-ACH-A-M - PRESERVE M - PRESERVE (CASH TRANS) ","","12/06/2014 13:32","","Business Reg Check","Utilities"
"8962f2bc-c866-4c00-903a-36368bd75383","6350614","63523634","Debit","59.48","12/02/2014 12:00","12/02/2014 15:55","WITHDRAWAL ACH A GOLDEN RULE INS UNITEDHEALTHONE INS PREM","Withdrawal-ACH-A-GOLDEN RULE INS UNITEDHEALTHONE (INS. PREM.) ","","12/04/2014 09:55","","Business Reg Check","Health"
"70e1c925-1f0c-4393-9f3e-21a87f347d41","6350614","63522632","Debit","2495.63","12/01/2014 12:00","12/02/2014 15:55","American Express Company","Withdrawal-ACH-A-AMEX EPAYMENT  AMEX EPayment (ACH PMT) ","","12/03/2014 11:50","","Business Reg Check","Payment"
"e7fb659e-6e81-453d-b579-6a7ac7e02e2c","6350614","63517630","Debit","1247.87","11/26/2014 12:00","11/27/2014 09:04","CHECK 1141","Check 1141","","12/02/2014 15:55","1141","Business Reg Check",""
"b5f73caf-8b36-46b5-8fa4-1f97075cc544","6350614","63515629","Debit","5.17","11/23/2014 12:00","11/23/2014 13:00","WITHDRAWAL THE MUSIC STORE INC WEBSTER NYUS","Withdrawal  @ THE MUSIC STORE INC WEBSTER NYUS  Trace #432620283268","","11/27/2014 09:04","","Business Reg Check","Diningout"
"b75b7e9c-9792-4df5-a777-13db7abd2a12","6350614","63513627","Debit","39.15","11/22/2014 12:00","11/22/2014 13:30","Cleaners","Withdrawal  @ BAYVIEW CLEANERS & LAUNWEBSTER NYUS  Trace #432522002153","","11/27/2014 09:04","","Business Reg Check","Personal"
"79dde019-c2fc-4d58-be30-a514b2a283ff","6350614","63511624","Debit","1000.0","11/20/2014 12:00","11/21/2014 12:30","WITHDRAWAL ACH A BETTERMENT WEBBETTERMENT TRANSFER","Withdrawal-ACH-A-BETTERMENT WEBBETTERMENT (TRANSFER) ","","11/22/2014 13:30","","Business Reg Check",""
"ef6159c6-f8ef-4ba6-90cc-884171de8bcd","6350614","63511623","Debit","342.39","11/20/2014 12:00","11/20/2014 10:49","CHECK 1142","Check 1142","","11/22/2014 13:30","1142","Business Reg Check",""
"1df645f5-dc41-48c0-8f50-225199750cb1","6350614","63508622","Debit","120.24","11/17/2014 12:00","11/16/2014 10:22","WITHDRAWAL ACH A ROCH GAS ELEC ROCH GAS ELEC RG E PAYMT","Withdrawal-ACH-A-ROCH GAS & ELEC ROCH GAS & ELEC (RG&E PAYMT) ","","11/20/2014 10:49","","Business Reg Check","Utilities"
"652489aa-c7fd-442d-8d08-9bc302fc6da3","6350614","63505621","Debit","12999.24","11/14/2014 12:00","11/14/2014 08:03","Internal Revenue Service","Withdrawal-ACH-A-IRS IRS (USATAXPYMT) ","","11/16/2014 10:22","","Business Reg Check","Payment"
"d16cdd50-2557-495e-aa1c-316196658541","6350614","63501620","Debit","24.39","11/10/2014 12:00","11/10/2014 13:32","WITHDRAWAL INCLEMA S MEAT MARKET ROCHESTER NYUS","Withdrawal  @ INCLEMA'S MEAT MARKET, ROCHESTER NYUS  Trace #431322980019","","11/14/2014 08:03","","Business Reg Check","Diningout"
"4658cd14-7479-4f52-a4fb-d32ecb4da82c","6350614","63497617","Credit","20995.0","11/06/2014 12:00","11/07/2014 03:33","DEPOSIT","Deposit ","","11/10/2014 13:32","","Business Reg Check","Income"
"f27520ce-358d-4cfa-b0d3-0d5e13999c16","6350614","63496616","Debit","59.48","11/05/2014 12:00","11/06/2014 04:47","WITHDRAWAL ACH A GOLDEN RULE INS UNITEDHEALTHONE INS PREM","Withdrawal-ACH-A-GOLDEN RULE INS UNITEDHEALTHONE (INS. PREM.) ","","11/10/2014 13:32","","Business Reg Check","Health"
"569914e5-273e-4a91-a8b8-d1ca22a60d6c","6350614","63494615","Debit","1070.0","11/03/2014 12:00","11/03/2014 14:02","WITHDRAWAL ACH A M PRESERVE M PRESERVE CASH TRANS","Withdrawal-ACH-A-M - PRESERVE M - PRESERVE (CASH TRANS) ","","11/06/2014 04:47","","Business Reg Check","Utilities"
"aa12341f-df88-460a-834e-4837b799eb4c","6350614","63490612","Debit","2438.36","10/30/2014 12:00","10/30/2014 12:48","American Express Company","Withdrawal-ACH-A-AMEX EPAYMENT  AMEX EPayment (ACH PMT) ","","11/03/2014 14:02","","Business Reg Check","Payment"
"dedac586-354d-4e98-b35c-fa22d3500a52","6350614","63489611","Debit","12.42","10/29/2014 12:00","10/29/2014 14:27","WITHDRAWAL INCLEMA S MEAT MARKET ROCHESTER NYUS","Withdrawal  @ INCLEMA'S MEAT MARKET, ROCHESTER NYUS  Trace #430121980019","","11/03/2014 14:02","","Business Reg Check","Diningout"
"b3edce07-52d6-4b47-aeee-dea377fdfe92","6350614","63488608","Credit","17100.0","10/28/2014 12:00","10/29/2014 14:27","DEPOSIT","Deposit ","","10/30/2014 12:48","","Business Reg Check","Income"
"73505b58-14ac-4bd8-bd0f-8b78bfe882a3","6350614","63487607","Debit","750.0","10/27/2014 12:00","10/28/2014 08:55","CHECK 1140","Check 1140","","10/29/2014 14:27","1140","Business Reg Check",""
"38675122-ae40-4f7c-9e54-b7022bbe8aa5","6350614","63483605","Credit","21.24","10/23/2014 12:00","10/24/2014 11:33","DEPOSIT ACH ADMOB INC ADMOB PUBLISHER PAYOUT","Deposit-ACH-18679 ADMOB INC (OCT 2014) ADMOB PUBLISHER PAYOUT AUG 2014","","10/28/2014 08:55","","Business Reg Check","Income"
"7565a6f9-1dbd-4aed-ab5b-3bbb233b777d","6350614","63483603","Credit","8805.0","10/23/2014 12:00","10/23/2014 09:43","DEPOSIT ACH IRS TREAS TAX","Deposit-ACH-17998 IRS TREAS 310 (TAX REF) ","","10/28/2014 08:55","","Business Reg Check","Income"
"4ea20985-48b1-4d78-bc8d-b0198fbdf369","6350614","63482601","Debit","342.39","10/22/2014 12:00","10/22/2014 08:23","CHECK 1139","Check 1139","","10/28/2014 08:55","1139","Business Reg Check",""
"0963f593-9b7e-4cfa-9c7a-ee7dc09b32bd","6350614","63481599","Debit","1000.0","10/21/2014 12:00","10/21/2014 12:15","WITHDRAWAL ACH A BETTERMENT WEBBETTERMENT TRANSFER","Withdrawal-ACH-A-BETTERMENT WEBBETTERMENT (TRANSFER) ","","10/23/2014 09:43","","Business Reg Check",""
"f2f9547b-f50e-4469-bbb0-0d8a8eb9da22","6350614","63481598","Debit","3174.0","10/21/2014 12:00","10/21/2014 12:15","WITHDRAWAL ACH A COMP OF MARYLAND DIR DB RAD","Withdrawal-ACH-A-5089 COMP OF MARYLAND (DIR DB RAD) ","","10/23/2014 09:43","","Business Reg Check",""
"caa57564-b459-40b4-8dbf-d7c45aaaa198","6350614","63480597","Debit","13.75","10/20/2014 12:00","10/20/2014 10:31","Cleaners","Withdrawal  @ BAYVIEW CLEANERS & LAUNWEBSTER NYUS  Trace #429227002088","","10/22/2014 08:23","","Business Reg Check","Personal"
"a2800f73-1653-4d5c-901f-4606467015f4","6350614","63480594","Debit","129.95","10/20/2014 12:00","10/19/2014 09:34","WITHDRAWAL ACH A ROCH GAS ELEC ROCH GAS ELEC RG E PAYMT","Withdrawal-ACH-A-ROCH GAS & ELEC ROCH GAS & ELEC (RG&E PAYMT) ","","10/22/2014 08:23","","Business Reg Check","Utilities"
"b865c323-0fff-4c6f-a847-f18bbac1df52","6350614","63474593","Debit","136.0","10/14/2014 12:00","10/14/2014 11:00","WITHDRAWAL BOUCHARD FAMILY FARMS MEUS","Withdrawal  @ BOUCHARD FAMILY FARMS 207-834-3237 MEUS  Trace #428629700229","","10/19/2014 09:34","","Business Reg Check","Diningout"
"f7ba2a8a-5f9d-4111-962b-09575ba9931a","6350614","63474591","Debit","33.0","10/12/2014 12:00","10/12/2014 07:26","Cleaners","Withdrawal  @ BAYVIEW CLEANERS & LAUNWEBSTER NYUS  Trace #428421001217","","10/19/2014 09:34","","Business Reg Check","Personal"
"09648a1f-6cae-4e6a-aaba-5af671d657ea","6350614","63470589","Debit","5667.77","10/10/2014 12:00","10/11/2014 11:13","WITHDRAWAL ACH A COINBASEBTC COM WEBCOINBASE COM BTC","Withdrawal-ACH-A-COINBASEBTC.COM  WEBCOINBASE.COM/BTC (8003435845) ","","10/12/2014 07:26","","Business Reg Check",""
"98ac356b-d4b8-4d8b-b8c3-f0b02a0cee3c","6350614","63469588","Debit","3486.06","10/09/2014 12:00","10/10/2014 10:11","WITHDRAWAL ACH A COINBASEBTC COM WEBCOINBASE COM BTC","Withdrawal-ACH-A-COINBASEBTC.COM  WEBCOINBASE.COM/BTC (8003435845) ","","10/12/2014 07:26","","Business Reg Check",""
"2a9a1028-f6d1-4468-9828-e98edc332e23","6350614","63468587","Debit","54.38","10/08/2014 12:00","10/08/2014 09:56","WITHDRAWAL GPO HASLEMERE GB","Withdrawal  @ GPO 0570 666 020 HASLEMERE GB  Trace #428172030086","","10/11/2014 11:13","","Business Reg Check","Diningout"
"79d678c2-4de6-4377-acc1-ffbd367466de","6350614","63466585","Debit","99.0","10/06/2014 12:00","10/06/2014 09:45","WITHDRAWAL WORLD GYM WEBSTER WEBSTER NYUS","Withdrawal  @ WORLD GYM WEBSTER WEBSTER NYUS  Trace #427829630153","","10/08/2014 09:56","","Business Reg Check","Diningout"
"fc7bb973-4fdd-4fb5-8d8e-904c11eb4340","6350614","63463583","Debit","19.25","10/03/2014 12:00","10/03/2014 12:29","Cleaners","Withdrawal  @ BAYVIEW CLEANERS & LAUNWEBSTER NYUS  Trace #427522000215","","10/06/2014 09:45","","Business Reg Check","Personal"
"3567c7d3-d2a5-40b6-bb1b-ee6c95f261e6","6350614","63463581","Debit","1320.0","10/03/2014 12:00","10/03/2014 12:29","WITHDRAWAL ACH A M PRESERVE M PRESERVE CASH TRANS","Withdrawal-ACH-A-M - PRESERVE M - PRESERVE (CASH TRANS) ","","10/06/2014 09:45","","Business Reg Check","Utilities"
"9f26325a-d727-42af-9e2b-696baa72b5e3","6350614","63462579","Debit","59.48","10/02/2014 12:00","10/02/2014 16:02","Golden Rule Insurance Company","Withdrawal-ACH-A-GOLDEN RULE INS GOLDEN RULE INS (INS. PREM.) ","","10/06/2014 09:45","","Business Reg Check","Payment"
"efa9319c-b2da-48b7-9700-7b808ae0d544","6350614","63459575","Debit","4304.77","09/29/2014 12:00","09/30/2014 13:19","American Express Company","Withdrawal-ACH-A-AMEX EPAYMENT  AMEX EPayment (ACH PMT) ","","10/02/2014 16:02","","Business Reg Check","Payment"
"a1167f57-3205-4b81-b099-d9e38fa2de61","6350614","63452573","Debit","1500.0","09/22/2014 12:00","09/23/2014 11:32","WITHDRAWAL PERSONAL CREDIT UNION TRANSFER DTD TO ACCOUNT SHARE","Withdrawal  @ Personal Credit Union  Trace #5211130387 Transfer ""DTD"" 1,500.00 to account *****4611 share 3","","09/30/2014 13:19","","Business Reg Check",""
"e6484dec-7a88-439b-a93b-4ad1794bfcaf","6350614","63452571","Debit","1000.0","09/22/2014 12:00","09/23/2014 11:32","WITHDRAWAL ACH A BETTERMENT WEBBETTERMENT TRANSFER","Withdrawal-ACH-A-BETTERMENT WEBBETTERMENT (TRANSFER) ","","09/30/2014 13:19","","Business Reg Check",""
"66e177f5-a7c2-4109-b375-2a420e74f2b1","6350614","63450570","Debit","68.0","09/20/2014 12:00","09/20/2014 11:32","WITHDRAWAL BOUCHARD FAMILY FARMS MEUS","Withdrawal  @ BOUCHARD FAMILY FARMS 207-834-3237 MEUS  Trace #426228700229","","09/23/2014 11:32","","Business Reg Check","Diningout"
"5478ea19-06a8-42ef-80dd-7208686b8c04","6350614","63449568","Debit","2201.55","09/19/2014 12:00","09/19/2014 12:30","WITHDRAWAL ACH A COINBASEBTC COM WEBCOINBASE COM BTC","Withdrawal-ACH-A-COINBASEBTC.COM  WEBCOINBASE.COM/BTC (8003435845) ","","09/23/2014 11:32","","Business Reg Check",""
"89277a6e-5d55-44e8-a986-027f83f9c61d","6350614","63447567","Debit","108.51","09/17/2014 12:00","09/17/2014 18:12","WITHDRAWAL ACH A ROCH GAS ELEC ROCH GAS ELEC RG E PAYMT","Withdrawal-ACH-A-ROCH GAS & ELEC ROCH GAS & ELEC (RG&E PAYMT) ","","09/19/2014 12:30","","Business Reg Check","Utilities"
"a11105a1-508c-4df5-a3d3-6e52f9c833e5","6350614","63446565","Debit","2700.0","09/16/2014 12:00","09/17/2014 18:12","WITHDRAWAL TRANSFER STS TO ACCT","Withdrawal  Transfer 'STS' 2700.00 to acct: *****9688-3","","09/19/2014 12:30","","Business Reg Check",""
"db68da18-04cc-4231-8a1f-7bf54ee29699","6350614","63446563","Debit","600.0","09/16/2014 12:00","09/17/2014 18:12","WITHDRAWAL PERSONAL CREDIT UNION TRANSFER DTD TO ACCOUNT SHARE","Withdrawal  @ Personal Credit Union  Trace #4612444166 Transfer ""DTD"" 600.00 to account *****4611 share 3","","09/19/2014 12:30","","Business Reg Check",""
"174d6751-d74a-471f-b8d2-53ce8bf97ba4","6350614","63445561","Debit","3270.0","09/15/2014 12:00","09/16/2014 16:16","WITHDRAWAL PERSONAL CREDIT UNION TRANSFER DTD TO ACCOUNT SHARE","Withdrawal  @ Personal Credit Union  Trace #4517190891 Transfer ""DTD"" 3,270.00 to account *****4611 share 3","","09/17/2014 18:12","","Business Reg Check",""
"ff2cdea4-6de4-4318-844c-ba54234dd12c","6350614","63442560","Debit","24.75","09/12/2014 12:00","09/12/2014 09:35","Cleaners","Withdrawal  @ BAYVIEW CLEANERS & LAUNWEBSTER NYUS  Trace #425428001174","","09/16/2014 16:16","","Business Reg Check","Personal"
"7e7c8c64-e02a-4038-afe5-7f0881cfd874","6350614","63438557","Credit","17100.0","09/08/2014 12:00","09/09/2014 15:05","DEPOSIT","Deposit ","","09/12/2014 09:35","","Business Reg Check","Income"
"8d630f56-3a1f-4689-9ad5-0fd52dc61ac0","6350614","63436555","Debit","1000.0","09/06/2014 12:00","09/07/2014 09:47","WITHDRAWAL PERSONAL CREDIT UNION TRANSFER DTD TO ACCOUNT SHARE","Withdrawal  @ Personal Credit Union  Trace #3613135233 Transfer ""DTD"" 1,000.00 to account *****4611 share 3","","09/09/2014 15:05","","Business Reg Check",""
"1b33f0c8-2b7d-4130-8604-e4888b774d90","6350614","63433554","Debit","59.48","09/03/2014 12:00","09/03/2014 13:30","Golden Rule Insurance Company","Withdrawal-ACH-A-GOLDEN RULE INS GOLDEN RULE INS (INS. PREM.) ","","09/07/2014 09:47","","Business Reg Check","Payment"
"1b687f98-315e-420d-8475-329b61f6de73","6350614","63433553","Debit","1320.0","09/03/2014 12:00","09/03/2014 13:30","WITHDRAWAL ACH A M PRESERVE M PRESERVE CASH TRANS","Withdrawal-ACH-A-M - PRESERVE M - PRESERVE (CASH TRANS) ","","09/07/2014 09:47","","Business Reg Check","Utilities"
"e4109e3a-87da-4e6e-86c4-02faea8b5b17","6350614","63432551","Credit","13585.0","09/02/2014 12:00","09/03/2014 13:30","DEPOSIT","Deposit ","","09/07/2014 09:47","","Business Reg Check","Income"
"2781f886-89ec-41a7-ae96-6dc3eb2511a1","6350614","63432550","Debit","2913.6","09/02/2014 12:00","09/03/2014 13:30","American Express Company","Withdrawal-ACH-A-AMEX EPAYMENT  AMEX EPayment (ACH PMT) ","","09/07/2014 09:47","","Business Reg Check","Payment"
"58891d29-75f5-4122-a128-e93010abec42","6350614","63432548","Debit","27.5","08/31/2014 12:00","08/31/2014 11:00","Cleaners","Withdrawal  @ BAYVIEW CLEANERS & LAUNWEBSTER NYUS  Trace #424223003194","","09/07/2014 09:47","","Business Reg Check","Personal"
"99fa41a9-7fa7-4e82-a156-5022294b54d6","6350614","63428544","Debit","1000.0","08/29/2014 12:00","08/30/2014 11:22","WITHDRAWAL PERSONAL CREDIT UNION TRANSFER DTD TO ACCOUNT SHARE","Withdrawal  @ Personal Credit Union  Trace #2818454121 Transfer ""DTD"" 1,000.00 to account *****4611 share 3","","08/31/2014 11:00","","Business Reg Check",""
"cb6ec584-b32d-4443-955b-0fe63272ebc9","6350614","63426543","Debit","684.78","08/27/2014 12:00","08/27/2014 11:58","CHECK 1138","Check 1138","","08/30/2014 11:22","1138","Business Reg Check",""
"1cf67821-5dcd-417f-b819-a5f67a616e68","6350614","63419541","Debit","1000.0","08/20/2014 12:00","08/20/2014 12:40","WITHDRAWAL ACH A BETTERMENT WEBBETTERMENT TRANSFER","Withdrawal-ACH-A-BETTERMENT WEBBETTERMENT (TRANSFER) ","","08/27/2014 11:58","","Business Reg Check",""
"29528a78-86a9-48ce-8f2d-9cd0360de092","6350614","63419540","Debit","142.25","08/20/2014 12:00","08/20/2014 12:40","WITHDRAWAL ACH A ROCH GAS ELEC ROCH GAS ELEC RG E PAYMT","Withdrawal-ACH-A-ROCH GAS & ELEC ROCH GAS & ELEC (RG&E PAYMT) ","","08/27/2014 11:58","","Business Reg Check","Utilities"
"30c1316e-f1cf-4f4b-b2b6-00218fbd6b51","6350614","63417539","Debit","19.25","08/17/2014 12:00","08/17/2014 09:08","Cleaners","Withdrawal  @ BAYVIEW CLEANERS & LAUNWEBSTER NYUS  Trace #422820001624","","08/20/2014 12:40","","Business Reg Check","Personal"
"417889bd-99e7-4b32-a839-9f7e1c70dcfe","6350614","63414536","Credit","26.62","08/15/2014 12:00","08/16/2014 15:47","DEPOSIT ACH ADMOB INC ADMOB PUBLISHER PAYOUT","Deposit-ACH-18679 ADMOB INC (AUG 2014) ADMOB PUBLISHER PAYOUT JUNE 2014","","08/17/2014 09:08","","Business Reg Check","Income"
"700b8539-7994-4fb1-bb29-df52bfb314c6","6350614","63411534","Debit","342.39","08/12/2014 12:00","08/12/2014 12:47","CHECK 1137","Check 1137","","08/16/2014 15:47","1137","Business Reg Check",""
"41ec1d0f-2180-4df2-b2f7-c5f9a6c85473","6350614","63408533","Debit","85.0","08/09/2014 12:00","08/11/2014 17:43","WITHDRAWAL BOUCHARD FAMILY FARMS MEUS","Withdrawal  @ BOUCHARD FAMILY FARMS 207-834-3237 MEUS  Trace #422022700229","","08/12/2014 12:47","","Business Reg Check","Diningout"
"4d24b198-01f8-45a3-8d54-70d8975f0b27","6350614","63403531","Debit","59.48","08/04/2014 12:00","08/05/2014 10:46","Golden Rule Insurance Company","Withdrawal-ACH-A-GOLDEN RULE INS GOLDEN RULE INS (INS. PREM.) ","","08/11/2014 17:43","","Business Reg Check","Payment"
"de6d21e2-9151-45a0-8ac2-32b8692189dc","6350614","63403527","Debit","1320.0","08/04/2014 12:00","08/03/2014 07:39","WITHDRAWAL ACH A M PRESERVE M PRESERVE CASH TRANS","Withdrawal-ACH-A-M - PRESERVE M - PRESERVE (CASH TRANS) ","","08/11/2014 17:43","","Business Reg Check","Utilities"
"9065faf3-9fdd-40af-affd-9dacc4d0ad31","6350614","63403529","Debit","24.75","08/03/2014 12:00","08/03/2014 07:39","WITHDRAWAL BAYVIEW CLEANERS LAUNWEBSTER NYUS","Withdrawal  @ BAYVIEW CLEANERS & LAUNWEBSTER NYUS  Trace #421423000210","","08/11/2014 17:43","","Business Reg Check",""
"f7f3e2be-b49b-4796-8812-6347e0ff6234","6350614","63401526","Debit","31.72","08/02/2014 12:00","08/02/2014 10:39","WITHDRAWAL THE LOBSTER TRAP E ROCHESTER NYUS","Withdrawal  @ THE LOBSTER TRAP E ROCHESTER NYUS  Trace #421325980019","","08/03/2014 07:39","","Business Reg Check","Diningout"
"81e8ac9f-e147-42a8-b21f-94416515b2b0","6350614","63398523","Debit","4391.14","07/30/2014 12:00","07/30/2014 11:35","American Express Company","Withdrawal-ACH-A-AMEX EPAYMENT  AMEX EPayment (ACH PMT) ","","08/02/2014 10:39","","Business Reg Check","Payment"
"ff559ae9-12f4-42d1-a6f7-dc20dead1aea","6350614","63392522","Debit","22.0","07/24/2014 12:00","07/24/2014 16:19","Cleaners","Withdrawal  @ BAYVIEW CLEANERS & LAUNWEBSTER NYUS  Trace #420426001772","","07/30/2014 11:35","","Business Reg Check","Personal"
"4c6f6644-c09b-4399-b5a6-787ddfd62e60","6350614","63392520","Debit","36.0","07/24/2014 12:00","07/24/2014 16:19","WITHDRAWAL BOUCHARD FAMILY FARMS MEUS","Withdrawal  @ BOUCHARD FAMILY FARMS 207-834-3237 MEUS  Trace #420423700229","","07/30/2014 11:35","","Business Reg Check","Diningout"
"d1d13bba-b954-44a0-8000-dd7a5793232c","6350614","63390517","Debit","1000.0","07/22/2014 12:00","07/23/2014 08:26","WITHDRAWAL ACH A BETTERMENT WEBBETTERMENT TRANSFER","Withdrawal-ACH-A-BETTERMENT WEBBETTERMENT (TRANSFER) ","","07/24/2014 16:19","","Business Reg Check",""
"0c4e76c1-c90f-4e08-9950-901794119aee","6350614","63384516","Debit","143.3","07/16/2014 12:00","07/16/2014 09:29","WITHDRAWAL ACH A ROCH GAS ELEC ROCH GAS ELEC RG E PAYMT","Withdrawal-ACH-A-ROCH GAS & ELEC ROCH GAS & ELEC (RG&E PAYMT) ","","07/23/2014 08:26","","Business Reg Check","Utilities"
"32a6b184-b6ef-43e4-899f-889d7fd1e02e","6350614","63383515","Debit","10000.0","07/15/2014 12:00","07/16/2014 09:29","WITHDRAWAL ACH A BETTERMENT WEBBETTERMENT TRANSFER","Withdrawal-ACH-A-BETTERMENT WEBBETTERMENT (TRANSFER) ","","07/23/2014 08:26","","Business Reg Check",""
"bb12946c-ea09-4f72-81e2-3fc0bf679568","6350614","63379514","Debit","19.9","07/11/2014 12:00","07/11/2014 14:45","Cleaners","Withdrawal  @ BAYVIEW CLEANERS & LAUNWEBSTER NYUS  Trace #419127000685","","07/16/2014 09:29","","Business Reg Check","Personal"
"e72d7dad-c42f-4ea5-bd0d-db2b339b24e3","6350614","63378512","Debit","342.39","07/10/2014 12:00","07/10/2014 09:25","CHECK 1135","Check 1135","","07/16/2014 09:28","1135","Business Reg Check",""
"73025bac-4c5d-49a7-99f2-b93dce217c16","6350664","870944437","Debit","220.0","07/09/2014 00:00","07/11/2014 14:45","PayPal","Withdrawal-ACH-A-PAYPAL WEBPAYPAL (INST XFER)","","07/11/2014 14:46","","900033288 - STEPHEN KENNEDY MORRISON - Premium Checking","Personal"
"99cdc94b-7232-4952-bb26-bf95f5ee0ba7","6350614","63375510","Debit","12999.24","07/07/2014 12:00","07/08/2014 10:34","Internal Revenue Service","Withdrawal-ACH-A-IRS IRS (USATAXPYMT) ","","07/10/2014 09:25","","Business Reg Check","Payment"
"dcf6af10-83cc-4ece-b7f6-e426b640b040","6350614","63371509","Debit","31.79","07/04/2014 12:00","07/04/2014 11:39","GameStop Corporation","Withdrawal  @ GAMESTOP #6482 SILVER SPRINGMDUS  Trace #418426100161","","07/08/2014 10:34","","Business Reg Check","Entertainment"
"e8518081-4798-426c-9fb0-422930c98e9e","6350614","63371507","Debit","59.48","07/03/2014 12:00","07/03/2014 16:55","Golden Rule Insurance Company","Withdrawal-ACH-A-GOLDEN RULE INS GOLDEN RULE INS (INS. PREM.) ","","07/08/2014 10:34","","Business Reg Check","Payment"
"4bd05bc8-5bcd-428e-ba65-a66f2d5ce37e","6350614","63371506","Debit","1320.0","07/03/2014 12:00","07/03/2014 16:55","WITHDRAWAL ACH A M PRESERVE M PRESERVE CASH TRANS","Withdrawal-ACH-A-M - PRESERVE M - PRESERVE (CASH TRANS) ","","07/08/2014 10:34","","Business Reg Check","Utilities"
"ab2d6f83-1c47-44a3-bd72-145c1f315a17","6350614","63369505","Debit","151.5","07/01/2014 12:00","07/01/2014 19:54","WITHDRAWAL ACH A WATERWATCH WEBWATER WATCH CORP WATERWATCH","Withdrawal-ACH-A-WATERWATCH WEBWATER WATCH CORP (WATERWATCH) ","","07/03/2014 16:55","","Business Reg Check","Utilities"
"3bd54761-35d4-4b1b-80a0-da8a42b14872","6350613","63368501","Credit","0.53","06/30/2014 12:00","07/01/2014 19:54","DIVIDEND THROUGH DATE","Dividend Through date: 30JUN2014","","08/05/2015 09:29","","Base Share Savings","Income"
"3a13937e-fd62-489a-8685-71733f467e83","6350614","63368499","Credit","16150.0","06/30/2014 12:00","07/01/2014 19:54","DEPOSIT","Deposit ","","07/03/2014 16:55","","Business Reg Check","Income"
"6798b294-93e8-48fd-aca8-f1474ef9e1c7","6350614","63368498","Debit","5980.8","06/30/2014 12:00","07/01/2014 19:54","American Express Company","Withdrawal-ACH-A-AMEX EPAYMENT  AMEX EPayment (ACH PMT) ","","07/03/2014 16:55","","Business Reg Check","Payment"
"cba02a3c-3d74-44c9-bdff-1c931e73798b","6350664","868785018","Debit","24.95","06/30/2014 00:00","07/01/2014 19:53","PayPal","Withdrawal-ACH-A-ZHEN LIANG CHEN WEBYUVAL ZIV IAT-WEB (IAT PAYPAL)","","07/01/2014 19:58","","900033288 - STEPHEN KENNEDY MORRISON - Premium Checking","Personal"
"26bf9879-0fd5-4a73-b24c-61feb9e31c07","6350614","63366497","Debit","32.39","06/28/2014 12:00","06/28/2014 11:56","GameStop Corporation","Withdrawal  @ GAMESTOP #5287 WEBSTER NYUS  Trace #417922000187","","07/01/2014 19:54","","Business Reg Check","Entertainment"
"1884d329-f195-4630-8889-b11f82709803","6350614","63362493","Debit","262.0","06/25/2014 12:00","06/25/2014 08:19","WITHDRAWAL ATM RIDGE RD WEBSTER NYUS","Withdrawal  @ ATM96811 1055 RIDGE RD WEBSTER NYUS  Trace #417519774490","","06/28/2014 11:56","","Business Reg Check","Diningout"
"42d5db8b-8357-4050-a9a9-a51a37baf8a9","6350614","63362494","Credit","22325.0","06/24/2014 12:00","06/25/2014 08:19","DEPOSIT","Deposit ","","06/28/2014 11:56","","Business Reg Check","Income"
"83056473-b8ec-4d76-9290-5d5b9afbf908","6350614","63361492","Debit","33.0","06/23/2014 12:00","06/23/2014 14:36","Cleaners","Withdrawal  @ BAYVIEW CLEANERS AND LAWEBSTER NYUS  Trace #417322100653","","06/25/2014 08:19","","Business Reg Check","Personal"
"c642a92f-9567-48b1-8cca-e3ffbcfad7f0","6350664","867162340","Debit","187.5","06/23/2014 00:00","06/23/2014 14:35","PayPal","Withdrawal-ACH-A- MITRA HAMAN WEBMITRA HAMAN IAT-WEB (IAT PAYPAL)","","06/23/2014 14:36","","900033288 - STEPHEN KENNEDY MORRISON - Premium Checking","Personal"
"fa948cd6-e823-4ee4-b845-dabe30e773a3","6350614","63358489","Debit","1000.0","06/20/2014 12:00","06/20/2014 13:35","WITHDRAWAL ACH A BETTERMENT WEBBETTERMENT TRANSFER","Withdrawal-ACH-A-BETTERMENT WEBBETTERMENT (TRANSFER) ","","06/23/2014 14:36","","Business Reg Check",""
"973cf3ff-3788-4897-9b78-b5138c99f66d","6350614","63358487","Credit","1000.0","06/20/2014 12:00","06/20/2014 13:35","DEPOSIT PERSONAL CREDIT UNION TRANSFER DTD FROM ACCOUNT SHARE","Deposit  @ Personal Credit Union  Trace #5801054516 Transfer ""DTD"" 1,000.00 from account *****4611 share 3","","06/23/2014 14:36","","Business Reg Check",""
"2bc88bfa-abae-4615-8e80-25c405bc9a15","6350614","63357486","Debit","191.79","06/19/2014 12:00","06/19/2014 07:37","WITHDRAWAL ACH A ROCH GAS ELEC ROCH GAS ELEC RG E PAYMT","Withdrawal-ACH-A-ROCH GAS & ELEC ROCH GAS & ELEC (RG&E PAYMT) ","","06/23/2014 14:36","","Business Reg Check","Utilities"
"ab5eb125-7482-42ce-af0a-af823755ffda","6350614","63356484","Debit","1000.0","06/18/2014 12:00","06/18/2014 17:20","WITHDRAWAL PERSONAL CREDIT UNION TRANSFER DTD TO ACCOUNT SHARE","Withdrawal  @ Personal Credit Union  Trace #5606235127 Transfer ""DTD"" 1,000.00 to account *****4611 share 3","","06/20/2014 13:35","","Business Reg Check",""
"d6260d59-c875-44c5-92b3-467ba2aa4b71","6350614","63354483","Debit","11.0","06/16/2014 12:00","06/16/2014 12:08","Cleaners","Withdrawal  @ BAYVIEW CLEANERS AND LAWEBSTER NYUS  Trace #416629100651","","06/18/2014 17:20","","Business Reg Check","Personal"
"e13b61aa-c2cd-461f-ad4d-366099dd82de","6350614","63351480","Debit","300.0","06/13/2014 12:00","06/14/2014 00:46","WITHDRAWAL PERSONAL CREDIT UNION TRANSFER DTD TO ACCOUNT SHARE","Withdrawal  @ Personal Credit Union  Trace #5114491440 Transfer ""DTD"" 300.00 to account *****4611 share 3","","06/16/2014 12:08","","Business Reg Check",""
"7c169631-86e8-4072-8a5a-79245f32232d","6350664","865097928","Debit","92.63","06/12/2014 00:00","06/13/2014 00:45","Sallie Mae","Withdrawal-ACH-A-SLMA ED SERV PPD SLMA ED SERV PPD (STUDNTLOAN)","","06/13/2014 05:04","","900033288 - STEPHEN KENNEDY MORRISON - Premium Checking","Education"
"84ac80e2-d637-4417-ab91-4876ef902489","6350614","63341478","Debit","6473.04","06/03/2014 12:00","06/04/2014 14:38","WITHDRAWAL ACH A COINBASEBTC COM WEBCOINBASE COM BTC","Withdrawal-ACH-A-COINBASEBTC.COM  WEBCOINBASE.COM/BTC (8003435845) ","","06/14/2014 00:46","","Business Reg Check",""
"f50c55ea-dfe9-49b6-9389-cc7cb0033cfe","6350614","63341477","Debit","59.48","06/03/2014 12:00","06/04/2014 14:38","Golden Rule Insurance Company","Withdrawal-ACH-A-GOLDEN RULE INS GOLDEN RULE INS (INS. PREM.) ","","06/14/2014 00:46","","Business Reg Check","Payment"
"7977d4e8-fe36-477a-bd39-8a765873ab4c","6350614","63341476","Debit","1320.0","06/03/2014 12:00","06/03/2014 10:58","WITHDRAWAL ACH A M PRESERVE M PRESERVE CASH TRANS","Withdrawal-ACH-A-M - PRESERVE M - PRESERVE (CASH TRANS) ","","06/14/2014 00:46","","Business Reg Check","Utilities"
"51686c18-14a5-4ea8-ac58-11759227911e","6350614","63340474","Debit","3000.0","06/02/2014 12:00","06/02/2014 13:13","WITHDRAWAL TRANSFER STS TO ACCT","Withdrawal  Transfer 'STS' 3000.00 to acct: *****9688-3","","06/14/2014 00:46","","Business Reg Check",""
"9984370d-d2da-4b2f-9945-2068d937e8ff","6350614","63340473","Debit","11.0","06/02/2014 12:00","06/02/2014 13:13","Cleaners","Withdrawal  @ BAYVIEW CLEANERS AND LAWEBSTER NYUS  Trace #415222100638","","06/14/2014 00:46","","Business Reg Check","Personal"
"6837460f-9cb8-4dc7-9f95-d284b65adc62","6350614","63337470","Debit","4425.97","05/30/2014 12:00","05/31/2014 08:40","American Express Company","Withdrawal-ACH-A-AMEX EPAYMENT  AMEX EPayment (ACH PMT) ","","06/02/2014 13:13","","Business Reg Check","Payment"
"cb5663e7-3dd5-4088-b1b1-3539fe560120","6350614","63335469","Debit","2877.03","05/28/2014 12:00","05/29/2014 06:00","WITHDRAWAL ACH A COINBASEBTC COM WEBCOINBASE COM BTC","Withdrawal-ACH-A-COINBASEBTC.COM  WEBCOINBASE.COM/BTC (8003435845) ","","05/31/2014 08:40","","Business Reg Check",""
"928cfdbf-d711-43b7-a44b-6d1d8d0a666d","6350614","63334468","Debit","5000.0","05/27/2014 12:00","05/27/2014 13:58","WITHDRAWAL ACH A BETTERMENT WEBBETTERMENT TRANSFER","Withdrawal-ACH-A-BETTERMENT WEBBETTERMENT (TRANSFER) ","","05/31/2014 08:40","","Business Reg Check",""
"96d065ab-2154-42a8-bc15-1b9ce2baf443","6350614","63334467","Debit","10000.0","05/27/2014 12:00","05/27/2014 13:58","WITHDRAWAL ACH A BETTERMENT WEBBETTERMENT TRANSFER","Withdrawal-ACH-A-BETTERMENT WEBBETTERMENT (TRANSFER) ","","05/31/2014 08:40","","Business Reg Check",""
"71df3a99-3feb-4e73-9f79-e01694d2e5f0","6350614","63331466","Debit","11.65","05/25/2014 12:00","05/25/2014 19:42","Cleaners","Withdrawal  @ BAYVIEW CLEANERS AND LAWEBSTER NYUS  Trace #414428100697","","05/27/2014 13:58","","Business Reg Check","Personal"
"ea6a6fd8-2b63-4df3-aa41-81a5bd2cd733","6350614","63331463","Credit","7392.85","05/23/2014 12:00","05/24/2014 16:26","DEPOSIT @ PERSONAL CREDIT UNION TRANSFER ""STD""FROM SHARE 0","Deposit  @ Personal Credit Union  Trace #3023373685 Transfer ""STD"" 7,392.85 from share 0","","05/27/2014 13:58","","Business Reg Check","Income"
"4300be15-f432-4452-a99c-cbdca561e56d","6350613","63331461","Debit","7392.85","05/23/2014 12:00","05/24/2014 16:25","WITHDRAWAL @ PERSONAL CREDIT UNION TRANSFER ""STD""TO SHARE 3","Withdrawal  @ Personal Credit Union  Trace #3023373685 Transfer ""STD"" 7,392.85 to share 3","","07/01/2014 19:54","","Base Share Savings",""
"534ea03a-8a9b-4093-b5a5-1b70c781377b","6350614","63329460","Debit","22.0","05/23/2014 12:00","05/23/2014 10:15","Cleaners","Withdrawal  @ BAYVIEW CLEANERS AND LAWEBSTER NYUS  Trace #414220100448","","05/25/2014 19:42","","Business Reg Check","Personal"
"6f23bca7-09f3-4a3b-95b3-185c5490770e","6350664","859660948","Debit","22.0","05/21/2014 00:00","05/21/2014 22:53","Cleaners","Withdrawal @ BAYVIEW CLEANERS AND LAWEBSTER NYUS Trace #414029100553","","05/21/2014 22:53","","900033288 - STEPHEN KENNEDY MORRISON - Premium Checking","Personal"
"294eb088-b602-49f6-b8c7-c07c981e5164","6350614","63327458","Debit","5000.0","05/20/2014 12:00","05/21/2014 22:53","WITHDRAWAL ACH A BETTERMENT WEBBETTERMENT TRANSFER","Withdrawal-ACH-A-BETTERMENT WEBBETTERMENT (TRANSFER) ","","05/23/2014 10:15","","Business Reg Check",""
"a744ef4f-c7cb-4561-89fd-55d2a507aa12","6350614","63327457","Debit","684.78","05/20/2014 12:00","05/21/2014 22:53","CHECK 1134","Check 1134","","05/23/2014 10:15","1134","Business Reg Check",""
"4a404ff5-67b6-4c4e-9f60-c25517898251","6350614","63326456","Debit","5500.0","05/19/2014 12:00","05/20/2014 11:17","WITHDRAWAL ACH A BETTERMENT WEBBETTERMENT TRANSFER","Withdrawal-ACH-A-BETTERMENT WEBBETTERMENT (TRANSFER) ","","05/23/2014 10:15","","Business Reg Check",""
"ae0b9a74-823b-4fef-85e8-4c57e090da69","6350614","63326455","Debit","12999.24","05/19/2014 12:00","05/19/2014 14:14","Internal Revenue Service","Withdrawal-ACH-A-IRS IRS (USATAXPYMT) ","","05/23/2014 10:15","","Business Reg Check","Payment"
"089c484d-7878-479c-8811-cf72f1bf0b30","6350614","63323452","Debit","208.68","05/16/2014 12:00","05/16/2014 19:22","WITHDRAWAL ACH A ROCH GAS ELEC ROCH GAS ELEC RG E PAYMT","Withdrawal-ACH-A-ROCH GAS & ELEC ROCH GAS & ELEC (RG&E PAYMT) ","","05/19/2014 14:14","","Business Reg Check","Utilities"
"1482334f-70d7-49ac-953b-0e8c1db28a70","6350614","63321451","Credit","22.8","05/14/2014 12:00","05/15/2014 14:02","DEPOSIT ACH A ADMOB INC ADMOB PUBLISHER PAYOUT","Deposit-ACH-A-18679 ADMOB INC (MAY 2014) ADMOB PUBLISHER PAYOUT MARCH 2014","","05/16/2014 19:22","","Business Reg Check","Income"
"3190d012-8be7-489d-9a1e-77ab77865723","6350614","63321450","Debit","8.49","05/14/2014 12:00","05/14/2014 11:31","WITHDRAWAL VITAMIN AND CARD OUTLETWEBSTER NYUS","Withdrawal  @ VITAMIN AND CARD OUTLETWEBSTER NYUS  Trace #413329145600","","05/16/2014 19:22","","Business Reg Check","Diningout"
"36e6bf1d-e0df-4533-bdaf-f2ced04b732f","6350614","63319447","Credit","20615.0","05/12/2014 12:00","05/13/2014 18:46","DEPOSIT","Deposit ","","05/14/2014 11:31","","Business Reg Check","Income"
"86e2c2a7-1d77-42e1-9e3c-b25bfd1fe365","6350614","63319446","Debit","0.38","05/12/2014 12:00","05/12/2014 14:49","WITHDRAWAL ACH A BETTERMENT WEBBETTERMENT TRANSFER","Withdrawal-ACH-A-  BETTERMENT   WEBBETTERMENT (TRANSFER) ","","05/14/2014 11:31","","Business Reg Check",""
"0f5c81bc-6643-46e3-865d-3ae6c7cb92e8","6350614","63319445","Debit","0.84","05/12/2014 12:00","05/12/2014 14:49","WITHDRAWAL ACH A BETTERMENT WEBBETTERMENT TRANSFER","Withdrawal-ACH-A-  BETTERMENT   WEBBETTERMENT (TRANSFER) ","","05/14/2014 11:31","","Business Reg Check",""
"a34a2d14-dd4e-4cca-a86d-7b4d33d99283","6350614","63319443","Credit","1.22","05/12/2014 12:00","05/12/2014 14:49","DEPOSIT ACH BETTERMENT TRANSFER","Deposit-ACH-13517 BETTERMENT (TRANSFER) ","","05/14/2014 11:30","","Business Reg Check",""
"34e6886a-ea2e-4c75-b3d4-11e249b6dcc8","6350614","63319437","Debit","35.0","05/12/2014 12:00","05/12/2014 14:49","WITHDRAWAL ITEM ACH FEE S","Withdrawal (Item #ACH FEE(S)) ","","05/14/2014 11:30","","Business Reg Check",""
"22e2e240-f625-4432-b9d5-42f894dcb353","6350614","63319436","Debit","11.0","05/12/2014 12:00","05/12/2014 14:49","Cleaners","Withdrawal  @ BAYVIEW CLEANERS AND LAWEBSTER NYUS  Trace #413120100721","","05/14/2014 11:30","","Business Reg Check","Personal"
"ffb061ef-9ace-4456-b077-cd898cc54cf5","6350664","857353258","Debit","92.63","05/12/2014 00:00","05/12/2014 14:49","Sallie Mae","Withdrawal-ACH-A-SLMA ED SERV PPD SLMA ED SERV PPD (STUDNTLOAN)","","05/12/2014 14:49","","900033288 - STEPHEN KENNEDY MORRISON - Premium Checking","Education"
"b2876b00-e543-48e3-998e-b96d3c0a51e8","6350614","63316434","Debit","21.19","05/09/2014 12:00","05/09/2014 21:51","WITHDRAWAL VITAMIN AND CARD OUTLETWEBSTER NYUS","Withdrawal  @ VITAMIN AND CARD OUTLETWEBSTER NYUS  Trace #412822093600","","05/12/2014 14:49","","Business Reg Check","Diningout"
"42915196-bc2a-4022-9732-bcbc13242f4f","6350614","63312431","Credit","38570.0","05/05/2014 12:00","05/06/2014 18:02","DEPOSIT","Deposit ","","05/09/2014 21:51","","Business Reg Check","Income"
"e2f6c862-cb0e-4834-94b3-e85c93c05299","6350614","63312427","Debit","1320.0","05/05/2014 12:00","05/04/2014 14:20","WITHDRAWAL ACH A M PRESERVE M PRESERVE CASH TRANS","Withdrawal-ACH-A-M - PRESERVE M - PRESERVE (CASH TRANS) ","","05/09/2014 21:51","","Business Reg Check","Utilities"
"17c34bae-8ba3-4cad-a20f-512e08683628","6350614","63312429","Credit","600.0","05/04/2014 12:00","05/05/2014 10:29","DEPOSIT PERSONAL CREDIT UNION TRANSFER DTD FROM ACCOUNT SHARE","Deposit  @ Personal Credit Union  Trace #1123081981 Transfer ""DTD"" 600.00 from account *****4611 share 3","","05/09/2014 21:51","","Business Reg Check",""
"fc5cd46a-bc0d-4962-8242-8b8ac9ab4dc2","6350614","63310426","Debit","17.59","05/03/2014 12:00","05/03/2014 08:29","WITHDRAWAL VITAMIN AND CARD OUTLETWEBSTER NYUS","Withdrawal  @ VITAMIN AND CARD OUTLETWEBSTER NYUS  Trace #412229029400","","05/04/2014 14:20","","Business Reg Check","Diningout"
"c3189010-b2e9-45fe-bd05-9b7395a3ffed","6350614","63310425","Debit","70.5","05/03/2014 12:00","05/03/2014 08:29","WITHDRAWAL VITAMIN AND CARD OUTLETWEBSTER NYUS","Withdrawal  @ VITAMIN AND CARD OUTLETWEBSTER NYUS  Trace #412221029400","","05/04/2014 14:20","","Business Reg Check","Diningout"
"54dddcb0-7588-4b44-8c7e-a5ebaee4d106","6350614","63309417","Debit","53.76","05/02/2014 12:00","05/02/2014 18:36","Golden Rule Insurance Company","Withdrawal-ACH-A-GOLDEN RULE INS GOLDEN RULE INS (INS. PREM.) ","","05/04/2014 14:20","","Business Reg Check","Payment"
"22b4d6d9-e8f8-4e61-8ad5-dddf7966d381","6350614","63309421","Debit","4.95","05/01/2014 12:00","05/02/2014 18:36","WITHDRAWAL IDRIVE COM CAUS","Withdrawal  @ IDRIVE.COM 866-748-0555 CAUS  Trace #556013905142","","05/04/2014 14:20","","Business Reg Check","Diningout"
"e3a2173b-34d9-4fc3-a0f3-dcbfc0b090d4","6350614","63309420","Debit","45.95","04/30/2014 12:00","05/02/2014 18:36","Cleaners","Withdrawal  @ BAYVIEW CLEANERS AND L WEBSTER NYUS  Trace #100658793215","","05/04/2014 14:20","","Business Reg Check","Personal"
"b80e815a-0074-4323-91aa-50973d3d9c51","6350614","63306412","Debit","600.0","04/29/2014 12:00","04/30/2014 07:34","WITHDRAWAL PERSONAL CREDIT UNION TRANSFER DTD TO ACCOUNT SHARE","Withdrawal  @ Personal Credit Union  Trace #606461289 Transfer ""DTD"" 600.00 to account *****4611 share 3","","05/02/2014 18:36","","Business Reg Check",""
"0ca9514b-c7f4-44c6-9513-9eef6edb2d22","6350614","63306411","Debit","3454.51","04/29/2014 12:00","04/29/2014 08:27","American Express Company","Withdrawal-ACH-A-AMEX EPAYMENT  AMEX EPayment (ACH PMT) ","","05/02/2014 18:36","","Business Reg Check","Payment"
"94fbd968-60a3-4681-8f99-79625af71166","6350614","63308416","Debit","69.48","04/28/2014 12:00","05/02/2014 18:36","WITHDRAWAL VITAMIN AND CARD OUTLE WEBSTER NYUS","Withdrawal  @ VITAMIN AND CARD OUTLE WEBSTER NYUS  Trace #5900300085","","05/03/2014 08:29","","Business Reg Check","Diningout"
"d1eec59f-1898-487e-94d6-f1a53bcb08f4","6350614","63298410","Debit","33.49","04/18/2014 12:00","04/21/2014 18:34","WITHDRAWAL VITAMIN AND CARD OUTLE WEBSTER NYUS","Withdrawal  @ VITAMIN AND CARD OUTLE WEBSTER NYUS  Trace #897203890016","","04/29/2014 08:27","","Business Reg Check","Diningout"
"3e609c71-1dc5-4ab2-8ddd-e31e29a07199","6350614","63295406","Debit","184.55","04/18/2014 12:00","04/18/2014 15:49","WITHDRAWAL ACH A ROCH GAS ELEC ROCH GAS ELEC RG E PAYMT","Withdrawal-ACH-A-ROCH GAS & ELEC ROCH GAS & ELEC (RG&E PAYMT) ","","04/29/2014 08:27","","Business Reg Check",""
"5e4eca6a-6283-4cd5-a993-5c600340c7b3","6350614","63295408","Debit","44.0","04/16/2014 12:00","04/18/2014 15:49","Cleaners","Withdrawal  @ BAYVIEW CLEANERS AND L WEBSTER NYUS  Trace #100594980627","","04/29/2014 08:27","","Business Reg Check","Personal"
"a60bdbc6-9c30-4901-8b5c-69dc30e1c9fc","6350664","850359085","Debit","92.63","04/14/2014 00:00","04/15/2014 09:49","Sallie Mae","Withdrawal-ACH-A-SLMA ED SERV PPD SLMA ED SERV PPD (STUDNTLOAN)","","04/15/2014 09:58","","900033288 - STEPHEN KENNEDY MORRISON - Premium Checking","Education"
"215b1d20-05bf-4d4c-91ac-2cecd0d5e48a","6350614","63291405","Debit","202.25","04/13/2014 12:00","04/13/2014 13:52","WITHDRAWAL SOUTH AVENUE ROCHESTER NYUS","Withdrawal  @ 683 SOUTH AVENUE ROCHESTER NYUS  Trace #16077","","04/18/2014 15:49","","Business Reg Check",""
"9a1abc29-12a2-42bc-964a-cb3760525e6b","6350614","63286404","Debit","61.14","04/07/2014 12:00","04/10/2014 12:22","WITHDRAWAL VITAMIN AND CARD OUTLE WEBSTER NYUS","Withdrawal  @ VITAMIN AND CARD OUTLE WEBSTER NYUS  Trace #779006199447","","04/13/2014 13:52","","Business Reg Check","Diningout"
"46fb1fca-26de-4371-968d-a5881d8d4d4d","6350614","63280401","Debit","1320.0","04/03/2014 12:00","04/03/2014 16:56","WITHDRAWAL ACH A M PRESERVE M PRESERVE CASH TRANS","Withdrawal-ACH-A-M - PRESERVE M - PRESERVE (CASH TRANS) ","","04/10/2014 12:22","","Business Reg Check","Utilities"
"498c4790-f909-4df4-8796-3bfd894c8426","6350614","63279396","Debit","53.76","04/02/2014 12:00","04/02/2014 15:57","WITHDRAWAL ACH A GOLDEN RULE INS GOLDEN RULE INS INS PREM","Withdrawal-ACH-A-GOLDEN RULE INS GOLDEN RULE INS (INS. PREM.) ","","04/10/2014 12:22","","Business Reg Check",""
"8027ca02-2729-4c39-af53-3e4f90ee8d84","6350664","847580047","Debit","15.0","04/02/2014 00:00","04/02/2014 15:57","PayPal","Withdrawal-ACH-A-INKMETRO WEBSEARCHTECH LIMITED IAT-WEB (IAT PAYPAL)","","04/02/2014 16:12","","900033288 - STEPHEN KENNEDY MORRISON - Premium Checking","Personal"
"a91c5a10-6b61-4c95-99b6-73e12aebfb6a","6350614","63279399","Debit","4.95","04/01/2014 12:00","04/02/2014 15:57","WITHDRAWAL IDRIVE COM CAUS","Withdrawal  @ IDRIVE.COM 866-748-0555 CAUS  Trace #556010205161","","04/10/2014 12:22","","Business Reg Check",""
"f32c58f7-e18a-4c1b-94a5-f23eefa86c55","6350614","63279400","Debit","40.7","03/31/2014 12:00","04/02/2014 15:57","WITHDRAWAL BAYVIEW CLEANERS AND L WEBSTER NYUS","Withdrawal  @ BAYVIEW CLEANERS AND L WEBSTER NYUS  Trace #100622636850","","04/10/2014 12:22","","Business Reg Check",""
"14967098-3427-4f6f-8d7d-a16bdb35876c","6350613","63277392","Credit","1.67","03/31/2014 12:00","04/01/2014 09:19","DIVIDEND THROUGH DATE","Dividend Through date: 31MAR2014","","05/24/2014 16:25","","Base Share Savings",""
"9de77ba6-8107-41cd-8ff9-4f765bf01d39","6350614","63277391","Debit","3099.25","03/31/2014 12:00","03/31/2014 15:57","WITHDRAWAL ACH A AMEX EPAYMENT AMEX EPAYMENT ACH PMT","Withdrawal-ACH-A-AMEX EPAYMENT  AMEX EPayment (ACH PMT) ","","04/02/2014 15:57","","Business Reg Check",""
"f7c6262b-f27b-433c-888c-a0a26e4f3214","6350614","63272389","Debit","16.9","03/24/2014 12:00","03/26/2014 17:42","WITHDRAWAL VITAMIN AND CARD OUTLE WEBSTER NYUS","Withdrawal  @ VITAMIN AND CARD OUTLE WEBSTER NYUS  Trace #629602102335","","03/31/2014 15:57","","Business Reg Check","Diningout"
"bd9063d2-ccb0-4e7b-8c07-59bb6d132f74","6350614","63270383","Debit","684.78","03/24/2014 12:00","03/23/2014 16:36","CHECK 1133","Check 1133","","03/31/2014 15:57","1133","Business Reg Check",""
"c753f201-6f4b-4396-8249-61a8e155f697","6350614","63271387","Debit","11.0","03/23/2014 12:00","03/26/2014 17:42","Cleaners","Withdrawal  @ BAYVIEW CLEANERS AND L WEBSTER NYUS  Trace #100521371625","","03/31/2014 15:57","","Business Reg Check","Personal"
"29924304-b0ad-4ca3-832b-4dd2dffbda0f","6350614","63265382","Debit","231.59","03/19/2014 12:00","03/19/2014 15:33","WITHDRAWAL ACH A ROCH GAS ELEC ROCH GAS ELEC RG E PAYMT","Withdrawal-ACH-A-ROCH GAS & ELEC ROCH GAS & ELEC (RG&E PAYMT) ","","03/23/2014 16:36","","Business Reg Check","Utilities"
"8f996976-7d94-4288-9072-dda7b18fdaac","6350664","842511156","Debit","92.63","03/12/2014 00:00","03/13/2014 07:34","Sallie Mae","Withdrawal-ACH-A-SLMA ED SERV PPD SLMA ED SERV PPD (STUDNTLOAN)","","03/13/2014 07:35","","900033288 - STEPHEN KENNEDY MORRISON - Premium Checking","Education"
"fd6cab33-c5fa-405a-a9dd-808f85944e15","6350614","63258381","Debit","33.0","03/10/2014 12:00","03/13/2014 07:34","Cleaners","Withdrawal  @ BAYVIEW CLEANERS AND L WEBSTER NYUS  Trace #100542345793","","03/19/2014 15:33","","Business Reg Check","Personal"
"adaa1ebb-1b5a-46e2-8e38-efae27f2313b","6350614","63251378","Credit","600.0","03/05/2014 12:00","03/06/2014 17:04","DEPOSIT PERSONAL CREDIT UNION TRANSFER DTD FROM ACCOUNT SHARE","Deposit  @ Personal Credit Union  Trace #5109274476 Transfer ""DTD"" 600.00 from account *****4611 share 3","","03/13/2014 07:34","","Business Reg Check",""
"f20f5a84-d64e-4d4a-90c3-bc90cee32564","6350614","63250376","Debit","53.76","03/04/2014 12:00","03/05/2014 10:31","Golden Rule Insurance Company","Withdrawal-ACH-A-GOLDEN RULE INS GOLDEN RULE INS (INS. PREM.) ","","03/13/2014 07:34","","Business Reg Check","Payment"
"4fcbdb99-89c9-4f90-9442-681831fb6def","6350614","63249371","Debit","1320.0","03/03/2014 12:00","03/02/2014 13:28","WITHDRAWAL ACH A M PRESERVE M PRESERVE CASH TRANS","Withdrawal-ACH-A-M - PRESERVE M - PRESERVE (CASH TRANS) ","","03/06/2014 17:04","","Business Reg Check","Utilities"
"e82b23eb-b9a9-4c3b-8726-9161f8faaf6c","6350664","840231977","Debit","15.0","03/03/2014 00:00","03/04/2014 11:33","PayPal","Withdrawal-ACH-A-ACH WEBSEARCHTECH LIMITED IAT-WEB (IAT PAYPAL)","","03/04/2014 11:33","","900033288 - STEPHEN KENNEDY MORRISON - Premium Checking","Personal"
"0b085dec-a2d9-47a7-a0c2-874a90bfc340","6350614","63249372","Debit","600.0","03/02/2014 12:00","03/03/2014 09:22","WITHDRAWAL PERSONAL CREDIT UNION TRANSFER DTD TO ACCOUNT SHARE","Withdrawal  @ Personal Credit Union  Trace #4818142197 Transfer ""DTD"" 600.00 to account *****4611 share 3","","03/06/2014 17:04","","Business Reg Check",""
"ed58e268-e18b-47eb-becf-48a2496b7445","6350614","63249375","Debit","4.95","03/01/2014 12:00","03/04/2014 11:33","WITHDRAWAL IDRIVE COM CAUS","Withdrawal  @ IDRIVE.COM 866-748-0555 CAUS  Trace #556015400905","","03/06/2014 17:04","","Business Reg Check","Diningout"
"abe64a88-ba32-4e11-8a28-2205798b35af","6350614","63245369","Debit","3161.91","02/27/2014 12:00","02/27/2014 16:20","American Express Company","Withdrawal-ACH-A-AMEX EPAYMENT  AMEX EPayment (ACH PMT) ","","03/02/2014 13:28","","Business Reg Check","Payment"
"b113ae58-6446-417e-9656-44e7de22114c","6350614","63244368","Debit","2723.31","02/26/2014 12:00","02/26/2014 15:15","WITHDRAWAL ACH A COINBASEBTC COM WEBCOINBASE COM BTC","Withdrawal-ACH-A-COINBASEBTC.COM  WEBCOINBASE.COM/BTC (8003435845) ","","03/02/2014 13:28","","Business Reg Check",""
"a7cb199c-638d-47ee-bb21-9611e09b2854","6350614","63243367","Debit","300.0","02/25/2014 12:00","02/26/2014 15:15","CHECK 1132","Check 1132","","02/27/2014 16:20","1132","Business Reg Check",""
"5adcbb32-9ced-4190-ad09-11c8b618f8ff","6350614","63243366","Debit","1266.29","02/25/2014 12:00","02/26/2014 15:15","WITHDRAWAL ACH A COINBASEBTC COM WEBCOINBASE COM BTC","Withdrawal-ACH-A-COINBASEBTC.COM  WEBCOINBASE.COM/BTC (8003435845) ","","02/27/2014 16:20","","Business Reg Check",""
"b0a605d0-e3c3-461a-bc10-254ac33a628c","6350614","63243365","Debit","1902.6","02/25/2014 12:00","02/26/2014 15:15","WITHDRAWAL ACH A COINBASEBTC COM WEBCOINBASE COM BTC","Withdrawal-ACH-A-COINBASEBTC.COM  WEBCOINBASE.COM/BTC (8003435845) ","","02/27/2014 16:20","","Business Reg Check",""
"72c7f923-f3c8-45c5-bbf6-da38d2415ec9","6350614","63237364","Debit","207.63","02/19/2014 12:00","02/19/2014 21:10","WITHDRAWAL ACH A ROCH GAS ELEC ROCH GAS ELEC RG E PAYMT","Withdrawal-ACH-A-ROCH GAS & ELEC ROCH GAS & ELEC (RG&E PAYMT) ","","02/26/2014 15:15","","Business Reg Check","Utilities"
"956a9e52-4966-4f38-96cc-5160ba8f4db0","6350614","63236363","Debit","35.75","02/15/2014 12:00","02/18/2014 08:30","Cleaners","Withdrawal  @ BAYVIEW CLEANERS AND L WEBSTER NYUS  Trace #100696199137","","02/26/2014 15:15","","Business Reg Check","Personal"
"366edda9-96e6-4df5-b562-3549707a122c","6350614","63232361","Credit","26.07","02/14/2014 12:00","02/15/2014 15:27","DEPOSIT ACH A ADMOB INC ADMOB PUBLISHER PAYOUT","Deposit-ACH-A-18679 ADMOB INC (FEB 2014) ADMOB PUBLISHER PAYOUT DECEMBER 2013","","02/19/2014 21:10","","Business Reg Check",""
"927cb40d-64a9-4c40-ab58-c1a5b489a14f","6350664","835597537","Debit","92.63","02/12/2014 00:00","02/13/2014 11:59","WITHDRAWAL ACH A SLMA ED SERV PPD SLMA ED SERV PPD STUDNTLOAN","Withdrawal-ACH-A-SLMA ED SERV PPD SLMA ED SERV PPD (STUDNTLOAN)","","02/13/2014 11:59","","900033288 - STEPHEN KENNEDY MORRISON - Premium Checking",""
"a7c60272-240c-4f8a-bef0-3fb7d8606302","6350614","63228358","Debit","7292.75","02/10/2014 12:00","02/11/2014 09:46","WITHDRAWAL ACH A COINBASEBTC COM WEBCOINBASE COM BTC","Withdrawal-ACH-A-COINBASEBTC.COM  WEBCOINBASE.COM/BTC (8003435845) ","","02/15/2014 15:27","","Business Reg Check",""
"b2119bc7-03a3-434a-ba86-5687c0e3d828","6350614","63228357","Debit","3563.43","02/10/2014 12:00","02/11/2014 09:46","WITHDRAWAL ACH A COINBASEBTC COM WEBCOINBASE COM BTC","Withdrawal-ACH-A-COINBASEBTC.COM  WEBCOINBASE.COM/BTC (8003435845) ","","02/15/2014 15:27","","Business Reg Check",""
"066ea9ac-d487-4621-a313-7baa7f3dbd4c","6350664","835064375","Debit","113.5","02/10/2014 00:00","02/11/2014 09:45","PayPal","Withdrawal-ACH-A-PAYPAL WEBPAYPAL (INST XFER)","","02/11/2014 09:45","","900033288 - STEPHEN KENNEDY MORRISON - Premium Checking","Personal"
"f5528216-5f1b-4e45-89e9-c1405505b640","6350614","63229360","Debit","13.75","02/09/2014 12:00","02/12/2014 17:19","Cleaners","Withdrawal  @ BAYVIEW CLEANERS AND L WEBSTER NYUS  Trace #100492828323","","02/15/2014 15:27","","Business Reg Check","Personal"
"c272a8ce-0902-4be4-a0a6-dece12e09e37","6350614","63225355","Credit","25000.0","02/07/2014 12:00","02/07/2014 15:04","DEPOSIT @ PERSONAL CREDIT UNION TRANSFER ""STD""FROM SHARE 0","Deposit  @ Personal Credit Union  Trace #2506183683 Transfer ""STD"" 25,000.00 from share 0","","02/11/2014 09:46","","Business Reg Check",""
"39593a8a-9282-4057-bca2-ac3e6edcbc5d","6350613","63225353","Debit","25000.0","02/07/2014 12:00","02/07/2014 15:03","WITHDRAWAL @ PERSONAL CREDIT UNION TRANSFER ""STD""TO SHARE 3","Withdrawal  @ Personal Credit Union  Trace #2506183683 Transfer ""STD"" 25,000.00 to share 3","","04/01/2014 09:19","","Base Share Savings",""
"2f1be867-a9be-4dbf-8eb9-496a6527be58","6350614","63224352","Debit","53.76","02/06/2014 12:00","02/06/2014 13:55","WITHDRAWAL ACH A GOLDEN RULE INS GOLDEN RULE INS INS PREM","Withdrawal-ACH-A-GOLDEN RULE INS GOLDEN RULE INS (INS. PREM.) ","","02/11/2014 09:46","","Business Reg Check","Utilities"
"dadca637-cf73-41f3-9f3a-9e14d467e6c1","6350614","63221347","Debit","1320.0","02/03/2014 12:00","02/03/2014 13:28","WITHDRAWAL ACH A M PRESERVE M PRESERVE CASH TRANS","Withdrawal-ACH-A-M - PRESERVE M - PRESERVE (CASH TRANS) ","","02/06/2014 13:55","","Business Reg Check","Utilities"
"a58b03ad-c886-492f-9c9b-b62a98fb624d","6350664","833280200","Debit","15.0","02/03/2014 00:00","02/04/2014 10:31","PayPal","Withdrawal-ACH-A-CHICKEN SMOOTHIE WEBSEARCHTECH LIMITED IAT-WEB (IAT PAYPAL)","","02/04/2014 10:38","","900033288 - STEPHEN KENNEDY MORRISON - Premium Checking","Personal"
"e57d87c2-7c73-4b7b-a92e-3404f404e603","6350614","63221349","Debit","4.95","02/01/2014 12:00","02/04/2014 10:32","WITHDRAWAL IDRIVE COM CAUS","Withdrawal  @ IDRIVE.COM 866-748-0555 CAUS  Trace #556011105073","","02/06/2014 13:55","","Business Reg Check","Diningout"
"b3149e91-f2ef-48ca-9cec-15297d7be299","6350614","63217345","Debit","6565.8","01/30/2014 12:00","01/31/2014 10:33","American Express Company","Withdrawal-ACH-A-AMEX EPAYMENT  AMEX EPayment (ACH PMT) ","","02/03/2014 13:28","","Business Reg Check","Payment"
"6901a12a-e836-4f8e-bd59-0e46d29d962d","6350614","63214343","Credit","5795.0","01/27/2014 12:00","01/28/2014 15:18","DEPOSIT","Deposit ","","01/31/2014 10:33","","Business Reg Check","Income"
"91620fff-cf5c-41b3-8586-d0ef1e84e9b2","6350614","63214342","Debit","33.0","01/25/2014 12:00","01/27/2014 17:11","Cleaners","Withdrawal  @ BAYVIEW CLEANERS AND L WEBSTER NYUS  Trace #100663714434","","01/31/2014 10:33","","Business Reg Check","Personal"
"7464fba8-6710-4b0e-9841-ff90e5ef43d6","6350614","63210339","Credit","9690.0","01/23/2014 12:00","01/24/2014 13:44","DEPOSIT","Deposit ","","01/27/2014 17:11","","Business Reg Check","Income"
"7c2aa804-94c8-4819-bffc-bd4f1cffbb4f","6350614","63208338","Debit","112.5","01/18/2014 12:00","01/21/2014 14:12","WITHDRAWAL WATERWATCH ROCHESTER NYUS","Withdrawal  @ WATERWATCH ROCHESTER NYUS  Trace #124005455013","","01/24/2014 13:44","","Business Reg Check","Diningout"
"eb325ec8-01bd-42ee-8b55-b9531f9fa152","6350614","63208337","Debit","8.25","01/17/2014 12:00","01/21/2014 14:12","WITHDRAWAL BAYVIEW CLEANERS AND L WEBSTER NYUS","Withdrawal  @ BAYVIEW CLEANERS AND L WEBSTER NYUS  Trace #100660412776","","01/24/2014 13:44","","Business Reg Check",""
"c55f8a7f-838f-448f-b1a6-e3e2c859d1a3","6350614","63203334","Debit","350.0","01/16/2014 12:00","01/16/2014 16:46","CHECK 1131","Check 1131","","01/21/2014 14:12","1131","Business Reg Check",""
"a03b7a81-c2e4-4e4b-8629-f80f08380177","6350614","63203333","Debit","180.64","01/16/2014 12:00","01/16/2014 16:46","WITHDRAWAL ACH A ROCH GAS ELEC ROCH GAS ELEC RG E PAYMT","Withdrawal-ACH-A-ROCH GAS & ELEC ROCH GAS & ELEC (RG&E PAYMT) ","","01/21/2014 14:12","","Business Reg Check","Utilities"
"f6f8b43e-3626-4ea1-9da5-144d175a964f","6350614","63202332","Debit","2641.32","01/15/2014 12:00","01/16/2014 16:46","CHECK 1130","Check 1130","","01/21/2014 14:12","1130","Business Reg Check",""
"6a49b30b-f139-43fd-8cd4-59674fa90616","6350613","63200330","Credit","31065.0","01/13/2014 12:00","01/14/2014 14:02","DEPOSIT","Deposit ","","02/07/2014 15:03","","Base Share Savings","Income"
"a410d1ac-1194-4914-8342-f9a8aead1597","6350664","827932984","Debit","92.63","01/13/2014 00:00","01/13/2014 15:01","WITHDRAWAL ACH A SLMA ED SERV PPD SLMA ED SERV PPD STUDNTLOAN","Withdrawal-ACH-A-SLMA ED SERV PPD SLMA ED SERV PPD (STUDNTLOAN)","","01/13/2014 15:01","","900033288 - STEPHEN KENNEDY MORRISON - Premium Checking",""
"93ac5292-4f4b-42cb-b359-2582c36acb74","6350614","63194329","Debit","3361.35","01/07/2014 12:00","01/08/2014 14:25","CHECK 1129","Check 1129","","01/16/2014 16:46","1129","Business Reg Check",""
"e4895004-936f-4322-9d00-b310c187a45c","6350614","63194328","Debit","8758.06","01/07/2014 12:00","01/07/2014 17:01","WITHDRAWAL ACH A COINBASEBTC COM WEBCOINBASE COM BTC","Withdrawal-ACH-A-COINBASEBTC.COM  WEBCOINBASE.COM/BTC (8003435845) ","","01/16/2014 16:46","","Business Reg Check",""
"aac8f8a5-a603-4964-9e8a-081ef6e0443d","6350614","63193326","Debit","53.76","01/06/2014 12:00","01/07/2014 17:01","WITHDRAWAL ACH A GOLDEN RULE INS GOLDEN RULE INS INS PREM","Withdrawal-ACH-A-GOLDEN RULE INS GOLDEN RULE INS (INS. PREM.) ","","01/16/2014 16:46","","Business Reg Check","Utilities"
"e62c647c-9d48-4aa2-ac9d-f8776369500b","6350614","63190325","Debit","1059.19","01/03/2014 12:00","01/04/2014 14:36","CHECK 1127","Check 1127","","01/07/2014 17:01","1127","Business Reg Check",""
"491a8ebb-86bc-45fc-9d8d-82d853d041a8","6350614","63190324","Debit","1320.0","01/03/2014 12:00","01/03/2014 11:38","WITHDRAWAL ACH A M PRESERVE M PRESERVE CASH TRANS","Withdrawal-ACH-A-M - PRESERVE M - PRESERVE (CASH TRANS) ","","01/07/2014 17:01","","Business Reg Check","Utilities"
"bce6fd0f-4ef7-43b4-855a-48d33e5af582","6350614","63189323","Debit","1433.61","01/02/2014 12:00","01/03/2014 11:37","CHECK 1128","Check 1128","","01/07/2014 17:01","1128","Business Reg Check",""
"8b70d8dd-dd72-49a5-ab59-9353891dbe29","6350614","63189320","Debit","12999.24","01/02/2014 12:00","01/03/2014 11:37","WITHDRAWAL ACH A IRS IRS USATAXPYMT","Withdrawal-ACH-A-IRS IRS (USATAXPYMT) ","","01/07/2014 17:01","","Business Reg Check","Utilities"
"e092d406-9fd8-44e7-97e3-8c8817880908","6350664","825441968","Debit","15.0","01/02/2014 00:00","01/03/2014 11:37","PayPal","Withdrawal-ACH-A-SEBASTIEN LETAILLEUR WEBSEARCHTECH LIMITED IAT-WEB (IAT PAYPAL)","","01/03/2014 11:37","","900033288 - STEPHEN KENNEDY MORRISON - Premium Checking","Personal"
"77540141-7ec7-49e1-8244-dff7b3746baa","6350614","63189322","Debit","4.95","01/01/2014 12:00","01/03/2014 11:37","WITHDRAWAL IDRIVE COM CAUS","Withdrawal  @ IDRIVE.COM 866-748-0555 CAUS  Trace #556016605587","","01/07/2014 17:01","","Business Reg Check","Diningout"
