[
	{
		"contents": {
			"name": "listsubdirtest",
			"fileFileList": "G:\\Dropbox\\projects\\crypto\\mp\\RCExt\\data\\filelists\\http___localhost_6024_.txt",
			"listDlManifest": "G:\\Dropbox\\projects\\crypto\\ritv/imdb_movie_scraper/IMDB_App_Output/dlListsWrapC/List ls Ids_ls05139_11.json",
			"props": {
				"txtUpdateStatus": "finished making manifest",
				"radioSearchType": "1off",
				"searchType_1_off_span": "1 OffGet MagCreate DM",
				"txtOneOffQuery": "sia mp3 single",
				"txtQueryResultInfo": "Sia - Chandelier (Piano Version) 2014 - Single [Mp3 @ 320 Kbps]",
				"searchType_listLsIds_span": "List ls IdsGet Lists & Create DM 2List tt IdsCreate DM 3IMDB SearchMoviesTVPopularityViewsCreate DM 4",
				"txtListIds": "ls051393312",
				"txtTTIds": "tt0068646, tt0108052, tt0108757",
				"dl config": "MoviesTVPopularityViews",
				"ddContentType": "MoviesTV",
				"ddSortType": "PopularityViews",
				"ddSearchYearStart": "2017",
				"ddSearchYearEnd": "2017",
				"ddHowMany": "5"
			}
		},
		"name": "listsubdirtest"
	},
	{
		"contents": {
			"name": "listtest",
			"fileFileList": "g:\\Dropbox\\projects\\crypto\\mp\\RCExt\\data\\filelists\\http___127.0.0.1_6014_.txt",
			"listDlManifest": "G:\\Dropbox\\projects\\crypto\\ritv/imdb_movie_scraper/IMDB_App_Output/dlListsWrapC/List ls Ids_ls05139_11.json",
			"props": {
				"txtUpdateStatus": "finished making manifest",
				"radioSearchType": "1off",
				"searchType_1_off_span": "1 OffGet MagCreate DM",
				"txtOneOffQuery": "sia mp3 single",
				"txtQueryResultInfo": "Sia - Chandelier (Piano Version) 2014 - Single [Mp3 @ 320 Kbps]",
				"searchType_listLsIds_span": "List ls IdsGet Lists & Create DM 2List tt IdsCreate DM 3IMDB SearchMoviesTVPopularityViewsCreate DM 4",
				"txtListIds": "ls051393312",
				"txtTTIds": "tt0068646, tt0108052, tt0108757",
				"dl config": "MoviesTVPopularityViews",
				"ddContentType": "MoviesTV",
				"ddSortType": "PopularityViews",
				"ddSearchYearStart": "2017",
				"ddSearchYearEnd": "2017",
				"ddHowMany": "5"
			}
		},
		"name": "listtest"
	},
	{
		"contents": {
			"name": "sia remote test",
			"fileFileList": "G:\\Dropbox\\projects\\crypto\\mp\\RCExt\\data\\filelists\\http___192.168.1.160_6024_.txt",
			"listDlManifest": "G:\\Dropbox\\projects\\crypto\\mp\\RCExt\\manifests\\1off_sia mp3 single.json",
			"props": {
				"txtUpdateStatus": "",
				"radioSearchType": "1off",
				"searchType_1_off_span": "1 OffGet MagCreate DMSia - Chandelier (Piano Version) 2014 - Single [Mp3 @ 320 Kbps]",
				"txtOneOffQuery": "sia mp3 single",
				"txtQueryResultInfo": "Sia - Chandelier (Piano Version) 2014 - Single [Mp3 @ 320 Kbps]",
				"searchType_listLsIds_span": "List ls IdsGet Lists & Create DM 2List tt IdsCreate DM 3IMDB SearchMoviesTVPopularityViewsCreate DM 4",
				"txtListIds": "ls051393312",
				"txtTTIds": "tt0068646, tt0108052, tt0108757",
				"dl config": "MoviesTVPopularityViews",
				"ddContentType": "MoviesTV",
				"ddSortType": "PopularityViews",
				"ddSearchYearStart": "2017",
				"ddSearchYearEnd": "2017",
				"ddHowMany": "5"
			}
		},
		"name": "sia remote test"
	},
	{
		"contents": {
			"name": "mov 2017 test",
			"fileFileList": "g:\\Dropbox\\projects\\crypto\\mp\\RCExt\\data\\filelists\\http___localhost_6014_.txt",
			"listDlManifest": "G:\\Dropbox\\projects\\crypto\\ritv/imdb_movie_scraper/IMDB_App_Output/mags/imdb_movies_Popularity_2017_2017_5.json",
			"props": {
				"txtUpdateStatus": "",
				"txtOneOffQuery": "sia mp3 single",
				"txtQueryResultInfo": "Sia - Chandelier (Piano Version) 2014 - Single [Mp3 @ 320 Kbps]",
				"txtListIds": "ls051393312",
				"txtTTIds": "tt0068646, tt0108052, tt0108757",
				"dl config": "MoviesTVPopularityViews",
				"ddContentType": "MoviesTV",
				"ddSortType": "PopularityViews",
				"ddSearchYearStart": "2017",
				"ddSearchYearEnd": "2017",
				"ddHowMany": "5"
			}
		},
		"name": "mov 2017 test"
	},
	{
		"contents": {
			"name": "sia test",
			"fileFileList": "g:\\Dropbox\\projects\\crypto\\mp\\RCExt\\data\\filelists\\http___127.0.0.1_6014_.txt",
			"listDlManifest": "g:\\Dropbox\\projects\\crypto\\mp\\RCExt\\manifests\\1off_sia mp3 single.json",
			"props": {
				"txtUpdateStatus": "",
				"txtOneOffQuery": "sia mp3 single",
				"txtQueryResultInfo": "Sia - Chandelier (Piano Version) 2014 - Single [Mp3 @ 320 Kbps]",
				"txtListIds": "ls051393312",
				"txtTTIds": "tt0068646, tt0108052, tt0108757",
				"dl config": "MoviesTVPopularityViews",
				"ddContentType": "MoviesTV",
				"ddSortType": "PopularityViews",
				"ddSearchYearStart": "2017",
				"ddSearchYearEnd": "2017",
				"ddHowMany": "5"
			}
		},
		"name": "sia test"
	},
	{
		"contents": {
			"name": "Test Task2",
			"fileFileList": "g:\\Dropbox\\projects\\crypto\\mp\\RCExt\\data\\filelists\\http___127.0.0.1_6014_.txt",
			"listDlManifest": "g:\\Dropbox\\projects\\crypto\\mp\\RCExt\\manifests\\1off_sia mp3 single.json",
			"props": {
				"txtUpdateStatus": "msg ... starting search",
				"txtOneOffQuery": "sia mp3 single",
				"txtQueryResultInfo": "Sia - Chandelier (Piano Version) 2014 - Single [Mp3 @ 320 Kbps]",
				"txtListIds": "ls051393312",
				"txtTTIds": "tt0068646, tt0108052, tt0108757",
				"dl config": "MoviesTVPopularityViews",
				"ddContentType": "MoviesTV",
				"ddSortType": "PopularityViews",
				"ddSearchYearStart": "2017",
				"ddSearchYearEnd": "2017",
				"ddHowMany": "5"
			}
		},
		"name": "Test Task2"
	}
]