[
	{
		"file": "G:\\Dropbox\\projects\\crypto\\mp\\RCExt\\manifests\\List ls Ids_ls05139_11.json",
		"created_at": "2017-06-10T18:17:46.508Z",
		"name": "List ls Ids_ls05139_11"
	},
	{
		"file": "g:\\Dropbox\\projects\\crypto\\mp\\RCExt\\manifests\\imdb_movies_Popularity_2017_2017_5.json",
		"created_at": "2017-04-30T20:58:28.847Z",
		"name": "imdb_movies_Popularity_2017_2017_5"
	},
	{
		"file": "g:\\Dropbox\\projects\\crypto\\mp\\RCExt\\manifests\\ttids_tt00686_31.json",
		"created_at": "2017-04-30T06:50:01.277Z",
		"name": "ttids_tt00686_31"
	},
	{
		"file": "g:\\Dropbox\\projects\\crypto\\mp\\RCExt\\manifests\\imdbSearch_movies_movies_5_2017_2017_Thu_Apr_13_2017_20-25-26.json",
		"created_at": "2017-04-14T00:25:35.459Z",
		"name": "imdbSearch_movies_movies_5_2017_2017_Thu_Apr_13_2017_20-25-26.json"
	},
	{
		"file": "g:\\Dropbox\\projects\\crypto\\mp\\RCExt\\manifests\\imdbSearch_movies_movies_5_2017_2017_Thu_Apr_13_2017_20-14-10.json",
		"created_at": "2017-04-14T00:23:53.229Z",
		"name": "imdbSearch_movies_movies_5_2017_2017_Thu_Apr_13_2017_20-14-10.json"
	},
	{
		"file": "g:\\Dropbox\\projects\\crypto\\mp\\RCExt\\manifests\\imdbSearch_movies_movies_5_2017_2017_Thu_Apr_13_2017_20-14-10.json",
		"created_at": "2017-04-14T00:23:53.229Z",
		"name": "imdbSearch_movies_movies_5_2017_2017_Thu_Apr_13_2017_20-14-10.json"
	},
	{
		"file": "g:\\Dropbox\\projects\\crypto\\mp\\RCExt\\manifests\\imdbSearch_movies_movies_5_2017_2017_Sun_Apr_09_2017_17-55-26.json",
		"created_at": "2017-04-09T21:57:59.977Z",
		"name": "imdbSearch_movies_movies_5_2017_2017_Sun_Apr_09_2017_17-55-26.json"
	},
	{
		"file": "g:\\Dropbox\\projects\\crypto\\mp\\RCExt\\manifests\\imdbSearch_movies_movies_5_2017_2017_Sun_Apr_09_2017_17-55-26.json",
		"created_at": "2017-04-09T21:57:59.977Z",
		"name": "imdbSearch_movies_movies_5_2017_2017_Sun_Apr_09_2017_17-55-26.json"
	},
	{
		"file": "g:\\Dropbox\\projects\\crypto\\mp\\RCExt\\manifests\\imdbSearch_movies_movies_5_2017_2017_Sun_Apr_09_2017_17-55-26.json",
		"created_at": "2017-04-09T21:57:59.977Z",
		"name": "imdbSearch_movies_movies_5_2017_2017_Sun_Apr_09_2017_17-55-26.json"
	},
	{
		"file": "g:\\Dropbox\\projects\\crypto\\mp\\RCExt\\manifests\\imdbSearch_undefined_0_Sun_Apr_09_2017_17-54-03.json",
		"created_at": "2017-04-09T21:55:24.412Z",
		"name": "imdbSearch_undefined_0_Sun_Apr_09_2017_17-54-03.json"
	},
	{
		"file": "g:\\Dropbox\\projects\\crypto\\mp\\RCExt\\manifests\\imdbSearch_undefined_0_Sun_Apr_09_2017_17-53-25.json",
		"created_at": "2017-04-09T21:53:38.553Z",
		"name": "imdbSearch_undefined_0_Sun_Apr_09_2017_17-53-25.json"
	},
	{
		"file": "g:\\Dropbox\\projects\\crypto\\mp\\RCExt\\manifests\\imdbSearch_undefined_0_Sun_Apr_09_2017_17-52-58.json",
		"created_at": "2017-04-09T21:53:11.881Z",
		"name": "imdbSearch_undefined_0_Sun_Apr_09_2017_17-52-58.json"
	},
	{
		"file": "g:\\Dropbox\\projects\\crypto\\mp\\RCExt\\manifests\\imdbSearch_undefined_0_Sun_Apr_09_2017_17-40-33.json",
		"created_at": "2017-04-09T21:40:40.346Z",
		"name": "imdbSearch_undefined_0_Sun_Apr_09_2017_17-40-33.json"
	},
	{
		"file": "g:\\Dropbox\\projects\\crypto\\mp\\RCExt\\manifests\\listIds_ls051393312_1_Sun_Apr_09_2017_10-27-50.json",
		"created_at": "2017-04-09T14:28:31.130Z",
		"name": "listIds_ls051393312_1_Sun_Apr_09_2017_10-27-50.json"
	},
	{
		"file": "g:\\Dropbox\\projects\\crypto\\mp\\RCExt\\manifests\\listIds_ls051393312_1_Sat_Jan_28_2017_12-00-27.json",
		"created_at": "2017-01-28T17:00:35.181Z",
		"name": "listIds_ls051393312_1_Sat_Jan_28_2017_12-00-27.json"
	}
]