[
	{
		"title": "The Godfather",
		"year": "1972",
		"series": false,
		"imdb_id": "tt0068646",
		"name": "The Godfather",
		"query": "The Godfather 1972",
		"dirRemoteMega": "/Root/movies/The_Godfather_1972/tt0068646/",
		"filtered": true,
		"size": 2.4,
		"urlTorrent": "magnet:?xt=urn:btih:5e915039c619366e490d08db3ffed21f3a3ae84a&dn=The+Godfather+%281972%29+1080p+BrRip+x264+-+YIFY&tr=udp%3A%2F%2Ftracker.leechers-paradise.org%3A6969&tr=udp%3A%2F%2Fzer0day.ch%3A1337&tr=udp%3A%2F%2Fopen.demonii.com%3A1337&tr=udp%3A%2F%2Ftracker.coppersurfer.tk%3A6969&tr=udp%3A%2F%2Fexodus.desync.com%3A6969",
		"nameTorrent": "The Godfather (1972) 1080p BrRip x264 - YIFY",
		"index": 0,
		"genIndex": 1
	},
	{
		"title": "Schindler's List",
		"year": "1994",
		"series": false,
		"imdb_id": "tt0108052",
		"name": "Schindler's List",
		"query": "Schindler's List 1994",
		"dirRemoteMega": "/Root/movies/Schindler_s_List_1994/tt0108052/",
		"index": 1,
		"genIndex": 2
	},
	{
		"title": "ER",
		"year": "1994",
		"series": true,
		"year_end": "2009",
		"ended": true,
		"age": 8,
		"seasons": "15",
		"imdb_id": "tt0108757",
		"currentIndex": 331,
		"name": "Complete Season Complete Season",
		"dirRemoteMega": "/Root/tv/ER_1994/tt0108757/",
		"filtered": true,
		"size": 113.66,
		"urlTorrent": "magnet:?xt=urn:btih:daea988bbe27256324ea936119749426e7fcd885&dn=ER+-+All+Seasons+1-15&tr=udp%3A%2F%2Ftracker.leechers-paradise.org%3A6969&tr=udp%3A%2F%2Fzer0day.ch%3A1337&tr=udp%3A%2F%2Fopen.demonii.com%3A1337&tr=udp%3A%2F%2Ftracker.coppersurfer.tk%3A6969&tr=udp%3A%2F%2Fexodus.desync.com%3A6969",
		"nameTorrent": "ER - All Seasons 1-15",
		"index": 2,
		"genIndex": 3
	}
]