[
	{
		"originalUrl": "/epub.html/Life%20Planning%20Workbook_%20The%20Ult%20-%20Alexander,Victoria.epub",
		"fileHtml": "g:\\Dropbox\\projects\\delegation\\Reader\\TTS-Reader/www/epub.html",
		"file": "g:\\Dropbox\\projects\\delegation\\Reader\\TTS-Reader/www/uploads/extracted/Life Planning Workbook_ The Ult  AlexanderVictoriaepub/epub.html",
		"name": "Life Planning Workbook_ The Ult  AlexanderVictoria"
	},
	{
		"originalUrl": "/epub.html/What%20You%20Really%20Need%20to%20Lead_%20T%20-%20Robert%20Steven%20Kaplan.epub",
		"fileHtml": "g:\\Dropbox\\projects\\delegation\\Reader\\TTS-Reader/www/epub.html",
		"file": "g:\\Dropbox\\projects\\delegation\\Reader\\TTS-Reader/www/uploads/extracted/What You Really Need to Lead_ T  Robert Steven Kaplanepub/epub.html",
		"name": "What You Really Need to Lead_ T  Robert Steven Kaplan"
	},
	{
		"originalUrl": "/epub.html/21%20Mistakes%20of%20Modern%20Day%20Paren%20-%20M.%20Conley.epub",
		"fileHtml": "g:\\Dropbox\\projects\\delegation\\Reader\\TTS-Reader/www/epub.html",
		"file": "g:\\Dropbox\\projects\\delegation\\Reader\\TTS-Reader/www/uploads/extracted/21 Mistakes of Modern Day Paren  M Conleyepub/epub.html",
		"name": "21 Mistakes of Modern Day Paren  M Conley"
	},
	{
		"originalUrl": "/epub.html/Event%20Planning_%20Management%20&%20Ma%20-%20Alex%20Genadinik.epub",
		"fileHtml": "g:\\Dropbox\\projects\\delegation\\Reader\\TTS-Reader/www/epub.html",
		"file": "g:\\Dropbox\\projects\\delegation\\Reader\\TTS-Reader/www/uploads/extracted/Event Planning_ Management  Ma  Alex Genadinikepub/epub.html",
		"name": "Event Planning_ Management  Ma  Alex Genadinik"
	},
	{
		"originalUrl": "/epub.html/Common%20Mistakes%20Writers%20Make_%20E%20-%20Eva%20Marie%20Everson.epub",
		"fileHtml": "g:\\Dropbox\\projects\\delegation\\Reader\\TTS-Reader/www/epub.html",
		"file": "g:\\Dropbox\\projects\\delegation\\Reader\\TTS-Reader/www/uploads/extracted/Common Mistakes Writers Make_ E  Eva Marie Eversonepub/epub.html",
		"name": "Common Mistakes Writers Make_ E  Eva Marie Everson"
	},
	{
		"originalUrl": "/epub.html/Take%20Control%20Of%20Your%20Life_%20A%202%20-%20Rachel%20Rofe.epub",
		"fileHtml": "g:\\Dropbox\\projects\\delegation\\Reader\\TTS-Reader/www/epub.html",
		"file": "g:\\Dropbox\\projects\\delegation\\Reader\\TTS-Reader/www/uploads/extracted/Take Control Of Your Life_ A 2  Rachel Rofeepub/epub.html",
		"name": "Take Control Of Your Life_ A 2  Rachel Rofe"
	},
	{
		"originalUrl": "/epub.html/Write%20Great%20Fiction%20-%20Character%20-%20Nancy%20Kress.epub",
		"fileHtml": "g:\\Dropbox\\projects\\delegation\\Reader\\TTS-Reader/www/epub.html",
		"file": "g:\\Dropbox\\projects\\delegation\\Reader\\TTS-Reader/www/uploads/extracted/Write Great Fiction  Character  Nancy Kressepub/epub.html",
		"name": "Write Great Fiction  Character  Nancy Kress"
	},
	{
		"originalUrl": "/epub.html/Danger%20Ready_%20Prepare%20to%20Surviv%20-%20Markus%20A.%20Kassel.epub",
		"fileHtml": "g:\\Dropbox\\projects\\delegation\\Reader\\TTS-Reader/www/epub.html",
		"file": "g:\\Dropbox\\projects\\delegation\\Reader\\TTS-Reader/www/uploads/extracted/Danger Ready_ Prepare to Surviv  Markus A Kasselepub/epub.html",
		"name": "Danger Ready_ Prepare to Surviv  Markus A Kassel"
	},
	{
		"originalUrl": "/epub.html/MASTER%20LISTS%20FOR%20WRITERS_%20Thesa%20-%20Bryn%20Donovan.epub",
		"fileHtml": "g:\\Dropbox\\projects\\delegation\\Reader\\TTS-Reader/www/epub.html",
		"file": "g:\\Dropbox\\projects\\delegation\\Reader\\TTS-Reader/www/uploads/extracted/MASTER LISTS FOR WRITERS_ Thesa  Bryn Donovanepub/epub.html",
		"name": "MASTER LISTS FOR WRITERS_ Thesa  Bryn Donovan"
	},
	{
		"originalUrl": "/epub.html/The%20Definitive%20Book%20of%20Body%20Lan%20-%20Barbara%20Pease.epub",
		"fileHtml": "g:\\Dropbox\\projects\\delegation\\Reader\\TTS-Reader/www/epub.html",
		"file": "g:\\Dropbox\\projects\\delegation\\Reader\\TTS-Reader/www/uploads/extracted/The Definitive Book of Body Lan  Barbara Peaseepub/epub.html",
		"name": "The Definitive Book of Body Lan  Barbara Pease"
	},
	{
		"originalUrl": "/epub.html/The%20Manipulative%20Man_%20Identify%20-%20Dorothy%20Mccoy.epub",
		"fileHtml": "g:\\Dropbox\\projects\\delegation\\Reader\\TTS-Reader/www/epub.html",
		"file": "g:\\Dropbox\\projects\\delegation\\Reader\\TTS-Reader/www/uploads/extracted/The Manipulative Man_ Identify  Dorothy Mccoyepub/epub.html",
		"name": "The Manipulative Man_ Identify  Dorothy Mccoy"
	},
	{
		"originalUrl": "/epub.html/The%20Rise%20and%20Fall%20of%20Nations%20-%20Ruchir%20Sharma.epub",
		"fileHtml": "g:\\Dropbox\\projects\\delegation\\Reader\\TTS-Reader/www/epub.html",
		"file": "g:\\Dropbox\\projects\\delegation\\Reader\\TTS-Reader/www/uploads/extracted/The Rise and Fall of Nations  Ruchir Sharmaepub/OEBPS/epub.html",
		"name": "The Rise and Fall of Nations  Ruchir Sharma"
	},
	{
		"originalUrl": "/epub.html/Men's%20Health%20The%20Big%20Book%20of%20Un%20-%20From%20the%20Editors%20of%20Men's%20Healt.epub",
		"fileHtml": "g:\\Dropbox\\projects\\delegation\\Reader\\TTS-Reader/www/epub.html",
		"file": "g:\\Dropbox\\projects\\delegation\\Reader\\TTS-Reader/www/uploads/extracted/Mens Health The Big Book of Un  From the Editors of Mens Healtepub/epub.html",
		"name": "Mens Health The Big Book of Un  From the Editors of Mens Healt"
	},
	{
		"originalUrl": "/epub.html/The%20Executive%20Guide%20to%20E-mail%20C%20-%20Dawn%20Michelle%20Baude.epub",
		"fileHtml": "g:\\Dropbox\\projects\\delegation\\Reader\\TTS-Reader/www/epub.html",
		"file": "g:\\Dropbox\\projects\\delegation\\Reader\\TTS-Reader/www/uploads/extracted/The Executive Guide to Email C  Dawn Michelle Baudeepub/epub.html",
		"name": "The Executive Guide to Email C  Dawn Michelle Baude"
	},
	{
		"originalUrl": "/epub.html/The%20Executive%20Guide%20to%20E-mail%20C%20-%20Dawn%20Michelle%20Baude.epub?endAt=30000",
		"fileHtml": "g:\\Dropbox\\projects\\delegation\\Reader\\TTS-Reader/www/epub.html",
		"file": "g:\\Dropbox\\projects\\delegation\\Reader\\TTS-Reader/www/uploads/extracted/The Executive Guide to Email C  Dawn Michelle Baudeepub/epub.html",
		"name": "The Executive Guide to Email C  Dawn Michelle Baude"
	},
	{
		"originalUrl": "/epub.html/The%20Executive%20Guide%20to%20E-mail%20C%20-%20Dawn%20Michelle%20Baude.epub?endAt=10000",
		"fileHtml": "g:\\Dropbox\\projects\\delegation\\Reader\\TTS-Reader/www/epub.html",
		"file": "g:\\Dropbox\\projects\\delegation\\Reader\\TTS-Reader/www/uploads/extracted/The Executive Guide to Email C  Dawn Michelle Baudeepub/epub.html",
		"name": "The Executive Guide to Email C  Dawn Michelle Baude"
	},
	{
		"originalUrl": "/epub.html/The%20Executive%20Guide%20to%20E-mail%20C%20-%20Dawn%20Michelle%20Baude.epub?endAt=3000",
		"fileHtml": "g:\\Dropbox\\projects\\delegation\\Reader\\TTS-Reader/www/epub.html",
		"file": "g:\\Dropbox\\projects\\delegation\\Reader\\TTS-Reader/www/uploads/extracted/The Executive Guide to Email C  Dawn Michelle Baudeepub/epub.html",
		"name": "The Executive Guide to Email C  Dawn Michelle Baude"
	},
	{
		"originalUrl": "/epub.html/15%20Secrets%20Successful%20People%20Kn%20-%20Kevin%20Kruse.epub",
		"fileHtml": "g:\\Dropbox\\projects\\delegation\\Reader\\TTS-Reader/www/epub.html",
		"file": "g:\\Dropbox\\projects\\delegation\\Reader\\TTS-Reader/www/uploads/extracted/15 Secrets Successful People Kn  Kevin Kruseepub/epub.html",
		"name": "15 Secrets Successful People Kn  Kevin Kruse"
	},
	{
		"originalUrl": "/epub.html/Writing%20Vivid%20Characters_%20Profe%20-%20Rayne%20Hall.epub",
		"fileHtml": "g:\\Dropbox\\projects\\delegation\\Reader\\TTS-Reader/www/epub.html",
		"file": "g:\\Dropbox\\projects\\delegation\\Reader\\TTS-Reader/www/uploads/extracted/Writing Vivid Characters_ Profe  Rayne Hallepub/epub.html",
		"name": "Writing Vivid Characters_ Profe  Rayne Hall"
	},
	{
		"originalUrl": "/epub.html/Why%20Isn't%20My%20Brain%20Working_%20-%20Datis%20Kharrazian.epub",
		"fileHtml": "g:\\Dropbox\\projects\\delegation\\Reader\\TTS-Reader/www/epub.html",
		"file": "g:\\Dropbox\\projects\\delegation\\Reader\\TTS-Reader/www/uploads/extracted/Why Isnt My Brain Working_  Datis Kharrazianepub/epub.html",
		"name": "Why Isnt My Brain Working_  Datis Kharrazian"
	},
	{
		"originalUrl": "/epub.html/Engineering%20the%20City_%20How%20Infra%20-%20Matthys%20Levy.original_epub",
		"fileHtml": "g:\\Dropbox\\projects\\delegation\\Reader\\TTS-Reader/www/epub.html",
		"file": "g:\\Dropbox\\projects\\delegation\\Reader\\TTS-Reader/www/uploads/extracted/Engineering the City_ How Infra  Matthys Levyepub/epub.html",
		"name": "Engineering the City_ How Infra  Matthys Levy"
	},
	{
		"originalUrl": "/epub.html/Gravitas_%20Communicate%20with%20Conf%20-%20Caroline%20Goyder.epub",
		"fileHtml": "g:\\Dropbox\\projects\\delegation\\Reader\\TTS-Reader/www/epub.html",
		"file": "g:\\Dropbox\\projects\\delegation\\Reader\\TTS-Reader/www/uploads/extracted/Gravitas_ Communicate with Conf  Caroline Goyderepub/epub.html",
		"name": "Gravitas_ Communicate with Conf  Caroline Goyder"
	},
	{
		"originalUrl": "/epub.html/Node.js%20by%20Example%20-%20Krasimir%20Tsonev.epub",
		"fileHtml": "g:\\Dropbox\\projects\\delegation\\Reader\\TTS-Reader/www/epub.html",
		"file": "g:\\Dropbox\\projects\\delegation\\Reader\\TTS-Reader/www/uploads/extracted/Nodejs by Example  Krasimir Tsonevepub/OEBPS//epub.html",
		"name": "Nodejs by Example  Krasimir Tsonev"
	},
	{
		"originalUrl": "/epub.html/The%20Definitive%20Book%20of%20Body%20Lan%20-%20Barbara%20Pease.epub?endAt=15000",
		"fileHtml": "g:\\Dropbox\\projects\\delegation\\Reader\\TTS-Reader/www/epub.html",
		"file": "g:\\Dropbox\\projects\\delegation\\Reader\\TTS-Reader/www/uploads/extracted/The Definitive Book of Body Lan  Barbara Peaseepub/epub.html",
		"name": "The Definitive Book of Body Lan  Barbara Pease"
	},
	{
		"originalUrl": "/epub.html/The%20Definitive%20Book%20of%20Body%20Lan%20-%20Barbara%20Pease.epub?endAt=30000",
		"fileHtml": "g:\\Dropbox\\projects\\delegation\\Reader\\TTS-Reader/www/epub.html",
		"file": "g:\\Dropbox\\projects\\delegation\\Reader\\TTS-Reader/www/uploads/extracted/The Definitive Book of Body Lan  Barbara Peaseepub/epub.html",
		"name": "The Definitive Book of Body Lan  Barbara Pease"
	},
	{
		"originalUrl": "/epub.html/Grow%20Up_%20A%20Man's%20Guide%20to%20Mascu%20-%20Owen%20Marcus.epub",
		"fileHtml": "g:\\Dropbox\\projects\\delegation\\Reader\\TTS-Reader/www/epub.html",
		"file": "g:\\Dropbox\\projects\\delegation\\Reader\\TTS-Reader/www/uploads/extracted/Grow Up_ A Mans Guide to Mascu  Owen Marcusepub/epub.html",
		"name": "Grow Up_ A Mans Guide to Mascu  Owen Marcus"
	},
	{
		"originalUrl": "/epub.html/The%20Definitive%20Book%20of%20Body%20Lan%20-%20Barbara%20Pease.epub?endAt=40000",
		"fileHtml": "g:\\Dropbox\\projects\\delegation\\Reader\\TTS-Reader/www/epub.html",
		"file": "g:\\Dropbox\\projects\\delegation\\Reader\\TTS-Reader/www/uploads/extracted/The Definitive Book of Body Lan  Barbara Peaseepub/epub.html",
		"name": "The Definitive Book of Body Lan  Barbara Pease"
	},
	{
		"originalUrl": "/epub.html/The%20Definitive%20Book%20of%20Body%20Lan%20-%20Barbara%20Pease.epub?endAt=25000",
		"fileHtml": "g:\\Dropbox\\projects\\delegation\\Reader\\TTS-Reader/www/epub.html",
		"file": "g:\\Dropbox\\projects\\delegation\\Reader\\TTS-Reader/www/uploads/extracted/The Definitive Book of Body Lan  Barbara Peaseepub/epub.html",
		"name": "The Definitive Book of Body Lan  Barbara Pease"
	},
	{
		"originalUrl": "/epub.html/Irrelationship%20-%20Mark%20B.%20Borg.epub",
		"fileHtml": "g:\\Dropbox\\projects\\delegation\\Reader\\TTS-Reader/www/epub.html",
		"file": "g:\\Dropbox\\projects\\delegation\\Reader\\TTS-Reader/www/uploads/extracted/Irrelationship  Mark B Borgepub/OEBPS/epub.html",
		"name": "Irrelationship  Mark B Borg"
	},
	{
		"originalUrl": "/epub.html/Conversational%20Capacity_%20The%20Se%20-%20Craig%20Weber.epub",
		"fileHtml": "g:\\Dropbox\\projects\\delegation\\Reader\\TTS-Reader/www/epub.html",
		"file": "g:\\Dropbox\\projects\\delegation\\Reader\\TTS-Reader/www/uploads/extracted/Conversational Capacity_ The Se  Craig Weberepub/epub.html",
		"name": "Conversational Capacity_ The Se  Craig Weber"
	},
	{
		"originalUrl": "/epub.html/Boundaries%20in%20an%20Overconnected%20-%20Anne%20Katherine.epub",
		"fileHtml": "g:\\Dropbox\\projects\\delegation\\Reader\\TTS-Reader/www/epub.html",
		"file": "g:\\Dropbox\\projects\\delegation\\Reader\\TTS-Reader/www/uploads/extracted/Boundaries in an Overconnected  Anne Katherineepub/epub.html",
		"name": "Boundaries in an Overconnected  Anne Katherine"
	},
	{
		"originalUrl": "/epub.html/The%20Micro%20Expressions%20Book%20for%20-%20Patryk%20Wezowski.epub",
		"fileHtml": "g:\\Dropbox\\projects\\delegation\\Reader\\TTS-Reader/www/epub.html",
		"file": "g:\\Dropbox\\projects\\delegation\\Reader\\TTS-Reader/www/uploads/extracted/The Micro Expressions Book for  Patryk Wezowskiepub/epub.html",
		"name": "The Micro Expressions Book for  Patryk Wezowski"
	},
	{
		"originalUrl": "/epub.html/The%20Body%20Language%20of%20Liars%20-%20Lillian%20Glass.epub",
		"fileHtml": "g:\\Dropbox\\projects\\delegation\\Reader\\TTS-Reader/www/epub.html",
		"file": "g:\\Dropbox\\projects\\delegation\\Reader\\TTS-Reader/www/uploads/extracted/The Body Language of Liars  Lillian Glassepub/OPS//epub.html",
		"name": "The Body Language of Liars  Lillian Glass"
	},
	{
		"originalUrl": "/epub.html/Conversation%20Tactics_%20Strategie%20-%20Patrick%20King.epub",
		"fileHtml": "g:\\Dropbox\\projects\\delegation\\Reader\\TTS-Reader/www/epub.html",
		"file": "g:\\Dropbox\\projects\\delegation\\Reader\\TTS-Reader/www/uploads/extracted/Conversation Tactics_ Strategie  Patrick Kingepub/epub.html",
		"name": "Conversation Tactics_ Strategie  Patrick King"
	},
	{
		"originalUrl": "/epub.html/Everyday%20Survival_%20Why%20Smart%20Pe%20-%20Laurence%20Gonzales.epub",
		"fileHtml": "g:\\Dropbox\\projects\\delegation\\Reader\\TTS-Reader/www/epub.html",
		"file": "g:\\Dropbox\\projects\\delegation\\Reader\\TTS-Reader/www/uploads/extracted/Everyday Survival_ Why Smart Pe  Laurence Gonzalesepub/OEBPS//epub.html",
		"name": "Everyday Survival_ Why Smart Pe  Laurence Gonzales"
	},
	{
		"originalUrl": "/epub.html/Organizational%20Physics%20-%20the%20Sc%20-%20Lex%20Sisney.epub",
		"fileHtml": "g:\\Dropbox\\projects\\delegation\\Reader\\TTS-Reader/www/epub.html",
		"file": "g:\\Dropbox\\projects\\delegation\\Reader\\TTS-Reader/www/uploads/extracted/Organizational Physics  the Sc  Lex Sisneyepub/epub.html",
		"name": "Organizational Physics  the Sc  Lex Sisney"
	},
	{
		"originalUrl": "/epub.html/The%20Art%20of%20Facilitation%20-%20Dale%20Hunter.epub",
		"fileHtml": "g:\\Dropbox\\projects\\delegation\\Reader\\TTS-Reader/www/epub.html",
		"file": "g:\\Dropbox\\projects\\delegation\\Reader\\TTS-Reader/www/uploads/extracted/The Art of Facilitation  Dale Hunterepub/epub.html",
		"name": "The Art of Facilitation  Dale Hunter"
	},
	{
		"originalUrl": "/epub.html/Level%20Up%20Your%20Social%20Life_%20The%20-%20Daniel%20Wendler.epub",
		"fileHtml": "g:\\Dropbox\\projects\\delegation\\Reader\\TTS-Reader/www/epub.html",
		"file": "g:\\Dropbox\\projects\\delegation\\Reader\\TTS-Reader/www/uploads/extracted/Level Up Your Social Life_ The  Daniel Wendlerepub/epub.html",
		"name": "Level Up Your Social Life_ The  Daniel Wendler"
	},
	{
		"originalUrl": "/epub.html/Wiser_%20Getting%20Beyond%20Groupthin%20-%20Cass%20Sunstein.epub",
		"fileHtml": "g:\\Dropbox\\projects\\delegation\\Reader\\TTS-Reader/www/epub.html",
		"file": "g:\\Dropbox\\projects\\delegation\\Reader\\TTS-Reader/www/uploads/extracted/Wiser_ Getting Beyond Groupthin  Cass Sunsteinepub/epub.html",
		"name": "Wiser_ Getting Beyond Groupthin  Cass Sunstein"
	},
	{
		"originalUrl": "/epub.html/The%20Executive%20Guide%20to%20E-mail%20C%20-%20Dawn%20Michelle%20Baude.epub?endAt=2000",
		"fileHtml": "g:\\Dropbox\\projects\\delegation\\Reader\\TTS-Reader/www/epub.html",
		"file": "g:\\Dropbox\\projects\\delegation\\Reader\\TTS-Reader/www/uploads/extracted/The Executive Guide to Email C  Dawn Michelle Baudeepub/epub.html",
		"name": "The Executive Guide to Email C  Dawn Michelle Baude"
	},
	{
		"originalUrl": "/epub.html/The%20Editor's%20Companion_%20An%20Indi%20-%20Steve%20Dunham.epub",
		"fileHtml": "g:\\Dropbox\\projects\\delegation\\Reader\\TTS-Reader/www/epub.html",
		"file": "g:\\Dropbox\\projects\\delegation\\Reader\\TTS-Reader/www/uploads/extracted/The Editors Companion_ An Indi  Steve Dunhamepub/epub.html",
		"name": "The Editors Companion_ An Indi  Steve Dunham"
	},
	{
		"originalUrl": "/epub.html/Writing%20Deep%20Point%20Of%20View_%20Pro%20-%20Rayne%20Hall.epub",
		"fileHtml": "/Users/user2/Dropbox/projects/delegation/Reader/TTS-Reader/www/epub.html",
		"file": "/Users/user2/Dropbox/projects/delegation/Reader/TTS-Reader/www/uploads/extracted/Writing Deep Point Of View_ Pro  Rayne Hallepub/epub.html",
		"name": "Writing Deep Point Of View_ Pro  Rayne Hall"
	},
	{
		"originalUrl": "/epub.html/Story%20Theory%20-%20the%20psychologica%20-%20David%20Baboulene.epub",
		"fileHtml": "/Users/user2/Dropbox/projects/delegation/Reader/TTS-Reader/www/epub.html",
		"file": "/Users/user2/Dropbox/projects/delegation/Reader/TTS-Reader/www/uploads/extracted/Story Theory  the psychologica  David Babouleneepub/epub.html",
		"name": "Story Theory  the psychologica  David Baboulene"
	},
	{
		"originalUrl": "/epub.html/Chatting%20It%20Up_%20How%20to%20Transfor%20-%20Zak%20Roedde.epub",
		"fileHtml": "/Users/user2/Dropbox/projects/delegation/Reader/TTS-Reader/www/epub.html",
		"file": "/Users/user2/Dropbox/projects/delegation/Reader/TTS-Reader/www/uploads/extracted/Chatting It Up_ How to Transfor  Zak Roeddeepub/epub.html",
		"name": "Chatting It Up_ How to Transfor  Zak Roedde"
	},
	{
		"originalUrl": "/epub.html/The%2038%20Most%20Common%20Fiction%20Writ%20-%20Jack%20Bickham.epub",
		"fileHtml": "/Users/user2/Dropbox/projects/delegation/Reader/TTS-Reader/www/epub.html",
		"file": "/Users/user2/Dropbox/projects/delegation/Reader/TTS-Reader/www/uploads/extracted/The 38 Most Common Fiction Writ  Jack Bickhamepub/epub.html",
		"name": "The 38 Most Common Fiction Writ  Jack Bickham"
	},
	{
		"originalUrl": "/epub.html/Writing_%2025%20Writing%20Tips%20&%20Writ%20-%20Ernst%20Jones.epub",
		"fileHtml": "/Users/user2/Dropbox/projects/delegation/Reader/TTS-Reader/www/epub.html",
		"file": "/Users/user2/Dropbox/projects/delegation/Reader/TTS-Reader/www/uploads/extracted/Writing_ 25 Writing Tips  Writ  Ernst Jonesepub/epub.html",
		"name": "Writing_ 25 Writing Tips  Writ  Ernst Jones"
	}
]