[
	{
		"url": "http://youtube.com/watch?v=lBypMZrfunY",
		"progress": "0.0010527956765145063",
		"duration": "3590",
		"user_id": "2",
		"imdb_id": "tt1628067",
		"name": "The Walking Dead",
		"year": "\n            28 Nov. 2010\n    ",
		"rating": "",
		"series": "false",
		"desc": "\nAfter the attack on the camp, Rick leads the survivors to the C.D.C., in the hope that they can cure an infected Jim.    ",
		"image": "http://192.168.81.133:10001/proxy?url=http://ia.media-imdb.com/images/M/MV5BMzc2OTI1Mzg0N15BMl5BanBnXkFtZTgwNjc3NDUyMjE@._V1_SX200_CR0,0,200,112_AL_.jpg",
		"series_imdb_id": "tt1520211",
		"series_name": "The Walking Dead",
		"series_desc": "\nAfter the attack on the camp, Rick leads the survivors to the C.D.C., in the hope that they can cure an infected Jim.    ",
		"series_image": "http://192.168.81.133:10001/proxy?url=http://ia.media-imdb.com/images/M/MV5BMzc2OTI1Mzg0N15BMl5BanBnXkFtZTgwNjc3NDUyMjE@._V1_SX200_CR0,0,200,112_AL_.jpg",
		"episode_number": "5",
		"season_number": "1",
		"updated_at": "2015-04-01T23:16:11.407Z",
		"created_at": "2015-04-01T21:42:12.127Z",
		"id": 2
	},
	{
		"url": "http://youtube.com/watch?v=mkP6CM63ruw",
		"progress": "NaN",
		"duration": "0",
		"user_id": "2",
		"imdb_id": "tt2107861",
		"name": "Walking on Sunshine",
		"year": "2014",
		"rating": "5.2",
		"series": "false",
		"desc": "Set to the music of popular hit songs from the 1980s. A beautiful coastal village, present day Italy...",
		"image": "http://192.168.81.133:10001/proxy?url=http://ia.media-imdb.com/images/M/MV5BMTQxMjQwNDA4MF5BMl5BanBnXkFtZTgwNDEzMjg4MTE@._V1._SX54_CR0,0,54,74_.jpg",
		"position": "0",
		"updated_at": "2015-04-01T23:43:39.137Z",
		"created_at": "2015-04-01T23:23:10.123Z",
		"id": 5
	},
	{
		"url": "http://192.168.81.133:10001/output/sparrow/undefined",
		"progress": "0",
		"duration": "3252",
		"user_id": "2",
		"imdb_id": "tt0351977",
		"name": "Walking Tall",
		"year": "2004",
		"rating": "6.2",
		"series": "false",
		"desc": "A former U.S. soldier returns to his hometown to find it overrun by crime and corruption, which prompts him to clean house.",
		"image": "http://192.168.81.133:10001/proxy?url=http://ia.media-imdb.com/images/M/MV5BMTM0MjYzNzM1N15BMl5BanBnXkFtZTcwMDcwNDc3NA@@._V1._SX54_CR0,0,54,74_.jpg",
		"updated_at": "2015-04-02T01:00:53.604Z",
		"created_at": "2015-04-01T21:52:15.498Z",
		"id": 3,
		"position": "0"
	},
	{
		"url": "http://youtube.com/watch?v=pY7NVrVe5-4",
		"progress": "0.21272682718327182",
		"duration": "3252",
		"user_id": "2",
		"imdb_id": "tt0112818",
		"name": "Dead Man Walking",
		"year": "1995",
		"rating": "7.6",
		"series": "false",
		"desc": "A nun, while comforting a convicted killer on death row, empathizes with both the killer and his victim's families.",
		"image": "http://192.168.81.133:10001/proxy?url=http://ia.media-imdb.com/images/M/MV5BMTM3NzA1MjM2N15BMl5BanBnXkFtZTcwMzY3MTMzNA@@._V1._SX54_CR0,0,54,74_.jpg",
		"updated_at": "2015-04-02T01:01:12.995Z",
		"created_at": "2015-04-01T23:21:42.554Z",
		"id": 4,
		"position": "691.787642"
	},
	{
		"user_id": "2",
		"imdb_id": "tt0795461",
		"progress": "0.5436957680428135",
		"name": "Scary Movie 5",
		"year": "2013",
		"rating": "3.5",
		"series": "false",
		"desc": "A couple begin to experience some unusual activity after bringing their lost nieces and nephew home. With the help of home-surveillance cameras, they learn they're being stalked by a nefarious demon.",
		"image": "http://192.168.81.133:10001/proxy?url=http://ia.media-imdb.com/images/M/MV5BMTc5OTIxMjQ4NF5BMl5BanBnXkFtZTcwOTAyNDcyOQ@@._V1._SX54_CR0,0,54,74_.jpg",
		"position": "3555.770323",
		"url": "http://youtube.com/watch?v=viheD_6Vwqg",
		"duration": "6540",
		"updated_at": "2015-04-02T01:09:50.937Z",
		"created_at": "2015-04-02T01:09:40.968Z",
		"id": 6
	},
	{
		"user_id": "2",
		"imdb_id": "tt1583421",
		"progress": "NaN",
		"name": "G.I. Joe: Retaliation",
		"year": "2013",
		"rating": "5.8",
		"series": "false",
		"desc": "The G.I. Joes are not only fighting their mortal enemy Cobra; they are forced to contend with threats from within the government that jeopardize their very existence.",
		"image": "http://192.168.81.133:10001/proxy?url=http://ia.media-imdb.com/images/M/MV5BNzk5ODM0OTQ0N15BMl5BanBnXkFtZTcwODg2ODE4OA@@._V1._SX54_CR0,0,54,74_.jpg",
		"position": "0",
		"url": "http://youtube.com/watch?v=FjAZ0DWFwpk",
		"duration": "0",
		"updated_at": "2015-04-02T15:38:56.861Z",
		"created_at": "2015-04-02T01:11:45.337Z",
		"id": 7
	},
	{
		"user_id": "2",
		"imdb_id": "tt0175317",
		"progress": "0.2965678771260531",
		"name": "Walking Across Egypt",
		"year": "1999",
		"rating": "7.3",
		"series": "false",
		"desc": "An elderly widow befriends an orphaned juvenile delinquent.",
		"image": "http://192.168.81.133:10001/proxy?url=http://ia.media-imdb.com/images/M/MV5BNzQ5MzY0ODE2Ml5BMl5BanBnXkFtZTcwNzQ2MzgxMQ@@._V1._SX54_CR0,0,54,74_.jpg",
		"position": "1865.708515",
		"url": "http://youtube.com/watch?v=XKNirVRlGQU",
		"duration": "6291",
		"updated_at": "2015-04-02T23:33:26.230Z",
		"created_at": "2015-04-02T01:14:10.302Z",
		"id": 8
	},
	{
		"imdb_id": "565",
		"user_id": "565",
		"duration": "50",
		"updated_at": "2015-04-03T15:51:35.704Z",
		"created_at": "2015-04-01T21:41:04.757Z",
		"id": 1
	},
	{
		"user_id": "2",
		"imdb_id": "tt2395427",
		"progress": "NaN",
		"name": "Avengers: Age of Ultron",
		"year": "2015",
		"rating": "9.4",
		"series": "false",
		"desc": "When Tony Stark tries to jumpstart a dormant peacekeeping program, things go awry and it is up to the Avengers to stop the villainous Ultron from enacting his terrible plans.",
		"image": "http://192.168.81.133:10001/proxy?url=http%3A%2F%2Fia.media-imdb.com%2Fimages%2FM%2FMV5BMTU4MDU3NDQ5Ml5BMl5BanBnXkFtZTgwOTU5MDUxNTE%40._V1._SX54_CR0%2C0%2C54%2C74_.jpg",
		"position": "0",
		"url": "http://192.168.81.133:10003/getcontents/ritv_requests/a.mkv",
		"duration": "0",
		"updated_at": "2015-04-15T22:28:12.058Z",
		"created_at": "2015-04-15T22:28:12.058Z",
		"id": 12
	},
	{
		"user_id": "2",
		"imdb_id": "tt2820852",
		"progress": "0.0008292203489887364",
		"name": "Furious Seven",
		"year": "2015",
		"rating": "8.0",
		"series": "false",
		"desc": "Deckard Shaw seeks revenge against Dominic Toretto and his family for his comatose brother.",
		"image": "http://192.168.81.133:10001/proxy?url=http%3A%2F%2Fia.media-imdb.com%2Fimages%2FM%2FMV5BMTQxOTA2NDUzOV5BMl5BanBnXkFtZTgwNzY2MTMxMzE%40._V1._SX54_CR0%2C0%2C54%2C74_.jpg",
		"position": "0.264076",
		"url": "http://192.168.81.133:10003/getcontent/ritv_reques.mp4",
		"duration": "318.463",
		"updated_at": "2015-04-15T23:55:02.368Z",
		"created_at": "2015-04-11T23:56:24.064Z",
		"id": 9
	},
	{
		"user_id": "2",
		"imdb_id": "tt0068646",
		"progress": "0.015374947796133303",
		"name": "The Godfather",
		"year": "1972",
		"rating": "9.2",
		"series": "false",
		"desc": "The aging patriarch of an organized crime dynasty transfers control of his clandestine empire to his reluctant son.",
		"image": "http://192.168.0.2:10001/proxy?url=http%3A%2F%2Fia.media-imdb.com%2Fimages%2FM%2FMV5BMjEyMjcyNDI4MF5BMl5BanBnXkFtZTcwMDA5Mzg3OA%40%40._V1._SX54_CR0%2C0%2C54%2C74_.jpg",
		"position": "4.896352",
		"url": "http://192.168.81.133:10003/getContent/content%2Fthe%20Godfather.mp4",
		"duration": "318.463",
		"updated_at": "2015-04-16T00:32:35.820Z",
		"created_at": "2015-04-13T06:56:03.687Z",
		"id": 11
	},
	{
		"user_id": "2",
		"imdb_id": "tt1480055",
		"progress": "0.015824660949623662",
		"name": "Game of Thrones",
		"year": "2011",
		"rating": "",
		"series": "false",
		"desc": "\nJon Arryn, the Hand of the King, is dead. King Robert Baratheon plans to ask his oldest friend, Eddard Stark, to take Jon's place. Across the sea, Viserys Targaryen plans to wed his sister to a nomadic warlord in exchange for an army.    ",
		"image": "http://192.168.0.2:10001/proxy?url=http%3A%2F%2Fia.media-imdb.com%2Fimages%2FM%2FMV5BMTk5MDU3OTkzMF5BMl5BanBnXkFtZTcwOTc0ODg5NA%40%40._V1_SX200_CR0%2C0%2C200%2C112_AL_.jpg",
		"position": "5.039569",
		"url": "http://192.168.81.133:10003/getContent/content%2Fseries%2FGame%20of%20Thrones%201x1.mp4",
		"duration": "318.463",
		"series_imdb_id": "tt0944947",
		"series_name": "Game of Thrones",
		"series_desc": "\nJon Arryn, the Hand of the King, is dead. King Robert Baratheon plans to ask his oldest friend, Eddard Stark, to take Jon's place. Across the sea, Viserys Targaryen plans to wed his sister to a nomadic warlord in exchange for an army.    ",
		"series_image": "http://192.168.0.2:10001/proxy?url=http%3A%2F%2Fia.media-imdb.com%2Fimages%2FM%2FMV5BMTk5MDU3OTkzMF5BMl5BanBnXkFtZTcwOTc0ODg5NA%40%40._V1_SX200_CR0%2C0%2C200%2C112_AL_.jpg",
		"episode_number": "1",
		"season_number": "1",
		"updated_at": "2015-04-16T00:34:13.297Z",
		"created_at": "2015-04-12T00:41:15.691Z",
		"id": 10
	},
	{
		"user_id": "2",
		"imdb_id": "tt0081398",
		"progress": "0.02762398143583399",
		"name": "Raging Bull",
		"year": "1980",
		"rating": "8.3",
		"series": "false",
		"desc": "An emotionally self-destructive boxer's journey through life, as the violence and temper that leads him to the top in the ring, destroys his life outside it.",
		"image": "http://192.168.81.133:10001/proxy?url=http%3A%2F%2Fia.media-imdb.com%2Fimages%2FM%2FMV5BMjIxOTg3OTc5MF5BMl5BanBnXkFtZTcwNzkwNjMwNA%40%40._V1._SX54_CR0%2C0%2C54%2C74_.jpg",
		"position": "8.797216",
		"url": "http://192.168.81.133:10003/getContent/content%2FRaging%20Bull.mp4",
		"duration": "318.463",
		"updated_at": "2015-04-23T01:49:45.300Z",
		"created_at": "2015-04-16T00:06:21.778Z",
		"id": 13
	}
]