{
	"name": "listtest",
	"fileFileList": "g:\\Dropbox\\projects\\crypto\\mp\\RCExt\\data\\filelists\\http___127.0.0.1_6014_.txt",
	"listDlManifest": "G:\\Dropbox\\projects\\crypto\\ritv/imdb_movie_scraper/IMDB_App_Output/dlListsWrapC/List ls Ids_ls05139_11.json",
	"props": {
		"txtUpdateStatus": "finished making manifest",
		"radioSearchType": "1off",
		"searchType_1_off_span": "1 OffGet MagCreate DM",
		"txtOneOffQuery": "sia mp3 single",
		"txtQueryResultInfo": "Sia - Chandelier (Piano Version) 2014 - Single [Mp3 @ 320 Kbps]",
		"searchType_listLsIds_span": "List ls IdsGet Lists & Create DM 2List tt IdsCreate DM 3IMDB SearchMoviesTVPopularityViewsCreate DM 4",
		"txtListIds": "ls051393312",
		"txtTTIds": "tt0068646, tt0108052, tt0108757",
		"dl config": "MoviesTVPopularityViews",
		"ddContentType": "MoviesTV",
		"ddSortType": "PopularityViews",
		"ddSearchYearStart": "2017",
		"ddSearchYearEnd": "2017",
		"ddHowMany": "5"
	}
}