[{
  "TabFamily": "Opco",
  "TabFamilyOrder": 0,
  "TabName": "Function",
  "TabOrder": 0,
  "RowFields": ["Function", "Desk"],
  "Filter": "",
  "Complex": "",
  "Function": "",
  "Desk": ""
}, {
  "TabFamily": "Opco",
  "TabFamilyOrder": 0,
  "TabName": "Complex",
  "TabOrder": 1,
  "RowFields": ["Complex", "Function", "Desk"],
  "Filter": "",
  "Complex": "",
  "Function": "",
  "Desk": ""
}, {
  "TabFamily": "Opco",
  "TabFamilyOrder": 0,
  "TabName": "Region",
  "TabOrder": 2,
  "RowFields": ["Region", "Complex", "Function", "Desk"],
  "Filter": "",
  "Complex": "",
  "Function": "",
  "Desk": ""
}, {
  "TabFamily": "Complex",
  "TabFamilyOrder": 1,
  "TabName": "Credit",
  "TabOrder": 0,
  "RowFields": ["Function", "Desk", "SubDesk1"],
  "Filter": "Complex = `Credit",
  "Complex": "Credit",
  "Function": "",
  "Desk": ""
}, {
  "TabFamily": "Complex",
  "TabFamilyOrder": 1,
  "TabName": "DSP",
  "TabOrder": 1,
  "RowFields": ["Function", "Desk", "SubDesk1"],
  "Filter": "Complex = `DSP",
  "Complex": "DSP",
  "Function": "",
  "Desk": ""
}, {
  "TabFamily": "Complex",
  "TabFamilyOrder": 1,
  "TabName": "Munis",
  "TabOrder": 2,
  "RowFields": ["Function", "Desk", "SubDesk1"],
  "Filter": "Complex = `Munis",
  "Complex": "Munis",
  "Function": "",
  "Desk": ""
}, {
  "TabFamily": "Complex",
  "TabFamilyOrder": 1,
  "TabName": "SPG",
  "TabOrder": 3,
  "RowFields": ["Function", "Desk", "SubDesk1"],
  "Filter": "Complex = `SPG",
  "Complex": "SPG",
  "Function": "",
  "Desk": ""
}, {
  "TabFamily": "Function",
  "TabFamilyOrder": 2,
  "TabName": "Credit Trading",
  "TabOrder": 0,
  "RowFields": ["Desk", "SubDesk1", "SubDesk2"],
  "Filter": "Complex = `Credit, Function = `Trading",
  "Complex": "Credit",
  "Function": "Trading",
  "Desk": ""
}, {
  "TabFamily": "Function",
  "TabFamilyOrder": 2,
  "TabName": "DSP Legacy",
  "TabOrder": 1,
  "RowFields": ["Desk", "SubDesk1", "SubDesk2"],
  "Filter": "Complex = `DSP, Function = `Legacy",
  "Complex": "DSP",
  "Function": "Legacy",
  "Desk": ""
}, {
  "TabFamily": "Function",
  "TabFamilyOrder": 2,
  "TabName": "DSP Trading",
  "TabOrder": 2,
  "RowFields": ["Desk", "SubDesk1", "SubDesk2"],
  "Filter": "Complex = `DSP, Function = `Trading",
  "Complex": "DSP",
  "Function": "Trading",
  "Desk": ""
}, {
  "TabFamily": "Function",
  "TabFamilyOrder": 2,
  "TabName": "Munis Primary",
  "TabOrder": 3,
  "RowFields": ["Desk", "SubDesk1", "SubDesk2"],
  "Filter": "Complex = `Munis, Function = `Primary",
  "Complex": "Munis",
  "Function": "Primary",
  "Desk": ""
}, {
  "TabFamily": "Function",
  "TabFamilyOrder": 2,
  "TabName": "Munis Trading",
  "TabOrder": 4,
  "RowFields": ["Desk", "SubDesk1", "SubDesk2"],
  "Filter": "Complex = `Munis, Function = `Trading",
  "Complex": "Munis",
  "Function": "Trading",
  "Desk": ""
}, {
  "TabFamily": "Function",
  "TabFamilyOrder": 2,
  "TabName": "SPG Lending",
  "TabOrder": 5,
  "RowFields": ["Desk", "SubDesk1", "SubDesk2"],
  "Filter": "Complex = `SPG, Function = `Lending",
  "Complex": "SPG",
  "Function": "Lending",
  "Desk": ""
}, {
  "TabFamily": "Function",
  "TabFamilyOrder": 2,
  "TabName": "SPG Primary",
  "TabOrder": 6,
  "RowFields": ["Desk", "SubDesk1", "SubDesk2"],
  "Filter": "Complex = `SPG, Function = `Primary",
  "Complex": "SPG",
  "Function": "Primary",
  "Desk": ""
}, {
  "TabFamily": "Function",
  "TabFamilyOrder": 2,
  "TabName": "SPG Trading",
  "TabOrder": 7,
  "RowFields": ["Desk", "SubDesk1", "SubDesk2"],
  "Filter": "Complex = `SPG, Function = `Trading",
  "Complex": "SPG",
  "Function": "Trading",
  "Desk": ""
}, {
  "TabFamily": "Desk",
  "TabFamilyOrder": 3,
  "TabName": "Asia Credit",
  "TabOrder": 0,
  "RowFields": ["SubDesk1", "SubDesk2", "SubDesk2"],
  "Filter": "Desk = `Asia Credit",
  "Complex": "Credit",
  "Function": "Trading",
  "Desk": "Asia Credit"
}, {
  "TabFamily": "Desk",
  "TabFamilyOrder": 3,
  "TabName": "Corp Retail",
  "TabOrder": 1,
  "RowFields": ["SubDesk1", "SubDesk2", "SubDesk2"],
  "Filter": "Desk = `Corp Retail",
  "Complex": "Credit",
  "Function": "Trading",
  "Desk": "Corp Retail"
}, {
  "TabFamily": "Desk",
  "TabFamilyOrder": 3,
  "TabName": "Distressed Trading - AP",
  "TabOrder": 2,
  "RowFields": ["SubDesk1", "SubDesk2", "SubDesk2"],
  "Filter": "Desk = `Distressed Trading - AP",
  "Complex": "Credit",
  "Function": "Trading",
  "Desk": "Distressed Trading - AP"
}, {
  "TabFamily": "Desk",
  "TabFamilyOrder": 3,
  "TabName": "Distressed Trading - EU",
  "TabOrder": 3,
  "RowFields": ["SubDesk1", "SubDesk2", "SubDesk2"],
  "Filter": "Desk = `Distressed Trading - EU",
  "Complex": "Credit",
  "Function": "Trading",
  "Desk": "Distressed Trading - EU"
}, {
  "TabFamily": "Desk",
  "TabFamilyOrder": 3,
  "TabName": "Distressed Trading - JP",
  "TabOrder": 4,
  "RowFields": ["SubDesk1", "SubDesk2", "SubDesk2"],
  "Filter": "Desk = `Distressed Trading - JP",
  "Complex": "Credit",
  "Function": "Trading",
  "Desk": "Distressed Trading - JP"
}, {
  "TabFamily": "Desk",
  "TabFamilyOrder": 3,
  "TabName": "Distressed Trading - NA",
  "TabOrder": 5,
  "RowFields": ["SubDesk1", "SubDesk2", "SubDesk2"],
  "Filter": "Desk = `Distressed Trading - NA",
  "Complex": "Credit",
  "Function": "Trading",
  "Desk": "Distressed Trading - NA"
}, {
  "TabFamily": "Desk",
  "TabFamilyOrder": 3,
  "TabName": "EU Flow",
  "TabOrder": 6,
  "RowFields": ["SubDesk1", "SubDesk2", "SubDesk2"],
  "Filter": "Desk = `EU Flow",
  "Complex": "Credit",
  "Function": "Trading",
  "Desk": "EU Flow"
}, {
  "TabFamily": "Desk",
  "TabFamilyOrder": 3,
  "TabName": "US High Yield",
  "TabOrder": 7,
  "RowFields": ["SubDesk1", "SubDesk2", "SubDesk2"],
  "Filter": "Desk = `US High Yield",
  "Complex": "Credit",
  "Function": "Trading",
  "Desk": "US High Yield"
}, {
  "TabFamily": "Desk",
  "TabFamilyOrder": 3,
  "TabName": "US IG",
  "TabOrder": 8,
  "RowFields": ["SubDesk1", "SubDesk2", "SubDesk2"],
  "Filter": "Desk = `US IG",
  "Complex": "Credit",
  "Function": "Trading",
  "Desk": "US IG"
}, {
  "TabFamily": "Desk",
  "TabFamilyOrder": 3,
  "TabName": "US Index",
  "TabOrder": 9,
  "RowFields": ["SubDesk1", "SubDesk2", "SubDesk2"],
  "Filter": "Desk = `US Index",
  "Complex": "Credit",
  "Function": "Trading",
  "Desk": "US Index"
}, {
  "TabFamily": "Desk",
  "TabFamilyOrder": 3,
  "TabName": "US Lev Loans",
  "TabOrder": 10,
  "RowFields": ["SubDesk1", "SubDesk2", "SubDesk2"],
  "Filter": "Desk = `US Lev Loans",
  "Complex": "Credit",
  "Function": "Trading",
  "Desk": "US Lev Loans"
}, {
  "TabFamily": "Desk",
  "TabFamilyOrder": 3,
  "TabName": "DSP Legacy",
  "TabOrder": 11,
  "RowFields": ["SubDesk1", "SubDesk2", "SubDesk2"],
  "Filter": "Desk = `DSP Legacy",
  "Complex": "DSP",
  "Function": "Legacy",
  "Desk": "DSP Legacy"
}, {
  "TabFamily": "Desk",
  "TabFamilyOrder": 3,
  "TabName": "DSP Ongoing",
  "TabOrder": 12,
  "RowFields": ["SubDesk1", "SubDesk2", "SubDesk2"],
  "Filter": "Desk = `DSP Ongoing",
  "Complex": "DSP",
  "Function": "Trading",
  "Desk": "DSP Ongoing"
}, {
  "TabFamily": "Desk",
  "TabFamilyOrder": 3,
  "TabName": "Munis Primary",
  "TabOrder": 13,
  "RowFields": ["SubDesk1", "SubDesk2", "SubDesk2"],
  "Filter": "Desk = `Munis Primary",
  "Complex": "Munis",
  "Function": "Primary",
  "Desk": "Munis Primary"
}, {
  "TabFamily": "Desk",
  "TabFamilyOrder": 3,
  "TabName": "Munis Trading",
  "TabOrder": 14,
  "RowFields": ["SubDesk1", "SubDesk2", "SubDesk2"],
  "Filter": "Desk = `Munis Trading",
  "Complex": "Munis",
  "Function": "Trading",
  "Desk": "Munis Trading"
}, {
  "TabFamily": "Desk",
  "TabFamilyOrder": 3,
  "TabName": "EU Lending",
  "TabOrder": 15,
  "RowFields": ["SubDesk1", "SubDesk2", "SubDesk2"],
  "Filter": "Desk = `EU Lending",
  "Complex": "SPG",
  "Function": "Lending",
  "Desk": "EU Lending"
}, {
  "TabFamily": "Desk",
  "TabFamilyOrder": 3,
  "TabName": "US CREL",
  "TabOrder": 16,
  "RowFields": ["SubDesk1", "SubDesk2", "SubDesk2"],
  "Filter": "Desk = `US CREL",
  "Complex": "SPG",
  "Function": "Lending",
  "Desk": "US CREL"
}, {
  "TabFamily": "Desk",
  "TabFamilyOrder": 3,
  "TabName": "US Warehouse",
  "TabOrder": 17,
  "RowFields": ["SubDesk1", "SubDesk2", "SubDesk2"],
  "Filter": "Desk = `US Warehouse",
  "Complex": "SPG",
  "Function": "Lending",
  "Desk": "US Warehouse"
}, {
  "TabFamily": "Desk",
  "TabFamilyOrder": 3,
  "TabName": "SPG Primary",
  "TabOrder": 18,
  "RowFields": ["SubDesk1", "SubDesk2", "SubDesk2"],
  "Filter": "Desk = `SPG Primary",
  "Complex": "SPG",
  "Function": "Primary",
  "Desk": "SPG Primary"
}, {
  "TabFamily": "Desk",
  "TabFamilyOrder": 3,
  "TabName": "EU SPG Credit",
  "TabOrder": 19,
  "RowFields": ["SubDesk1", "SubDesk2", "SubDesk2"],
  "Filter": "Desk = `EU SPG Credit",
  "Complex": "SPG",
  "Function": "Trading",
  "Desk": "EU SPG Credit"
}, {
  "TabFamily": "Desk",
  "TabFamilyOrder": 3,
  "TabName": "SPG Retail",
  "TabOrder": 20,
  "RowFields": ["SubDesk1", "SubDesk2", "SubDesk2"],
  "Filter": "Desk = `SPG Retail",
  "Complex": "SPG",
  "Function": "Trading",
  "Desk": "SPG Retail"
}, {
  "TabFamily": "Desk",
  "TabFamilyOrder": 3,
  "TabName": "US SPG Agency",
  "TabOrder": 21,
  "RowFields": ["SubDesk1", "SubDesk2", "SubDesk2"],
  "Filter": "Desk = `US SPG Agency",
  "Complex": "SPG",
  "Function": "Trading",
  "Desk": "US SPG Agency"
}, {
  "TabFamily": "Desk",
  "TabFamilyOrder": 3,
  "TabName": "US SPG Credit",
  "TabOrder": 22,
  "RowFields": ["SubDesk1", "SubDesk2", "SubDesk2"],
  "Filter": "Desk = `US SPG Credit",
  "Complex": "SPG",
  "Function": "Trading",
  "Desk": "US SPG Credit"
}]