[
  {
    "Family": "Opco",
    "Level1": "Opco",
    "Level1Order": 0,
    "Level2": "",
    "Subsite": "Opco"
  },
  {
    "Family": "Complex",
    "Level1": "Credit",
    "Level1Order": 1,
    "Level2": "All",
    "Subsite": "Credit"
  },
  {
    "Family": "Complex",
    "Level1": "DSP",
    "Level1Order": 1,
    "Level2": "All",
    "Subsite": "DSP"
  },
  {
    "Family": "Complex",
    "Level1": "Munis",
    "Level1Order": 1,
    "Level2": "All",
    "Subsite": "Munis"
  },
  {
    "Family": "Complex",
    "Level1": "SPG",
    "Level1Order": 1,
    "Level2": "All",
    "Subsite": "SPG"
  },
  {
    "Family": "Desk",
    "Level1": "Credit",
    "Level1Order": 2,
    "Level2": "Primary",
    "Subsite": "Credit Primary"
  },
  {
    "Family": "Desk",
    "Level1": "Credit",
    "Level1Order": 2,
    "Level2": "Trading",
    "Subsite": "Asia Credit"
  },
  {
    "Family": "Desk",
    "Level1": "Credit",
    "Level1Order": 2,
    "Level2": "Trading",
    "Subsite": "Corp Retail"
  },
  {
    "Family": "Desk",
    "Level1": "Credit",
    "Level1Order": 2,
    "Level2": "Trading",
    "Subsite": "Distressed Trading - AP"
  },
  {
    "Family": "Desk",
    "Level1": "Credit",
    "Level1Order": 2,
    "Level2": "Trading",
    "Subsite": "Distressed Trading - EU"
  },
  {
    "Family": "Desk",
    "Level1": "Credit",
    "Level1Order": 2,
    "Level2": "Trading",
    "Subsite": "Distressed Trading - JP"
  },
  {
    "Family": "Desk",
    "Level1": "Credit",
    "Level1Order": 2,
    "Level2": "Trading",
    "Subsite": "Distressed Trading - NA"
  },
  {
    "Family": "Desk",
    "Level1": "Credit",
    "Level1Order": 2,
    "Level2": "Trading",
    "Subsite": "EU Flow"
  },
  {
    "Family": "Desk",
    "Level1": "Credit",
    "Level1Order": 2,
    "Level2": "Trading",
    "Subsite": "US High Yield"
  },
  {
    "Family": "Desk",
    "Level1": "Credit",
    "Level1Order": 2,
    "Level2": "Trading",
    "Subsite": "US IG"
  },
  {
    "Family": "Desk",
    "Level1": "Credit",
    "Level1Order": 2,
    "Level2": "Trading",
    "Subsite": "US Index"
  },
  {
    "Family": "Desk",
    "Level1": "Credit",
    "Level1Order": 2,
    "Level2": "Trading",
    "Subsite": "US Lev Loans"
  },
  {
    "Family": "Desk",
    "Level1": "DSP",
    "Level1Order": 2,
    "Level2": "Legacy",
    "Subsite": "DSP Legacy"
  },
  {
    "Family": "Desk",
    "Level1": "DSP",
    "Level1Order": 2,
    "Level2": "Trading",
    "Subsite": "DSP Ongoing"
  },
  {
    "Family": "Desk",
    "Level1": "Munis",
    "Level1Order": 2,
    "Level2": "Primary",
    "Subsite": "Munis Primary"
  },
  {
    "Family": "Desk",
    "Level1": "Munis",
    "Level1Order": 2,
    "Level2": "Trading",
    "Subsite": "Munis Trading"
  },
  {
    "Family": "Desk",
    "Level1": "SPG",
    "Level1Order": 2,
    "Level2": "Lending",
    "Subsite": "EU Lending"
  },
  {
    "Family": "Desk",
    "Level1": "SPG",
    "Level1Order": 2,
    "Level2": "Lending",
    "Subsite": "US CREL"
  },
  {
    "Family": "Desk",
    "Level1": "SPG",
    "Level1Order": 2,
    "Level2": "Lending",
    "Subsite": "US Warehouse"
  },
  {
    "Family": "Desk",
    "Level1": "SPG",
    "Level1Order": 2,
    "Level2": "Primary",
    "Subsite": "SPG Primary"
  },
  {
    "Family": "Desk",
    "Level1": "SPG",
    "Level1Order": 2,
    "Level2": "Trading",
    "Subsite": "EU SPG Credit"
  },
  {
    "Family": "Desk",
    "Level1": "SPG",
    "Level1Order": 2,
    "Level2": "Trading",
    "Subsite": "SPG Retail"
  },
  {
    "Family": "Desk",
    "Level1": "SPG",
    "Level1Order": 2,
    "Level2": "Trading",
    "Subsite": "US SPG Agency"
  },
  {
    "Family": "Desk",
    "Level1": "SPG",
    "Level1Order": 2,
    "Level2": "Trading",
    "Subsite": "US SPG Credit"
  }
]