[{
  "Family": "Opco",
  "Level1": "Opco",
  "Level1Order": 0,
  "Level2": "",
  "Subsite": "Opco",
  "Default": true
}, {
  "Family": "Complex",
  "Level1": "Credit",
  "Level1Order": 1,
  "Level2": "All",
  "Subsite": "Credit",
  "Default": false
}, {
  "Family": "Complex",
  "Level1": "DSP",
  "Level1Order": 1,
  "Level2": "All",
  "Subsite": "DSP",
  "Default": false
}, {
  "Family": "Complex",
  "Level1": "Munis",
  "Level1Order": 1,
  "Level2": "All",
  "Subsite": "Munis",
  "Default": false
}, {
  "Family": "Complex",
  "Level1": "SPG",
  "Level1Order": 1,
  "Level2": "All",
  "Subsite": "SPG",
  "Default": false
}, {
  "Family": "Desk",
  "Level1": "Credit",
  "Level1Order": 2,
  "Level2": "Primary",
  "Subsite": "Credit Primary",
  "Default": false
}, {
  "Family": "Desk",
  "Level1": "Credit",
  "Level1Order": 2,
  "Level2": "Trading",
  "Subsite": "Asia Credit",
  "Default": false
}, {
  "Family": "Desk",
  "Level1": "Credit",
  "Level1Order": 2,
  "Level2": "Trading",
  "Subsite": "Corp Retail",
  "Default": false
}, {
  "Family": "Desk",
  "Level1": "Credit",
  "Level1Order": 2,
  "Level2": "Trading",
  "Subsite": "Distressed Trading - AP",
  "Default": false
}, {
  "Family": "Desk",
  "Level1": "Credit",
  "Level1Order": 2,
  "Level2": "Trading",
  "Subsite": "Distressed Trading - EU",
  "Default": false
}, {
  "Family": "Desk",
  "Level1": "Credit",
  "Level1Order": 2,
  "Level2": "Trading",
  "Subsite": "Distressed Trading - JP",
  "Default": false
}, {
  "Family": "Desk",
  "Level1": "Credit",
  "Level1Order": 2,
  "Level2": "Trading",
  "Subsite": "Distressed Trading - NA",
  "Default": false
}, {
  "Family": "Desk",
  "Level1": "Credit",
  "Level1Order": 2,
  "Level2": "Trading",
  "Subsite": "EU Flow",
  "Default": false
}, {
  "Family": "Desk",
  "Level1": "Credit",
  "Level1Order": 2,
  "Level2": "Trading",
  "Subsite": "US High Yield",
  "Default": false
}, {
  "Family": "Desk",
  "Level1": "Credit",
  "Level1Order": 2,
  "Level2": "Trading",
  "Subsite": "US IG",
  "Default": false
}, {
  "Family": "Desk",
  "Level1": "Credit",
  "Level1Order": 2,
  "Level2": "Trading",
  "Subsite": "US Index",
  "Default": false
}, {
  "Family": "Desk",
  "Level1": "Credit",
  "Level1Order": 2,
  "Level2": "Trading",
  "Subsite": "US Lev Loans",
  "Default": false
}, {
  "Family": "Desk",
  "Level1": "DSP",
  "Level1Order": 2,
  "Level2": "Legacy",
  "Subsite": "DSP Legacy",
  "Default": false
}, {
  "Family": "Desk",
  "Level1": "DSP",
  "Level1Order": 2,
  "Level2": "Trading",
  "Subsite": "DSP Ongoing",
  "Default": false
}, {
  "Family": "Desk",
  "Level1": "Munis",
  "Level1Order": 2,
  "Level2": "Primary",
  "Subsite": "Munis Primary",
  "Default": false
}, {
  "Family": "Desk",
  "Level1": "Munis",
  "Level1Order": 2,
  "Level2": "Trading",
  "Subsite": "Munis Trading",
  "Default": false
}, {
  "Family": "Desk",
  "Level1": "SPG",
  "Level1Order": 2,
  "Level2": "Lending",
  "Subsite": "EU Lending",
  "Default": false
}, {
  "Family": "Desk",
  "Level1": "SPG",
  "Level1Order": 2,
  "Level2": "Lending",
  "Subsite": "US CREL",
  "Default": false
}, {
  "Family": "Desk",
  "Level1": "SPG",
  "Level1Order": 2,
  "Level2": "Lending",
  "Subsite": "US Warehouse",
  "Default": false
}, {
  "Family": "Desk",
  "Level1": "SPG",
  "Level1Order": 2,
  "Level2": "Primary",
  "Subsite": "SPG Primary",
  "Default": false
}, {
  "Family": "Desk",
  "Level1": "SPG",
  "Level1Order": 2,
  "Level2": "Trading",
  "Subsite": "EU SPG Credit",
  "Default": false
}, {
  "Family": "Desk",
  "Level1": "SPG",
  "Level1Order": 2,
  "Level2": "Trading",
  "Subsite": "SPG Retail",
  "Default": false
}, {
  "Family": "Desk",
  "Level1": "SPG",
  "Level1Order": 2,
  "Level2": "Trading",
  "Subsite": "US SPG Agency",
  "Default": false
}, {
  "Family": "Desk",
  "Level1": "SPG",
  "Level1Order": 2,
  "Level2": "Trading",
  "Subsite": "US SPG Credit",
  "Default": false
}]