[
	{
		"name": 0,
		"desc": "Test Name",
		"createdAt": "2016-08-13T14:52:09.589Z",
		"updatedAt": "2016-08-13T14:52:09.589Z",
		"id": 1
	},
	{
		"name": 1,
		"desc": "Test Name",
		"createdAt": "2016-08-13T14:52:09.589Z",
		"updatedAt": "2016-08-13T14:52:09.589Z",
		"id": 2
	},
	{
		"name": 2,
		"desc": "Test Name",
		"createdAt": "2016-08-13T14:52:09.589Z",
		"updatedAt": "2016-08-13T14:52:09.589Z",
		"id": 3
	},
	{
		"name": 3,
		"desc": "Test Name",
		"createdAt": "2016-08-13T14:52:09.589Z",
		"updatedAt": "2016-08-13T14:52:09.589Z",
		"id": 4
	},
	{
		"name": 4,
		"desc": "Test Name",
		"createdAt": "2016-08-13T14:52:09.589Z",
		"updatedAt": "2016-08-13T14:52:09.589Z",
		"id": 5
	},
	{
		"name": 5,
		"desc": "Test Name",
		"createdAt": "2016-08-13T14:52:09.589Z",
		"updatedAt": "2016-08-13T14:52:09.589Z",
		"id": 6
	},
	{
		"name": 6,
		"desc": "Test Name",
		"createdAt": "2016-08-13T14:52:09.589Z",
		"updatedAt": "2016-08-13T14:52:09.589Z",
		"id": 7
	},
	{
		"name": 7,
		"desc": "Test Name",
		"createdAt": "2016-08-13T14:52:09.589Z",
		"updatedAt": "2016-08-13T14:52:09.589Z",
		"id": 8
	},
	{
		"name": 8,
		"desc": "Test Name",
		"createdAt": "2016-08-13T14:52:09.589Z",
		"updatedAt": "2016-08-13T14:52:09.589Z",
		"id": 9
	},
	{
		"name": 9,
		"desc": "Test Name",
		"createdAt": "2016-08-13T14:52:09.589Z",
		"updatedAt": "2016-08-13T14:52:09.589Z",
		"id": 10
	},
	{
		"name": 10,
		"desc": "Test Name",
		"createdAt": "2016-08-13T14:52:09.589Z",
		"updatedAt": "2016-08-13T14:52:09.589Z",
		"id": 11
	},
	{
		"name": 11,
		"desc": "Test Name",
		"createdAt": "2016-08-13T14:52:09.589Z",
		"updatedAt": "2016-08-13T14:52:09.589Z",
		"id": 12
	},
	{
		"name": 12,
		"desc": "Test Name",
		"createdAt": "2016-08-13T14:52:09.589Z",
		"updatedAt": "2016-08-13T14:52:09.589Z",
		"id": 13
	},
	{
		"name": 13,
		"desc": "Test Name",
		"createdAt": "2016-08-13T14:52:09.589Z",
		"updatedAt": "2016-08-13T14:52:09.589Z",
		"id": 14
	},
	{
		"name": 14,
		"desc": "Test Name",
		"createdAt": "2016-08-13T14:52:09.589Z",
		"updatedAt": "2016-08-13T14:52:09.589Z",
		"id": 15
	},
	{
		"name": 15,
		"desc": "Test Name",
		"createdAt": "2016-08-13T14:52:09.589Z",
		"updatedAt": "2016-08-13T14:52:09.589Z",
		"id": 16
	},
	{
		"name": 16,
		"desc": "Test Name",
		"createdAt": "2016-08-13T14:52:09.589Z",
		"updatedAt": "2016-08-13T14:52:09.589Z",
		"id": 17
	},
	{
		"name": 17,
		"desc": "Test Name",
		"createdAt": "2016-08-13T14:52:09.589Z",
		"updatedAt": "2016-08-13T14:52:09.589Z",
		"id": 18
	},
	{
		"name": 18,
		"desc": "Test Name",
		"createdAt": "2016-08-13T14:52:09.589Z",
		"updatedAt": "2016-08-13T14:52:09.589Z",
		"id": 19
	},
	{
		"name": 19,
		"desc": "Test Name",
		"createdAt": "2016-08-13T14:52:09.589Z",
		"updatedAt": "2016-08-13T14:52:09.589Z",
		"id": 20
	},
	{
		"name": 20,
		"desc": "Test Name",
		"createdAt": "2016-08-13T14:52:09.589Z",
		"updatedAt": "2016-08-13T14:52:09.589Z",
		"id": 21
	},
	{
		"name": 21,
		"desc": "Test Name",
		"createdAt": "2016-08-13T14:52:09.589Z",
		"updatedAt": "2016-08-13T14:52:09.589Z",
		"id": 22
	},
	{
		"name": 22,
		"desc": "Test Name",
		"createdAt": "2016-08-13T14:52:09.589Z",
		"updatedAt": "2016-08-13T14:52:09.589Z",
		"id": 23
	},
	{
		"name": 23,
		"desc": "Test Name",
		"createdAt": "2016-08-13T14:52:09.589Z",
		"updatedAt": "2016-08-13T14:52:09.589Z",
		"id": 24
	},
	{
		"name": 24,
		"desc": "Test Name",
		"createdAt": "2016-08-13T14:52:09.589Z",
		"updatedAt": "2016-08-13T14:52:09.589Z",
		"id": 25
	},
	{
		"name": 25,
		"desc": "Test Name",
		"createdAt": "2016-08-13T14:52:09.589Z",
		"updatedAt": "2016-08-13T14:52:09.589Z",
		"id": 26
	},
	{
		"name": 26,
		"desc": "Test Name",
		"createdAt": "2016-08-13T14:52:09.589Z",
		"updatedAt": "2016-08-13T14:52:09.589Z",
		"id": 27
	},
	{
		"name": 27,
		"desc": "Test Name",
		"createdAt": "2016-08-13T14:52:09.589Z",
		"updatedAt": "2016-08-13T14:52:09.589Z",
		"id": 28
	},
	{
		"name": 28,
		"desc": "Test Name",
		"createdAt": "2016-08-13T14:52:09.589Z",
		"updatedAt": "2016-08-13T14:52:09.589Z",
		"id": 29
	},
	{
		"name": 29,
		"desc": "Test Name",
		"createdAt": "2016-08-13T14:52:09.589Z",
		"updatedAt": "2016-08-13T14:52:09.589Z",
		"id": 30
	},
	{
		"name": 30,
		"desc": "Test Name",
		"createdAt": "2016-08-13T14:52:09.589Z",
		"updatedAt": "2016-08-13T14:52:09.589Z",
		"id": 31
	},
	{
		"name": 31,
		"desc": "Test Name",
		"createdAt": "2016-08-13T14:52:09.589Z",
		"updatedAt": "2016-08-13T14:52:09.589Z",
		"id": 32
	},
	{
		"name": 32,
		"desc": "Test Name",
		"createdAt": "2016-08-13T14:52:09.589Z",
		"updatedAt": "2016-08-13T14:52:09.589Z",
		"id": 33
	},
	{
		"name": 33,
		"desc": "Test Name",
		"createdAt": "2016-08-13T14:52:09.589Z",
		"updatedAt": "2016-08-13T14:52:09.589Z",
		"id": 34
	},
	{
		"name": 34,
		"desc": "Test Name",
		"createdAt": "2016-08-13T14:52:09.589Z",
		"updatedAt": "2016-08-13T14:52:09.589Z",
		"id": 35
	},
	{
		"name": 35,
		"desc": "Test Name",
		"createdAt": "2016-08-13T14:52:09.589Z",
		"updatedAt": "2016-08-13T14:52:09.589Z",
		"id": 36
	},
	{
		"name": 36,
		"desc": "Test Name",
		"createdAt": "2016-08-13T14:52:09.589Z",
		"updatedAt": "2016-08-13T14:52:09.589Z",
		"id": 37
	},
	{
		"name": 37,
		"desc": "Test Name",
		"createdAt": "2016-08-13T14:52:09.589Z",
		"updatedAt": "2016-08-13T14:52:09.589Z",
		"id": 38
	},
	{
		"name": 38,
		"desc": "Test Name",
		"createdAt": "2016-08-13T14:52:09.589Z",
		"updatedAt": "2016-08-13T14:52:09.589Z",
		"id": 39
	},
	{
		"name": 39,
		"desc": "Test Name",
		"createdAt": "2016-08-13T14:52:09.589Z",
		"updatedAt": "2016-08-13T14:52:09.589Z",
		"id": 40
	},
	{
		"name": 40,
		"desc": "Test Name",
		"createdAt": "2016-08-13T14:52:09.589Z",
		"updatedAt": "2016-08-13T14:52:09.589Z",
		"id": 41
	},
	{
		"name": 41,
		"desc": "Test Name",
		"createdAt": "2016-08-13T14:52:09.589Z",
		"updatedAt": "2016-08-13T14:52:09.589Z",
		"id": 42
	},
	{
		"name": 42,
		"desc": "Test Name",
		"createdAt": "2016-08-13T14:52:09.589Z",
		"updatedAt": "2016-08-13T14:52:09.589Z",
		"id": 43
	},
	{
		"name": 43,
		"desc": "Test Name",
		"createdAt": "2016-08-13T14:52:09.589Z",
		"updatedAt": "2016-08-13T14:52:09.589Z",
		"id": 44
	},
	{
		"name": 44,
		"desc": "Test Name",
		"createdAt": "2016-08-13T14:52:09.589Z",
		"updatedAt": "2016-08-13T14:52:09.589Z",
		"id": 45
	},
	{
		"name": 45,
		"desc": "Test Name",
		"createdAt": "2016-08-13T14:52:09.589Z",
		"updatedAt": "2016-08-13T14:52:09.589Z",
		"id": 46
	},
	{
		"name": 46,
		"desc": "Test Name",
		"createdAt": "2016-08-13T14:52:09.589Z",
		"updatedAt": "2016-08-13T14:52:09.589Z",
		"id": 47
	},
	{
		"name": 47,
		"desc": "Test Name",
		"createdAt": "2016-08-13T14:52:09.589Z",
		"updatedAt": "2016-08-13T14:52:09.589Z",
		"id": 48
	},
	{
		"name": 48,
		"desc": "Test Name",
		"createdAt": "2016-08-13T14:52:09.589Z",
		"updatedAt": "2016-08-13T14:52:09.589Z",
		"id": 49
	},
	{
		"name": 49,
		"desc": "Test Name",
		"createdAt": "2016-08-13T14:52:09.589Z",
		"updatedAt": "2016-08-13T14:52:09.589Z",
		"id": 50
	},
	{
		"name": 50,
		"desc": "Test Name",
		"createdAt": "2016-08-13T14:52:09.589Z",
		"updatedAt": "2016-08-13T14:52:09.589Z",
		"id": 51
	},
	{
		"name": 51,
		"desc": "Test Name",
		"createdAt": "2016-08-13T14:52:09.589Z",
		"updatedAt": "2016-08-13T14:52:09.589Z",
		"id": 52
	},
	{
		"name": 52,
		"desc": "Test Name",
		"createdAt": "2016-08-13T14:52:09.589Z",
		"updatedAt": "2016-08-13T14:52:09.589Z",
		"id": 53
	},
	{
		"name": 53,
		"desc": "Test Name",
		"createdAt": "2016-08-13T14:52:09.589Z",
		"updatedAt": "2016-08-13T14:52:09.589Z",
		"id": 54
	},
	{
		"name": 54,
		"desc": "Test Name",
		"createdAt": "2016-08-13T14:52:09.589Z",
		"updatedAt": "2016-08-13T14:52:09.589Z",
		"id": 55
	},
	{
		"name": 55,
		"desc": "Test Name",
		"createdAt": "2016-08-13T14:52:09.589Z",
		"updatedAt": "2016-08-13T14:52:09.589Z",
		"id": 56
	},
	{
		"name": 56,
		"desc": "Test Name",
		"createdAt": "2016-08-13T14:52:09.589Z",
		"updatedAt": "2016-08-13T14:52:09.589Z",
		"id": 57
	},
	{
		"name": 57,
		"desc": "Test Name",
		"createdAt": "2016-08-13T14:52:09.589Z",
		"updatedAt": "2016-08-13T14:52:09.589Z",
		"id": 58
	},
	{
		"name": 58,
		"desc": "Test Name",
		"createdAt": "2016-08-13T14:52:09.589Z",
		"updatedAt": "2016-08-13T14:52:09.589Z",
		"id": 59
	},
	{
		"name": 59,
		"desc": "Test Name",
		"createdAt": "2016-08-13T14:52:09.589Z",
		"updatedAt": "2016-08-13T14:52:09.589Z",
		"id": 60
	},
	{
		"name": 60,
		"desc": "Test Name",
		"createdAt": "2016-08-13T14:52:09.589Z",
		"updatedAt": "2016-08-13T14:52:09.589Z",
		"id": 61
	},
	{
		"name": 61,
		"desc": "Test Name",
		"createdAt": "2016-08-13T14:52:09.589Z",
		"updatedAt": "2016-08-13T14:52:09.589Z",
		"id": 62
	},
	{
		"name": 62,
		"desc": "Test Name",
		"createdAt": "2016-08-13T14:52:09.589Z",
		"updatedAt": "2016-08-13T14:52:09.589Z",
		"id": 63
	},
	{
		"name": 63,
		"desc": "Test Name",
		"createdAt": "2016-08-13T14:52:09.589Z",
		"updatedAt": "2016-08-13T14:52:09.589Z",
		"id": 64
	},
	{
		"name": 64,
		"desc": "Test Name",
		"createdAt": "2016-08-13T14:52:09.589Z",
		"updatedAt": "2016-08-13T14:52:09.589Z",
		"id": 65
	},
	{
		"name": 65,
		"desc": "Test Name",
		"createdAt": "2016-08-13T14:52:09.589Z",
		"updatedAt": "2016-08-13T14:52:09.589Z",
		"id": 66
	},
	{
		"name": 66,
		"desc": "Test Name",
		"createdAt": "2016-08-13T14:52:09.589Z",
		"updatedAt": "2016-08-13T14:52:09.589Z",
		"id": 67
	},
	{
		"name": 67,
		"desc": "Test Name",
		"createdAt": "2016-08-13T14:52:09.589Z",
		"updatedAt": "2016-08-13T14:52:09.589Z",
		"id": 68
	},
	{
		"name": 68,
		"desc": "Test Name",
		"createdAt": "2016-08-13T14:52:09.589Z",
		"updatedAt": "2016-08-13T14:52:09.589Z",
		"id": 69
	},
	{
		"name": 69,
		"desc": "Test Name",
		"createdAt": "2016-08-13T14:52:09.589Z",
		"updatedAt": "2016-08-13T14:52:09.589Z",
		"id": 70
	},
	{
		"name": 70,
		"desc": "Test Name",
		"createdAt": "2016-08-13T14:52:09.589Z",
		"updatedAt": "2016-08-13T14:52:09.589Z",
		"id": 71
	},
	{
		"name": 71,
		"desc": "Test Name",
		"createdAt": "2016-08-13T14:52:09.589Z",
		"updatedAt": "2016-08-13T14:52:09.589Z",
		"id": 72
	},
	{
		"name": 72,
		"desc": "Test Name",
		"createdAt": "2016-08-13T14:52:09.589Z",
		"updatedAt": "2016-08-13T14:52:09.589Z",
		"id": 73
	},
	{
		"name": 73,
		"desc": "Test Name",
		"createdAt": "2016-08-13T14:52:09.589Z",
		"updatedAt": "2016-08-13T14:52:09.589Z",
		"id": 74
	},
	{
		"name": 74,
		"desc": "Test Name",
		"createdAt": "2016-08-13T14:52:09.589Z",
		"updatedAt": "2016-08-13T14:52:09.589Z",
		"id": 75
	},
	{
		"name": 75,
		"desc": "Test Name",
		"createdAt": "2016-08-13T14:52:09.589Z",
		"updatedAt": "2016-08-13T14:52:09.589Z",
		"id": 76
	},
	{
		"name": 76,
		"desc": "Test Name",
		"createdAt": "2016-08-13T14:52:09.589Z",
		"updatedAt": "2016-08-13T14:52:09.589Z",
		"id": 77
	},
	{
		"name": 77,
		"desc": "Test Name",
		"createdAt": "2016-08-13T14:52:09.589Z",
		"updatedAt": "2016-08-13T14:52:09.589Z",
		"id": 78
	},
	{
		"name": 78,
		"desc": "Test Name",
		"createdAt": "2016-08-13T14:52:09.589Z",
		"updatedAt": "2016-08-13T14:52:09.589Z",
		"id": 79
	},
	{
		"name": 79,
		"desc": "Test Name",
		"createdAt": "2016-08-13T14:52:09.589Z",
		"updatedAt": "2016-08-13T14:52:09.589Z",
		"id": 80
	},
	{
		"name": 80,
		"desc": "Test Name",
		"createdAt": "2016-08-13T14:52:09.589Z",
		"updatedAt": "2016-08-13T14:52:09.589Z",
		"id": 81
	},
	{
		"name": 81,
		"desc": "Test Name",
		"createdAt": "2016-08-13T14:52:09.589Z",
		"updatedAt": "2016-08-13T14:52:09.589Z",
		"id": 82
	},
	{
		"name": 82,
		"desc": "Test Name",
		"createdAt": "2016-08-13T14:52:09.589Z",
		"updatedAt": "2016-08-13T14:52:09.589Z",
		"id": 83
	},
	{
		"name": 83,
		"desc": "Test Name",
		"createdAt": "2016-08-13T14:52:09.589Z",
		"updatedAt": "2016-08-13T14:52:09.589Z",
		"id": 84
	},
	{
		"name": 84,
		"desc": "Test Name",
		"createdAt": "2016-08-13T14:52:09.589Z",
		"updatedAt": "2016-08-13T14:52:09.589Z",
		"id": 85
	},
	{
		"name": 85,
		"desc": "Test Name",
		"createdAt": "2016-08-13T14:52:09.589Z",
		"updatedAt": "2016-08-13T14:52:09.589Z",
		"id": 86
	},
	{
		"name": 86,
		"desc": "Test Name",
		"createdAt": "2016-08-13T14:52:09.589Z",
		"updatedAt": "2016-08-13T14:52:09.589Z",
		"id": 87
	},
	{
		"name": 87,
		"desc": "Test Name",
		"createdAt": "2016-08-13T14:52:09.589Z",
		"updatedAt": "2016-08-13T14:52:09.589Z",
		"id": 88
	},
	{
		"name": 88,
		"desc": "Test Name",
		"createdAt": "2016-08-13T14:52:09.589Z",
		"updatedAt": "2016-08-13T14:52:09.589Z",
		"id": 89
	},
	{
		"name": 89,
		"desc": "Test Name",
		"createdAt": "2016-08-13T14:52:09.589Z",
		"updatedAt": "2016-08-13T14:52:09.589Z",
		"id": 90
	},
	{
		"name": 90,
		"desc": "Test Name",
		"createdAt": "2016-08-13T14:52:09.589Z",
		"updatedAt": "2016-08-13T14:52:09.589Z",
		"id": 91
	},
	{
		"name": 91,
		"desc": "Test Name",
		"createdAt": "2016-08-13T14:52:09.589Z",
		"updatedAt": "2016-08-13T14:52:09.589Z",
		"id": 92
	},
	{
		"name": 92,
		"desc": "Test Name",
		"createdAt": "2016-08-13T14:52:09.589Z",
		"updatedAt": "2016-08-13T14:52:09.589Z",
		"id": 93
	},
	{
		"name": 93,
		"desc": "Test Name",
		"createdAt": "2016-08-13T14:52:09.589Z",
		"updatedAt": "2016-08-13T14:52:09.589Z",
		"id": 94
	},
	{
		"name": 94,
		"desc": "Test Name",
		"createdAt": "2016-08-13T14:52:09.589Z",
		"updatedAt": "2016-08-13T14:52:09.589Z",
		"id": 95
	},
	{
		"name": 95,
		"desc": "Test Name",
		"createdAt": "2016-08-13T14:52:09.589Z",
		"updatedAt": "2016-08-13T14:52:09.589Z",
		"id": 96
	},
	{
		"name": 96,
		"desc": "Test Name",
		"createdAt": "2016-08-13T14:52:09.589Z",
		"updatedAt": "2016-08-13T14:52:09.589Z",
		"id": 97
	},
	{
		"name": 97,
		"desc": "Test Name",
		"createdAt": "2016-08-13T14:52:09.589Z",
		"updatedAt": "2016-08-13T14:52:09.589Z",
		"id": 98
	},
	{
		"name": 98,
		"desc": "Test Name",
		"createdAt": "2016-08-13T14:52:09.589Z",
		"updatedAt": "2016-08-13T14:52:09.589Z",
		"id": 99
	},
	{
		"name": 99,
		"desc": "Test Name",
		"createdAt": "2016-08-13T14:52:09.589Z",
		"updatedAt": "2016-08-13T14:52:09.589Z",
		"id": 100
	},
	{
		"name": "randomTask",
		"createdAt": "2016-08-13T14:52:09.633Z",
		"updatedAt": "2016-08-13T14:52:09.633Z",
		"id": 101
	},
	{
		"name": "randomTask",
		"createdAt": "2016-08-13T14:52:09.657Z",
		"updatedAt": "2016-08-13T14:52:09.657Z",
		"id": 102
	},
	{
		"name": " rand task2",
		"createdAt": "2016-08-13T14:52:09.679Z",
		"updatedAt": "2016-08-13T14:52:09.679Z",
		"id": 103
	}
]