{
	"peers": {
		"a": "127.0.0.1",
		"b": "127.0.0.1:15011"
	},
	"port": "14010",
	"links": {
		"a": [
			"b",
			"c"
		],
		"b": [],
		"e": [
			"d"
		],
		"d": "b",
		"f": "e"
	},
	"databasename": "yetidb",
	"tables": [
		"users","file","sessions","credits"
	],
	"tableDefs": {
		"file": {
			"fields": {
				"id": "0",
				"originalFilename": "",
				"shortUrl": "",
				"fileType": "",
				"extension": "",
				"fileSize": "0",
				"localFilePath": "",
				"ipAddress": "",
				"serverName": "",
				"machineName": "",
				"userId": "0",
				"totalDownload": "0",
				"uploadedIP": "",
				"uploadedDate": "date",
				"statusId": "0",
				"visits": "0",
				"lastAccessed": "date",
				"deleteHash": "",
				"folderId": "0",
				"sanitized_name": "",
				"year": "0",
				"imdb_id": "",
				"encoding": "",
				"rating_count": "0",
				"rating": "0",
				"season_number": "0",
				"episode_number": "0",
				"content_id": "0",
				"episode_name": "",
				"series_name": "",
				"series_id": "",
				"name": "",
				"desc": "",
				"serverId": "0",
				"adminNotes": "",
				"accessPassword": "",
				"createdAt": "date",
				"updatedAt": "date",
				"source_node": "",
				"id_timestamp": "",
				"updated_by_source": "",
				"global_updated_at": "date",
				"version": "",
				"deleted": true,
				"deleted_at": "date",
				"local_record": true
			},
			"tableName": "file"
		},
		"users": {
			"fields": {
				"id": "0",
				"username": "",
				"password": "",
				"level": "enum('FREE USER','INVITED','NEOPHITE','PAID USER','ADMIN','TEST')",
				"email": "",
				"lastlogindate": "date",
				"lastloginip": "",
				"status": "enum('ACTIVE','PENDING','DISABLED','SUSPENDED')",
				"title": "",
				"firstname": "",
				"lastname": "",
				"credits": "0",
				"createdip": "",
				"lastPaymentSequence": "0",
				"lastPayment": "date",
				"paidExpiryDate": "date",
				"paymentTracker": "",
				"passwordResetHash": "",
				"identifier": "",
				"apikey": "",
				"test_item": true,
				"source_node": "",
				"profile": "",
				"id_timestamp": "",
				"global_updated_at": "date",
				"version": "0",
				"deleted": true,
				"deleted_at": "date",
				"createdAt": "date",
				"updatedAt": "date"
			},
			"tableName": "users"
		},
		"sessions": {
			"tableName": "sessions",
			"fields": {
				"id": "",
				"data": "",
				"createdAt": "date",
				"updatedAt": "date",
				"source_node": "",
				"id_timestamp": "",
				"updated_by_source": "",
				"global_updated_at": "date",
				"version": "",
				"deleted": true,
				"deleted_at": "date",
				"local_record": true
			}
		},
		"credits": {
			"tableName": "credits",
			"fields": {
				"id": "0",
				"name": "",
				"user_id": "0",
				"content_id": "0",
				"imdb_id": "",
				"series_id": "",
				"notes": "",
				"real_id": "",
				"source_node": "",
				"id_timestamp": "",
				"updated_by_source": "",
				"global_updated_at": "date",
				"deleted_at": "date",
				"version": "0",
				"deleted": true,
				"local_record": true,
				"createdAt": "date",
				"updatedAt": "date"
			}
		}
	},
	"password": "wishing on 3 wells for downstairs",
	"name": "test splurge",
	"overrides": {
		"a": {},
		"b": null
	}
}