[
	{
		"text": "And with their huge numbers, they had built a selfcontained world unto themselves, complete with their own health-care system (concierge doctors), travel network (Net Jets, destination clubs), separate economy (double-digit income gains and double-digit inflation), and language (“Who's your household manager?”)",
		"currentIndex": "39",
		"date": "2016-08-30T21:50:37.238Z"
	},
	{
		"text": "Of course, Americans are conflicted about all this wealth. On the one hand, Richistanis represent all that's great about the American economy and the ability of just about anyone anywhere to become wealthy. Yet Richistan also symbolizes the huge gap that's opened up between the rich and everyone else. Even as the rich have grown more numerous, they have also become more financially and culturally removed from the rest of America.",
		"notes": "great.quote...iloveit",
		"currentIndex": "65",
		"date": "2016-08-30T21:52:13.665Z"
	},
	{
		"text": "The economist John Kenneth Galbraith once wrote that “Of all the classes, the wealthy are the most noticed and the least studied.” That has never been more true than today. To understand inequality, we need to first understand Richistan and the people who live there.",
		"notes": "quote",
		"currentIndex": "70",
		"date": "2016-08-30T21:52:28.457Z"
	},
	{
		"text": "shoes and beach homes. Lower Richistanis have taken on billions of dollars in debt over the past decade. About 20 percent of Lower Richistanis spent all of their income or more in 2004.\nMany Richistanis say that Lower Richistanis don't even belong in their country. They refer to the Lowers as “affluent”—the ultimate Richistani insult. In the words of Andrew Carnegie, that great Richistani patriarch, Lower Richistanis represent “not wealth, but only competence.”\nSo let's go a bit higher.",
		"currentIndex": "122",
		"date": "2016-08-30T21:58:59.918Z"
	},
	{
		"text": "iddle Richistan, families have net worths of between $10 million and $100 million. Here too the population has exploded, to more than 1.4 million. Yet life here is a little more comfortable. The homes are bigger, the art is nicer and most of the residents have vacation homes. Most Middle Richistanis make their money from salaries, small businesses or investment returns.",
		"currentIndex": "125",
		"date": "2016-08-30T21:59:10.681Z"
	},
	{
		"text": "higher emphasis on education, environment, and technology policy.",
		"currentIndex": "131",
		"date": "2016-08-30T21:59:31.500Z"
	},
	{
		"text": "The lives of Upper Richistanis have become incredibly complicated. To run them, they're creating “family offices”—large companies dedicated entirely to serving a family's day-to-day needs, from investments and legal work to travel plans and hiring house staff. Upper Richistanis rarely open their own mail or pay their own bills, which may help explain why the average annual spa bill in Upper Richistan is $107,000.",
		"currentIndex": "141",
		"date": "2016-08-30T22:00:06.949Z"
	},
	{
		"text": "When you live in Upper Richistan, your entire philosophy of money changes. You realize that you can't possibly spend all of your fortune, or even part of it, in your lifetime and that your money will probably grow over the years even if you spend lavishly. So Upper Richistanis plan their finances for the next hundred years. They don't buy mutual funds; they buy timber land, oil rigs and office towers.",
		"currentIndex": "145",
		"date": "2016-08-30T22:00:19.056Z"
	},
	{
		"text": "hich tracks the wealthy, says her personal list has more than 1,000 billionaires in the United States, most of whom have stayed under the public radar.\nThe personal lives of billionaires are more like companies. Their homes are like hotels—sprawling campuses with their own logos, purchasing budgets and legions of staff. Ask a billionaire for his or her bank statement and you'll get a five-level flowchart of interlocking subsidiaries, holding companies, investment funds and foundations.",
		"currentIndex": "152",
		"date": "2016-08-30T22:00:43.840Z"
	},
	{
		"text": "And they learn that the rich live in constant fear of germs.\n“They're health freaks,” says Raymond Champion, Starkey's chief instructor, standing at the whiteboard in Starkey's basement classroom. “These people are very successful and guess what, they want to live forever. These are very germ-oriented people. Get used to it. Germs are huge in this world.”",
		"currentIndex": "206",
		"date": "2016-08-30T22:03:48.218Z"
	},
	{
		"text": "Most of all, the Starkey students learn never to judge their employers, whom they call “principals.” If a principal wants to feed her shih tzu braised beef tenderloin steaks every night, the butler should serve it up with a smile. If a principal is in Palm Beach and wants to send his jet to New York to pick up a Chateau LaTour from his South Hampton cellar, the butler makes it happen, no questions asked.",
		"currentIndex": "213",
		"date": "2016-08-30T22:04:16.218Z"
	},
	{
		"text": "The Old Money families with their whitegloved, balding butlers were gone. In their place was a new generation of young, self-made entrepreneurs and finance types who worked round the clock and built tech-loaded mansions. These New Rich didn't want a stuffy house mascot. They needed a guy (or, more often, a woman) who could get things done and manage their increasingly complicated homes.\nThe perfect butler would be able to oversee 30 vendors—from the pool cleaners and landscapers to the home-theater installer and dog groomer. She would be able to manage a house budget of $2 million a year and detail every item on an Excel spreadsheet.",
		"currentIndex": "332",
		"date": "2016-08-30T22:09:59.518Z"
	},
	{
		"text": "Richistanis didn't want butlers. They wanted a chief operating officer for My Life Inc. So in 1990, Mary Starkey sat down with a dictionary and started looking for a word to describe the new style of butler.\nEventually she came up with her own term: “household manager.” With the new title, Mary Starkey rebranded the butler and launched an industry. ",
		"currentIndex": "338",
		"date": "2016-08-30T22:10:21.068Z"
	},
	{
		"text": "she has to focus more on what they say than on what they do. The newly wealthy, for instance, love to say that they're simple middle-class people, even if they happen to own four homes and a Gulfstream.",
		"currentIndex": "366",
		"date": "2016-08-30T22:12:04.197Z"
	},
	{
		"text": "Ms. Starkey also has to work around the tendency of today's rich to get chummy with their help. Her clients have perfected the art of faux populism and hate the idea of being stuffy bosses. They want to show they can be “friends” with their help—even when they're not.",
		"currentIndex": "376",
		"date": "2016-08-30T22:12:33.336Z"
	},
	{
		"text": "“If your employer says to you, ‘Oh just call me Chandra and this is Jim,’ do not accept,” Starkey tells the class. “Have you ever asked for a raise from ‘Chandra’? You're not best buds. People project all kinds of relationships on to you . . . mother, daughter, father, sister, friend. But you are a professional. Boundaries are critical.",
		"currentIndex": "386",
		"date": "2016-08-30T22:12:49.434Z"
	},
	{
		"text": "she said. “And I realized that I came to Starkey to learn about grace and deportment, and that's what Champion was teaching me.”",
		"currentIndex": "461",
		"date": "2016-08-30T22:17:02.123Z"
	},
	{
		"text": "Just as new butlers need training, so do the New Rich. Since most of today's Richistanis grew up middle class, they're not used to having servants. They're used to doing things themselves, and they're uncomfortable with the stuffy formalities that often come with hiring house staff.",
		"currentIndex": "492",
		"date": "2016-08-30T22:18:23.113Z"
	},
	{
		"text": "ake the case of Bob, a realestate tycoon and ranch owner in the Far West. Bob, his wife and two kids live on 800 acres of land with 10,000 square feet of living space. They have a main house, art studio, hunting cabin and other buildings scattered around the property. To manage it all, Bob hired six house staff, including a household manager from Starkey",
		"currentIndex": "499",
		"date": "2016-08-30T22:18:41.764Z"
	},
	{
		"text": "It's bizarre,” he says. “It's not as glamorous as it sounds to have a house staff. You have all these people touching everything from your underwear to your medicine. It's not really our preference.“\nThe reason he hired all that help was to give him and his wife more time with their kids. Since they run their own business, they're not home much and wanted to spend their free time with their two sons, rather than cooking, cleaning or mowing the lawn",
		"currentIndex": "503",
		"date": "2016-08-30T22:18:52.947Z"
	},
	{
		"text": "We've had plenty of surly people work for us, and you can tell, they resent it. Our crew now, they understand that we're just normal people and that we have them there so we can spend time with our kids. I think they respect that.”",
		"currentIndex": "540",
		"date": "2016-08-30T22:20:26.110Z"
	},
	{
		"text": "Yet Bob still has moments when he wonders how his life got so complicated. Aside from his six staff—the household manager, cleaning woman, assistant, landscaper and her two laborers—he estimates that he has about 200 vendors who regularly come to the house.\n“I just learned that we have a potassium expert because we grow grapes,” he says. “I never thought I'd have a soil doctor. And we have this woman who comes in to do faux French finishes on our cabinets. And a special guy who comes in to fix our French faucets. It turns out you can't just call A1 plumbing to fix an Etoile faucet.\n“I get e-mails during the day saying ‘Please approve $8,000 payment for aerator for the north pond.’ Our grocery list is done on an Excel spreadsheet. We even have another Excel spreadsheet for our pool temperatures. That's pretty strange.”",
		"currentIndex": "551",
		"date": "2016-08-30T22:20:57.373Z"
	},
	{
		"text": "48 percent of the total, to just over 20 percent in the mid to late 1970s, leading economists Claudia Goldin and Robert Margo to label the period as the Great Compression. Culturally and politically, the rich fell out of favor:\n \nThe middle class ethos ruled . . . the rich had become ‘inconspicuous consumers,’ either suffering from a guilt complex or afraid of giving visible offense. Their big houses had been sold off to become orphanages or old-age homes and fewer upper-income families had servants.",
		"currentIndex": "604",
		"date": "2016-08-30T22:23:43.368Z"
	},
	{
		"text": "he current wealth boom is the result of this classic convergence of economic forces—the rise of financial markets, new technologies and a freer flow of goods and information around the world. Yet it is the growth in finance, more than any other factor, that is driving the Third Wave and allowing people to become richer, faster than ever before.",
		"currentIndex": "617",
		"date": "2016-08-30T22:24:31.799Z"
	},
	{
		"text": "e bankers like to hear most are “liquidity event.” A liquidity event is the magic moment when an entrepreneur or corporate executive sells his or her stake in a company for truckloads of cash. Bankers love liquidity events, ",
		"currentIndex": "621",
		"date": "2016-08-30T22:24:46.728Z"
	},
	{
		"text": "“Technology, access to capital and liquidity opportunities have all created faster cycle times when it comes to starting your own business,” says Parker. “Once you start a business, and you're in the fray, you oftentimes spot another business opportunity and you can do it again.”\nThe rewards for selling out have also gotten larger. With so much money searching for investment returns, the prices of valuable assets have soared. Iranian immigrants Paul Merage and his brother David launched Hot Pockets—the foil-wrapped frozen snacks—in the early 1990s and sold the business to Nestlé in 2002 for $2.6 billion.",
		"currentIndex": "716",
		"date": "2016-08-30T22:30:29.540Z"
	},
	{
		"text": "Liquor magnate Sidney Frank created a new brand of vodka, called Grey Goose, and sold it to Bacardi for $2.3 billion.\n ",
		"currentIndex": "720",
		"date": "2016-08-30T22:30:37.291Z"
	},
	{
		"text": "The Tax Policy Center estimates that 80 percent of the tax savings from the Bush tax cuts went to the top 10 percent of taxpayers. Almost one-fifth of the benefits went to the top one-tenth of 1 percent. Efforts by Republicans, encouraged by several Old Money families, to repeal the estate tax would be a further boon for the rich, since the tax applies only to estates larger than $2 million.",
		"currentIndex": "731",
		"date": "2016-08-30T22:31:27.062Z"
	},
	{
		"text": "ealth creation, or what Harvard professor William Z. Ripley referred to in the Roaring Twenties as “prestidigitation, double-shuffling, honey-fugling, hornswoggling and skulduggery.”",
		"currentIndex": "733",
		"date": "2016-08-30T22:31:41.349Z"
	},
	{
		"text": "There are other, more objective benchmarks for what counts as “rich” today. To get into most private banks and trust companies today you need at least $10 million in investible assets. Some banks, like J.P. Morgan, require minimums of $25 million. Even then, you may not get VIP treatment; at Citigroup Private Bank, only clients with $100 million or more get into its Private Capital Partner's Group, which offers more lucrative deals and better investments. Let's say for now, however, that $10 million is the entry price for being rich in the eyes of those who manage money.",
		"currentIndex": "764",
		"date": "2016-08-30T22:35:10.545Z"
	},
	{
		"text": "Most financial advisers say that today's rich need incomes of at least $500,000 to $1 million to live an upscale lifestyle, what with private school, a vacation home, maids, nannies and the like. That would require a fortune of at least $10 million, or probably more like $20 million. It's not huge, by today's standards. But it's enough to lead a comfortable life in Lower or Middle Richistan. ",
		"currentIndex": "772",
		"date": "2016-08-30T22:35:39.054Z"
	},
	{
		"text": "Ed loved it. The piece was so detailed that it transported him to another world.\n“It was just a little piece of ceramic, but it was very exciting. It was nostalgic.”\nBazinet asked the potter if he could make some changes, like cutting holes in the windows and installing a light so it would glow like a real house at night.\nThe potter frowned.\n“Then it wouldn't be a cookie jar,” he said.\n“Well, we could call it a night-light,” Bazinet said.",
		"currentIndex": "832",
		"date": "2016-08-30T22:38:36.556Z"
	},
	{
		"text": " He spent hours and hours on the plant floor, teaching the factory workers how to paint the tiny shutters and getting the roof shingles just so",
		"currentIndex": "845",
		"date": "2016-08-30T22:39:09.340Z"
	},
	{
		"text": "Ed came up with a novel idea. Instead of getting people to buy one or two Victorian night-lights, why not get them to buy 10 or 12? People could buy entire villages of nightlights.\n“The innovation was turning these houses into a scene, a real village,” he said.\nEd did most of the designs himself. He created miniature ceramic fire stations, post offices, schools, train stations and stores. He built tiny pet stores, barbershops, car dealerships, diners, toy stores and even a snow-covered trailer park. He did licensing deals and made a Coca-Cola bottling plant and Budweiser brewery. One of his favorites was the NFL stadium. “That was complicated, and pretty tough to build,” he says.",
		"currentIndex": "856",
		"date": "2016-08-30T22:39:42.031Z"
	},
	{
		"text": " Many of the customers lived in the suburbs of Florida and California—snowbirds who missed the winter wonderlands and small towns of their youth. Yet they were all devoted Department 56 customers. They became like Star Trek fans, holding their own conventions and trade shows, and anxiously awaiting news on the latest village designs.",
		"currentIndex": "870",
		"date": "2016-08-30T22:40:27.290Z"
	},
	{
		"text": "“I know it's hard for some people to understand,” he says. “But I'm not money motivated. For me it was all about my product line and having success with that product that was in high demand. It was about selling to the right stores. I'm a merchant at heart.”",
		"currentIndex": "886",
		"date": "2016-08-30T23:28:29.952Z"
	},
	{
		"text": "Bazinet and the Bachmans decided to sell. They didn't want to go public, since Ed hated all the badgering and second-guessing from shareholders. So they shopped the firm around Wall Street and eventually settled on a deal with the buyout shop Forstmann Little",
		"currentIndex": "896",
		"date": "2016-08-30T23:29:08.732Z"
	},
	{
		"text": " would have said no. But a jet? Wow. Every time I stepped onto the plane I felt like a kid walking into a candy store. I never quite got over it.”",
		"currentIndex": "924",
		"date": "2016-08-30T23:30:42.687Z"
	},
	{
		"text": "“It's not comfortable,” he says. “Sometimes you don't know until you're living in a space. But this feels too big for two people. It's great when you have people over for a party. But upstairs it feels like a big fishbowl with just a few people. There are no cozy areas.”\nSo Ed has put the house on the market through Sotheby's. The asking price: $28.5 million.",
		"notes": "like in design housebbook",
		"currentIndex": "978",
		"date": "2016-08-30T23:46:56.973Z"
	},
	{
		"text": "“I have trouble relaxing,” he says. “But I'm learning.”\nThere is one luxury, however, that he couldn't live without: the jet. After leaving Department 56, he bought part ownership in a Gulfstream, which he used to travel to Europe, Africa and his ranch on Montana. He decided to sell it because he started feeling guilty about the expense.\n“Maybe it's my midwestern personality. I just kept thinking that was money I could be spending for kids' charity or something else.”\nIn 2005, after enduring the hassles of commercial flights and the expense of charters, he wanted the plane back. So he recently purchased another Gulfstream with a partner.",
		"currentIndex": "980",
		"date": "2016-08-30T23:47:06.132Z"
	},
	{
		"text": "“Where the hell am I?” he asks, rubbing his eyes, somewhere off the coast of Mexico. “I've been waking up in a different place every day this week. I feel like a vagabond.”\n“Vagabond” is a relative term when you're traveling with Tim Blixseth.",
		"currentIndex": "1003",
		"date": "2016-08-30T23:50:03.468Z"
	},
	{
		"text": "nd Yellowstone Club World becoming two of the most popular playgrounds for the superrich.\nAnd that's just a side business. Blixseth buys and sells land, and owns more than 500,000 acres of property in the United States and Mexico. He day-trades stocks, funds start-up companies, runs his own charitable foundation, develops real estate, operates his own music label and writes pop songs.\nBlixseth is so busy that he tends to forget that he officially “retired” more",
		"currentIndex": "1041",
		"date": "2016-08-30T23:57:22.508Z"
	},
	{
		"text": "Blixseth and his kind are reinventing the leisure class. The idle rich are being replaced by the workaholic wealthy. They don't have the time or patience to putter around the croquet court or sip away the hours in the polo box like Old Money. In an economy driven more than ever by competition and innovation, the people who succeed tend to be those who thrive on risk, reinvention and brutal hours. Richistanis are younger than the rich of the past, and far more likely to be working or running their own businesses. They climbed their way up from the middle class and continue to define themselves by their 18-hour days and outsized productivity.",
		"currentIndex": "1042",
		"date": "2016-08-30T23:57:29.011Z"
	},
	{
		"text": "After a few months, Tim realized he wasn't cut out for retirement. He needed projects, deals and problems to solve.\n“He was miserable,” Edra recalls. “So were we.”",
		"currentIndex": "1133",
		"date": "2016-08-31T00:08:09.439Z"
	},
	{
		"text": "Because of its size and importance, the deal required special approval from Congress. (Tim is a generous donor to Republican and Democratic politicians.)",
		"currentIndex": "1138",
		"date": "2016-08-31T00:11:12.643Z"
	},
	{
		"text": " wait in lift lines or dodge the hoi polloi. On the golf course, tee times are unheard-of. Legions of club staff are always on hand to prewarm the members' ski boots, stock their homes with groceries and flowers and, in one case, hand-slice special meat for their dogs.\nIndeed, the big draw of the Yellowstone Club is the comfort of knowing that everyone around you is wealthy.\n“People can relax and be themselves,” Edra says. “They can let their kids run around without worrying about them.”\nBy 2005, however, Tim was getting restless again. He needed a new project.",
		"currentIndex": "1162",
		"date": "2016-08-31T00:12:32.025Z"
	},
	{
		"text": "He needed a new project. One day, a Yellowstone member asked him about destination clubs, in which members pay six-figure annual dues to stay at upscale vacation homes. Tim and Edra liked the idea so much they decided to create their own, but on a much grander scale.\nUsing hundreds of millions of dollars of their own money, they went on a global shopping spree to find the most exotic and private escapes in the world. “They had to be places that even the wealthy can't find or afford on their own,” as Tim puts it. “They had to have the wow factor. Or more like the double wow factor.”\nThey bought a plot of land near St. Andrews, Scotland",
		"currentIndex": "1168",
		"date": "2016-08-31T00:12:50.733Z"
	},
	{
		"text": "For all his wealth, Tim Blixseth hates being labeled “rich.” Rich people, he says, are stuffy, pretentious and out of touch. Richistanis like to think of themselves as ordinary people, albeit with extraordinary fortunes. They go out of their way to appear normal. Richistanis wear polo shirts, casual slacks and open-collar dress shirts, forsaking the old uniform of monogrammed shirts and suits. As one Palm Beacher told me: “Suits are for the people who work for me.” Richistanis describe themselves as “down to earth,” even as they take off in their private Gulfstreams. As the billionaire vulture investor David Tepper told The Wall Street Journal recently, “I'm just a middle-class dad trapped in a rich man's body.”",
		"currentIndex": "1187",
		"date": "2016-08-31T00:16:06.242Z"
	},
	{
		"text": "Wealth, he adds, can bring out the worst—or best—in people, making them a more exaggerated version of themselves.\n“Money is like a truth serum. It brings out people's true nature. So if someone's already a jerk, they become more of a jerk after they're rich.”\nWhen I remind him that he's a billionaire, he says: “When people say that, I think they're talking about someone else. Billion is a number that seems so far on the horizon it doesn't even sound real to me.”",
		"currentIndex": "1197",
		"date": "2016-08-31T00:16:34.410Z"
	},
	{
		"text": "Blixseth and other Richistanis have dual personalities, with middle-class values and upper-class lifestyles.",
		"currentIndex": "1202",
		"date": "2016-08-31T00:16:55.201Z"
	},
	{
		"text": "At the same time, Blixseth's lifestyle is expanding so quickly he sometimes loses track. One night over dinner, I ask Tim and Edra how many house staff they employ at Porcupine Creek.\n“With the maids, security guys, spa staff, kitchen and everything,” Tim says, “probably about 60 or 70.”\nEdra interrupts. “It's more than that.”\n“More?” Tim asks.\n“It's 105,” she says\n“If it's 105 we have a problem,” Tim says.\n“I just counted yesterday. It's 105.”",
		"currentIndex": "1233",
		"date": "2016-08-31T00:18:28.745Z"
	},
	{
		"text": "major balls. At charity events, he became known for grabbing the microphone at the end of the night and announcing pledges of $20,000 or more. While charitable donations have always been the main currency for acquiring social status in Palm Beach, Fireman's flamboyancy and self-promotion went a step too far for the Old Guard.\n“Simon Fireman gives to benefit Simon Fireman,” says one leading socialite.\nFireman insists he gives from the heart. Over lunch at Mar-a-Lago one afternoon, he told me that giving to others is his greatest joy. To prove it, he pulled from his jacket pocket a two-page spreadsheet of all his charitable donations for over a decade, which he said I was free to publish.\n“I can't help myself,” he said. “When I see pain and trouble in the world, I have to give. This power overcomes me.”\n",
		"currentIndex": "1581",
		"date": "2016-08-31T01:19:29.158Z"
	},
	{
		"text": " They accused Fireman of being a showy arriviste trying to buy his way into society. ",
		"currentIndex": "1593",
		"date": "2016-08-31T01:19:59.452Z"
	},
	{
		"text": "with sagging bow ties and overly puffy dresses. One longtime Palm Beacher said to me: “Last year, there were people here from Boca, and that was bad enough. ",
		"currentIndex": "1615",
		"date": "2016-08-31T01:21:24.780Z"
	},
	{
		"text": "s, with sagging bow ties and overly puffy dresses. One longtime Palm Beacher said to me: “Last year, there were people here from Boca, and that was bad enough.",
		"currentIndex": "1617",
		"date": "2016-08-31T01:21:29.819Z"
	},
	{
		"text": "The tensions between Old Money and New Money have been around long before the Third Wave. In ancient Greece, the landed wealthy repeatedly feuded with New Money, who were traders making their fortunes from importing and exporting luxury goods like spices, perfumes and linens. Chester Starr, the Greek historian, wrote that the Greek nouveaux, at the same time they were trying to vanquish the Old Guard, were also desperate to be accepted in their social circles. He writes, “. . . the kakoi (nouveaux) who gained wealth and standing sought to imitate the aristocrats socially, and this social assertiveness was probably their most irritating characteristic in noble eyes, even if it was a compliment.”",
		"currentIndex": "1652",
		"date": "2016-08-31T01:23:13.578Z"
	},
	{
		"text": "iet, blue-blood bedroom community for Manhattan lawyers and doctors—has become a hedge-fund playground filled with flashy billionaires. Local housing prices have skyrocketed, mainly from hedge-fund buyers. Quiet cafés that used to host the ladies-who-lunch crowd have been overshadowed by designer food palaces like L'Escale, which serves crispy duck with grilled pineapple and has a patio overlooking a new yacht club. The old yacht club, Indian Harbor, is bowing to pressure (and money) to host events like “Bermuda Night” for the local hedge-fund association.",
		"currentIndex": "1682",
		"date": "2016-08-31T01:28:17.879Z"
	},
	{
		"text": "ightly in The Protestant Establishment that the ruling elite became too insulated from the outside world to remain competitive in a fast-changing economy.\nToday, Instapreneurs come from all walks of life, and there is no identifiable “ruling class” or single set of values among the newly wealthy. While Old Wealth prided itself on modesty, tradition, public service, charity and sophisticated leisure, Richistanis pride themselves on their middle-class ethic, self-made fortunes and big spending.",
		"currentIndex": "1708",
		"date": "2016-08-31T01:30:27.924Z"
	},
	{
		"text": "Granted, some things haven't changed in Palm Beach. The social calendar remains one of the busiest in the world, offering more frivolous events per day than most major cities. During a week in Palm Beach I went to three charity balls, ten cocktail parties, two dinners, a champagne brunch, a polo match and a Moroccan couscous party. (I just missed the annual pet parade.)",
		"currentIndex": "1754",
		"date": "2016-08-31T01:55:37.849Z"
	},
	{
		"text": "The runaway spending by Richistanis may help explain why, even though their share of America's income is growing, their share of wealth has remained roughly the same since the 1980s. Richistanis, in short, are spending too quickly to accumulate more permanent wealth.",
		"currentIndex": "2364",
		"date": "2016-08-31T18:59:13.849Z"
	},
	{
		"text": "Instead, Berber calls himself a “social entrepreneur.” An impatient man, with a cleanly shaved head, a runner's physique and a lightning-fast mind, Berber has decided to run his charity more like a tech start-up. He's not in the business of donating money; he's in the business of investing in social change, demanding concrete results and searching for dot-com-style efficiencies.\n“I'm not giving anything to anybody,” he says. “There is no charity with me. I'm a social investor investing capital for social profits.”",
		"currentIndex": "2436",
		"date": "2016-08-31T19:03:14.640Z"
	},
	{
		"text": "“Most NGOs, if they were private companies, would be in bankruptcy,” Berber says. “In our lifetime, we're going to see the winds of change and we're going to see donors become more educated about directing their dollars. If anyone knew that some of these charities only spend 19 cents of every dollar on the people they claim to be helping, they would be shocked.”",
		"currentIndex": "2468",
		"date": "2016-08-31T19:05:13.373Z"
	},
	{
		"text": "Bill Drayton, the management consultant and policy expert who coined the term “social entrepreneur,” says that social entrepreneurs play by a different set of rules than the rest of the charity world. They are more like economic revolutionaries than genteel benefactors.\n“The job of a social entrepreneur is to recognize when a part of society is stuck and to provide new ways to get it unstuck. He or she finds what is not working and solves the problem by changing the system, spreading the solution and persuading entire societies to take new leaps. Social entrepreneurs are not content just to give a fish or teach how to fish. They will not rest until they have revolutionized the fishing industry.“",
		"currentIndex": "2524",
		"date": "2016-08-31T19:19:22.852Z"
	},
	{
		"text": "“I don't think I've ever finished a book,” he says. “I wouldn't need to. I can pick up the important facts just by looking at a page.” Berber also rarely watches a movie straight through, since he loses patience.\nAfter college, he worked for a defense contractor (hence, the rocket science), then held a string of corporate jobs in London with Ford, Avon and Bausch & Lomb.",
		"currentIndex": "2593",
		"date": "2016-08-31T22:20:20.824Z"
	},
	{
		"text": " Graham Hancock's book The Lords of Poverty, an exposé on the corruption, exploitation and inefficiency of nongovernmental organizations (NGOs). The book convinced him that if he wanted to help Ethiopians, he had to do it himself.\nAt some charities, less than 50 cents of every dollar donated went to the poor, he learned. The rest of the money went to bureaucracies and bloated overhead. When he went to Africa, he often saw highly paid Western aid workers driving around in shiny Range Rovers and sending their kids to top private schools—all paid for by donors who thought they were giving to the poor",
		"currentIndex": "2689",
		"date": "2016-08-31T22:25:25.005Z"
	},
	{
		"text": "Involve Your Customers. Too many charity projects in Africa end up dying from neglect. The donors lose interest and the recipients lose initiative. Berber says the secret to long-term success—known as “sustainability” in charity speak—is to involve the local Ethiopians from the very beginning.\n“We buy the bricks, they build a wall. We buy the pipe, they dig the trench.”\nFor water wells, for instance, Berber helped set up local water committees ",
		"currentIndex": "2735",
		"date": "2016-08-31T22:27:25.775Z"
	},
	{
		"text": " Leverage Your Dollars. In business, Berber learned the power of leverage—piggybacking on other people's money to increase your own returns. Glimmer uses leverage by funding the local NGOs in Ethiopia, who already get some funding from the Ethiopian government. The groups get Glimmer's money, and Glimmer gets the NGOs' local expertise.",
		"currentIndex": "2743",
		"date": "2016-08-31T22:27:45.601Z"
	},
	{
		"text": "orward Colorado, Alliance for a Better Colorado and Alliance for Colorado Families. No one had ever heard of the groups, which were all 527s—the lightly regulated advocacy groups that can pour unlimited amounts of money into elections.\nEven more surprising was the fact that the vast majority of the funding for the groups came from just four individuals. They were all Coloradans and they were all very rich. Three of them were self-made tech entrepreneurs, ",
		"currentIndex": "2823",
		"date": "2016-08-31T22:31:27.225Z"
	},
	{
		"text": "the Gang of Four wanted more public support for the less fortunate. As Bridges told a local newspaper, “There are reasons as a society we support public functions. We seem to be losing that. There's this attitude we have to lower taxes and have less government.”",
		"currentIndex": "2840",
		"date": "2016-08-31T22:32:28.152Z"
	},
	{
		"text": "Many also grew up during the 1960s, during a time of increased sensitivity to minorities and the underclass. ",
		"currentIndex": "2857",
		"date": "2016-08-31T22:33:25.493Z"
	},
	{
		"text": "These “Learjet liberals,” to use author Jonathan Rauch's term, are challenging the stereotype of rich politicos who see government as a tool to advance their wealth. Instead, they're using their wealth as a tool to advance government.",
		"currentIndex": "2860",
		"date": "2016-08-31T22:33:39.310Z"
	},
	{
		"text": "In his book Wealth and Democracy, Kevin Phillips argues that the American rich have consistently corrupted politicians and manipulated government to reap larger fortunes, especially during wealth booms.\n“The essence of plutocracy, fulfilled in 2000,” Phillips writes, “has been the determination and ability of wealth to reach beyond its own realm of money and control politics and government as well. In America, explains political scientist Samuel Huntington, ‘money becomes evil not when it is used to buy goods but when it is used to buy power . . . economic inequalities become evil when they are translated into political inequalities.’”",
		"currentIndex": "2890",
		"date": "2016-08-31T22:36:02.245Z"
	},
	{
		"text": "Polis's central political issue is education. The wealth boom of the last decade, he says, has left out too many Americans and improving the education system is the best way to help level the playing field.\n“For me, it's all about opportunity, and how to bring it to all Americans so they can succeed,” he says. “To give them a chance to reach their potential.”",
		"currentIndex": "2967",
		"date": "2016-08-31T22:44:34.536Z"
	},
	{
		"text": "“I had always given money to both Democrats and Republicans. In the end, this country is 50-50, Democrat and Republican, so you're never going to get your way unless you have bipartisan support. Our idea was, let's find the good Republicans and good Democrats and give them money. But after Bush got into power, the number of Republicans willing to accept money of that kind dried up. There are still good Republicans and we still give money to them. But the social conservatives have such a hammerlock on the Republican Party that the whole strategy of making friends with Republicans would no longer work. My philosophy became, if you can't make friends with people in the Republican Party, then you've got to get rid of the worst ones.”",
		"currentIndex": "3055",
		"date": "2016-09-01T15:05:23.260Z"
	}
]