[
	{
		"text": "\nIn the final analysis, three components of minimal structure of songs allow jazz players to coordinate:\n \nJazz musicians work within clear, nonpersonal constraints, that is, they do not require interpersonal trust. Players know that they need to orient their choices within a certain range of notes that fit within the chord or the scale, but they don’t have to stop and negotiate or debate which constraints are worth attending to. They simply trust that all the players will adjust to the patterns. In effect, they employ detached, impartial trust, another seeming oxymoron that goes to the very core of the art form.\nOnce the constraints are set, players engage in lots of interaction and communication around these minimal patterns. They share ongoing information and adjust to what they hear. The chord changes come around each verse, but they are suggestive and open, waiting to be fully realized. People persevere, trade motifs, engage in spirited exchanges, and support one another to take off and embellish in one or more directions within the framework of the small rules.\nCritically, too, these constraining patterns are punctuated, occur at regular intervals, and follow a temporal rhythm. Coordination is made possible because of the punctuated coming together that allows a going apart, convergence, and divergence. Because these constraints change each measure (or each beat), these nonnegotiable structures invite dialogical engagement. In the space between these “check-ins,” everyone is able to embellish and branch off in unpredictable directions, in search of fresh meanings.",
		"currentIndex": "1260",
		"date": "2016-08-31T19:53:53.137Z"
	},
	{
		"text": " Excessive specification of requirements and expectations can limit an employee’s imagination and thus capacity to respond in the moment.",
		"currentIndex": "1282",
		"date": "2016-08-31T19:55:20.112Z"
	},
	{
		"text": "Wikipedia, the open-source, online encyclopedia that launched in January 2001, is a highly prominent example of innovation not by structure but by guided autonomy. ",
		"currentIndex": "1323",
		"date": "2016-08-31T19:58:01.590Z"
	},
	{
		"text": "(1) All work shall be highly specified as to content, sequence, timing, and outcome; (2) Every customer-supplier connection must be direct, and there must be an unambiguous yes-or-no way to send requests and receive responses; (3) The pathway for every product and service must be simple and direct; and (4) Any improvement must be made in accordance with the scientific method, under the guidance of a teacher, at the lowest possible level in the organization.12\n \nThose simple rules provide the minimal structure necessary to avoid chaos on a fast-moving factory floor. Outside those rules, ordinary workers are given maximum autonomy to constantly improve their methods and suggest improvements elsewhere. They have mastered the art of learning while simultaneously executing for efficiency.\nBernstein witnessed all this in action during a recent tour of ",
		"currentIndex": "1367",
		"date": "2016-08-31T20:01:54.626Z"
	},
	{
		"text": "As Langewiesche suggests, the 9/11 cleanup is a story not of overmanagement but of a group that coordinated with no prior plan, no clear organizational structure or chain of command, no rich experiences to help make sense of this unprecedented event, and no collaborative experiences. The World Trade Center was “unbuilt” by disparate actors, many of whom did not get along, working from different bases of expertise with no routines to rely upon, and no bureaucratic structure or clear authority to turn to. Like a common practice in jazz, most of these players met for the first time on 9/11.",
		"currentIndex": "1451",
		"date": "2016-08-31T20:08:15.112Z"
	},
	{
		"text": "As Langewiesche writes, “there was shift of power in their direction that was never quite formalized and indeed was unjustified by bureaucratic logic or political considerations” [emphasis added].24",
		"currentIndex": "1512",
		"date": "2016-08-31T20:13:11.033Z"
	},
	{
		"text": "Clearly, Burton’s story demonstrates that leadership means taking risks, leaping in, and violating rules—all broad principles of jazz as well—but it also illustrates more specific tenets of the art form as it relates to minimal structure. Consider, for example, the following moments from Burton’s story and their broader implications:",
		"currentIndex": "1513",
		"date": "2016-08-31T20:13:16.691Z"
	},
	{
		"text": "He was creating an identity, surprising even himself as he discovered he was capable of something he had not previously imagined. In jazz and in life, this is how you learn who you are and what you’re capable of.",
		"currentIndex": "1521",
		"date": "2016-08-31T20:13:54.177Z"
	},
	{
		"text": "Ko-Ko",
		"currentIndex": "1576",
		"date": "2016-08-31T20:18:09.784Z"
	},
	{
		"text": "These sessions after the sessions were identity-creating moments. We were teaching each other about what it means to be a jazz musician—the sacrifices, the rewards, how to balance the challenge of the music life with family life, how to be a good sideman, what gigs to accept and which ones to reject, and so on. And it was also a time for honest and blunt feedback. This is learning of a different, deeper kind, and jazz musicians over the decades have clearly intuited that because they have built the spirit of jam sessions—stretching, sharing, helping—into multiple aspects of their lives.",
		"currentIndex": "1581",
		"date": "2016-08-31T20:18:41.146Z"
	},
	{
		"text": "The Russian psychologist Lev Vygotsky was one of the first to notice that social interaction plays a major role in cognition.3 We internalize the external voices of others that we hear around us, and this becomes part of our thought process. Lev Vygotsky considered thinking as internalized speech.4 In other words, social learning precedes development. Relational exchanges precede cognitive growth.",
		"currentIndex": "1594",
		"date": "2016-08-31T20:19:39.073Z"
	},
	{
		"text": "I’ve experienced this beauty myself: a special fraternity often develops among jazz musicians as they guide each other through obstacles and challenges. Whether the venue is jam sessions or a larger learning community, there’s a spirit of serious playfulness, even safety, associated with this sharing. By playing together, people are learning to think differently, relate differently.",
		"currentIndex": "1597",
		"date": "2016-08-31T20:19:48.999Z"
	},
	{
		"text": "This doesn’t apply solely to children. When adults have extended positive interaction with skilled peers, they develop a greater reflective capacity and expansion of skills. Good musicians, like competent executives, have learned how to learn. They know how they can achieve more when they hang out with supportive others who are skilled enough to be just beyond their own actual level of development.",
		"currentIndex": "1610",
		"date": "2016-08-31T20:22:51.620Z"
	},
	{
		"text": "Such an approach to cognition tends to fly in the face of traditional notions of education, which hold that people learn best not by social interaction but by being exposed to information: gathering data, registering it, and storing it in memory so that it can be recalled at appropriate moments",
		"currentIndex": "1612",
		"date": "2016-08-31T20:23:04.153Z"
	},
	{
		"text": "Such an approach to cognition tends to fly in the face of traditional notions of education, which hold that people learn best not by social interaction but by being exposed to information: gathering data, registering it, and storing it in memory so that it can be recalled at appropriate moments.",
		"currentIndex": "1612",
		"date": "2016-09-02T18:40:16.995Z"
	},
	{
		"text": "Sometimes I worry that just as we think of knowledge as an object, we actually start to think of people the same way. This, too, is in our language. The phrase human resources belies a certain bias toward viewing people as something that can be utilized, controlled, moved around, acquired, and dispensed with. But the language has recently been expanding in other ways. ",
		"currentIndex": "1655",
		"date": "2016-09-02T18:43:53.825Z"
	},
	{
		"text": "At first consideration, the idea of jamming and hanging out as a kind of ultimate education has, I suspect, a strongly bohemian feel to it: nightclubs and late-night coffeehouses scattered around Manhattan and north in Harlem",
		"currentIndex": "1655",
		"date": "2016-09-02T18:44:27.943Z"
	},
	{
		"text": "Ben Webster",
		"currentIndex": "1746",
		"date": "2016-09-02T18:47:06.942Z"
	},
	{
		"text": " Often the most significant, accidental, surprise moments of discovery occur in informal, unplanned settings.\nEdison, in fact, understood very well the learning potential of informally hanging out with a collection of diverse specialists. In a sense, Edison was holding jam sessions that led to his own version of bebop. He assembled a group at Menlo Park—ten to fifteen engineers from different industries and backgrounds.",
		"currentIndex": "1790",
		"date": "2016-09-02T18:56:27.285Z"
	},
	{
		"text": "The web around Edison was thick with ties to other people, ideas, and objects that together made up his particular invention.”15",
		"currentIndex": "1798",
		"date": "2016-09-02T19:03:00.162Z"
	},
	{
		"text": "Pixar had been a fledgling animated movie studio. But after Toy Story 2 was a big hit, Jobs and the directors at Pixar decided it was time to build a new building. Director John Lasseter was imagining a traditional Hollywood studio with separate buildings for the different functions and projects. But Jobs felt that such a structure would create too much isolation and opted for a design that almost forced informal interaction. Jobs insisted on “one huge building around a central atrium designed to encourage random encounters.”16 Isaacson writes that Jobs felt the digital world can be too isolating:",
		"currentIndex": "1802",
		"date": "2016-09-02T19:03:19.881Z"
	},
	{
		"text": "Separating creative types from day-to-day activity creates clean lines between “them” and “us,” but it also can very quickly lead an organization to lose sight of and touch with disparate ideas and diverse specialists.",
		"currentIndex": "1827",
		"date": "2016-09-02T19:05:04.890Z"
	},
	{
		"text": "What the experiment showed was at once both predictable and alarming. In almost all the groups, people held more extreme opinions after the discussions than they had before they began. In other words, hanging out in homogenous groups not only reinforced existing views but pushed people to more extreme opinions. And this was equally true on the conservative and liberal sides of the political spectrum. With both groups, mild diversities of opinion at the opening of the discussions disappeared as a consensus formed and gray areas shifted to black and white, evil and good.",
		"currentIndex": "1835",
		"date": "2016-09-02T19:08:51.221Z"
	},
	{
		"text": "Great jazz leaders like Miles Davis, Duke Ellington, and Art Blakey knew this. They consciously maximized diversity in order to guard against too much consensus. Trumpeter Sean Jones says that for Davis, a unique personality could count just as much as talent:\n \nMiles hired such different musicians because he was always looking for a sound that was never created before … If you hire your own friends, it becomes a clique. If you hire people from everywhere, you can create your own vibe immediately. No one has inhibitions because no one is coming from the same background. Miles Davis was very good at that, when he hired a band he never hired his friends. Sometimes he hired his enemies.",
		"currentIndex": "1856",
		"date": "2016-09-02T19:09:55.648Z"
	},
	{
		"text": "One thing the postmodern world has made abundantly clear is that important knowledge resides outside the boundaries of singular groups and even outside the boundaries of any one organization. To become and remain innovative, organizations need to find ways to connect to these networks and promote learning across traditional borders. Centralized models of planning and control simply won’t work when there are so many smart people distributed across so many sectors.",
		"currentIndex": "1871",
		"date": "2016-09-02T19:11:13.166Z"
	},
	{
		"text": "The",
		"currentIndex": "1875",
		"date": "2016-09-02T19:12:13.779Z"
	},
	{
		"text": "Someone once asked Ellington why he put up with such rude and unpredictable behavior. His answer: “I live for the nights that this band is great. I don’t think about the nights like what you’re worrying about. If you pay attention to these people, they will drive you crazy. They’re not going to drive me crazy.”3 Ellington’s decision to focus attention on the band when they were playing brilliantly is a precious skill and central to provocative competence, as I will explain later.",
		"currentIndex": "2214",
		"date": "2016-09-02T19:17:46.467Z"
	},
	{
		"text": "When it comes to leadership, we too often confuse authority with influence. We assume that what’s important is to get enough authority so that you can have influence. Yes to the Mess proposes an alternative way of thinking about leadership activities: seeing them as relational moves within an unfolding context. In this model, leadership effectiveness is judged not by authority or how far up the pyramid people sit, but by how well they work with the resources at their disposal, no matter how limited, and how effectively they help free their own potential and that of others.",
		"currentIndex": "2218",
		"date": "2016-09-02T19:18:06.086Z"
	},
	{
		"text": "nstead of looking at leadership as decision making—as a rational process of sifting through data, analyzing trends, and making decisions based on predicting futures—a design framework emphasizes pragmatic experimentation. It sees managers as form givers, idea generators, agents who transform imperfect situations into better ones by questioning assumptions, exploring tangential ideas, and creating metaphors that stimulate thinking. Actions are experimental, and knowledge is applied, pragmatic, and ongoing rather than stable, objective, and predictive.",
		"currentIndex": "2226",
		"date": "2016-09-02T19:19:49.551Z"
	},
	{
		"text": "While a traditional, rational approach to understanding managerial action tends to favor analytic activities such as optimizing, minimizing risk, and selecting among predetermined activities, a design approach takes note of how managers shape worlds of interpretation in which others can make meaningful contributions.",
		"currentIndex": "2228",
		"date": "2016-09-02T19:20:00.240Z"
	},
	{
		"text": "“The search was always for something that sounded right to replace the things that sounded predictable and [therefore] wrong,” Tony Oaxley once said.9 Pianist Bill Evans continually practiced musical passages he did not quite understand, and once he mastered them, he took on other difficult passages.",
		"currentIndex": "2290",
		"date": "2016-09-02T19:24:21.629Z"
	},
	{
		"text": " Keith Jarrett once put it: “You’re never in a secure position. You’re never at a point where you have it all sewn up. You have to choose to be secure like a stone, or insecure but able to flow.”11",
		"currentIndex": "2295",
		"date": "2016-09-02T19:24:37.993Z"
	},
	{
		"text": "Keith Jarrett says that as part of Davis’s commitment to “keeping the music fresh and moving,” he steered away from his own pleasures as well. “Do you know why I don’t play ballads any more?” Jarrett recalled Davis telling him. “Because I like to play ballads so much.”13",
		"currentIndex": "2314",
		"date": "2016-09-02T19:25:39.138Z"
	},
	{
		"text": "Provocative leaders develop double vision. They create new narratives while simultaneously understanding that those narratives don’t yet fully exist. They invite people to live in hopeful stories. These invitations are not just exercises of the imagination. They demand that people become deeply involved. Provocative leaders are not good listeners in the traditional sense. They don’t hear just what’s being said. They hear more than what’s being said; they “over-listen,” hear the overtones of what might emerge, and read more than what is on the page.",
		"currentIndex": "2459",
		"date": "2016-09-02T19:39:46.561Z"
	},
	{
		"text": "So it is with all provocative leaders. They use their double vision to create positive change and inspire alternate possibilities. They introduce a way of talking or acting that doesn’t yet exist or even make sense, frequently even to themselves, and they constantly provoke their own understandings by surrounding themselves with people willing to disagree with them, perhaps to the nth degree.",
		"currentIndex": "2465",
		"date": "2016-09-02T19:46:07.616Z"
	},
	{
		"text": "In jazz terms, such an irregular arrangement disturbed “stock phrases” and comfortable playing, encouraging members to improvise new solutions.",
		"currentIndex": "2481",
		"date": "2016-09-02T19:47:10.951Z"
	},
	{
		"text": "The crucial question that leaders should ask: How can you design conditions so that teams and organizations “hit the groove”—a dynamic synchronization in which members are attuned to one another, learning and executing simultaneously?",
		"currentIndex": "2612",
		"date": "2016-09-02T20:04:12.760Z"
	},
	{
		"text": "One of the biggest blocks to creativity and improvisation is getting stuck wishing the situation was different. Telling yourself, “If only I could get off this team” or “Why did I get stuck with this set of tools and these people?” shuts down improvisation. ",
		"currentIndex": "2733",
		"date": "2016-09-02T20:20:36.219Z"
	},
	{
		"text": "Saying yes is a way of moving forward, yet can be psychologically risky. There are no guarantees that you will be able to proceed safely. You may be with people you don’t know well or who do not have the skills to provide a safety net as you go out on a limb. And some people might be working out emotional or psychological problems by treating an issue as a kind of game and “seeing what happens.” All these factors make having a bias for yes a delicate matter, but research has shown that people flourish when they are affirmed.\nRather than indulge in easy “noes,” executives need to help g",
		"currentIndex": "2748",
		"date": "2016-09-02T20:21:49.377Z"
	},
	{
		"text": "A further way that managers can help teams and individuals benefit from failures is to discern two different kinds of learning—about ourselves and about the situation—both of which are valuable.",
		"currentIndex": "2775",
		"date": "2016-09-02T20:24:24.764Z"
	}
]