{"file_hashes":[{"block_hashes":["tnH7BKzjd76xu90SVBL9wfpC4KtJVPeUKeEeKekBsRg="],"block_size":4096,"path":"_locales/de/r.js"},{"block_hashes":["/7qXOwpxJCnJrjQeuR3TH7WY6N5um1yV6zhb9p1Pvjw="],"block_size":4096,"path":"_locales/en/r.js"},{"block_hashes":["vBdBZRkZqWNfEXaoZXfpm1ddT7EFZueqaByak86yNA4="],"block_size":4096,"path":"_locales/en/r.json"},{"block_hashes":["9+gQZA1iM8w/9uigzSa7OTKMY32z0cpPJhoLl0CiZek="],"block_size":4096,"path":"_locales/es/r.js"},{"block_hashes":["exh/ef2Y9jOJEqtYqj/P5kIEF5Wy6GWR7ZDEax6/zGk="],"block_size":4096,"path":"_locales/es_419/r.js"},{"block_hashes":["KFMBFLZMvr1FQ8mVYl+s/2zP0y93JRHNwO914jgROJI="],"block_size":4096,"path":"_locales/fr/r.js"},{"block_hashes":["O3S6PJm1rkq29izl2/c6Tvzsi4PnH08yTPb7rk6SvRM="],"block_size":4096,"path":"_locales/it/r.js"},{"block_hashes":["H9s6qFLafbQCAJ/qr4co0uLSp7aF4QPzRV7fJq1x274="],"block_size":4096,"path":"_locales/ja/r.js"},{"block_hashes":["0Znn7eGtxLA2xypUrauMAc5bfQoOpRi229MtOobqVfY="],"block_size":4096,"path":"_locales/ko/r.js"},{"block_hashes":["3IgsPsZ258off6eHLUJ/FsiZFJ6HnyfDcq7ImUOBSEY=","Cjjil9j14eDgt36V80VTyOR1rHg8htCek7dEKPoMAB4=","QsNwJ2CYoaXfqZI9AD3ZEysu6R+hR6HWJp1dMZkhR4E=","Jts75twP0Uf8duXpJ14kfB60ARqB0WARsg//eGC8K50=","1GL1T9wyDWr9cKOuFMyL5aHdrrU3xSHOhNBFlJWx08Y=","F9GSIZpehQeDdGdiuAzdthM4uy1vEKITE/zcka8DcLQ=","IbPKkwnjPtS+DvpagYGrqJ36UPDeWPCGN4vHpeBuVSU=","Vx7V7PhU8MTWgfV5OEXtnwrOvlVVk5w3MKUMCBcmnq0=","yLeWl3NdDXI275HJyF37MXYD3SklpNDpQ3X2ohBykMU=","0G90nAmNFtUbD1NYttxHAdkwrpL2UZ5abHJtLlmdTEw=","r6KJ5RmR2lIL04DZtAzA+osDWHCtMh6ZbeL5wh/dOLw=","TGChio5NgnqkxeGw64LU92h2A1M6VZZQYftPB/ntGA4="],"block_size":4096,"path":"_locales/locales.js"},{"block_hashes":["3WQCd+nnjeB5Au92JHilWH7iC+YSH7hVQdbR0/w0RDo="],"block_size":4096,"path":"_locales/nl/r.js"},{"block_hashes":["p40uUxkXhAUtJOtbfwVaRGKnQSIE/9nNTcXRIbFpBX4="],"block_size":4096,"path":"_locales/pl/r.js"},{"block_hashes":["M0+pR0Ty6nN03kjN3jYny7Mo9nLaAHfcratWagpLHlE="],"block_size":4096,"path":"_locales/pt_BR/r.js"},{"block_hashes":["QJLaaYa5UUomfPz5omVWhGZph8L7umMsONPf/8Dkcvg="],"block_size":4096,"path":"_locales/pt_PT/r.js"},{"block_hashes":["YwxY0Rvnlc4cm7mKhuML7wu1FQSf8oBTfrb39SkQAuo="],"block_size":4096,"path":"_locales/ru/r.js"},{"block_hashes":["VP+PyS8s4rEilZMq6vcqpzu4+lMybwuLat+ucmlf87w="],"block_size":4096,"path":"_locales/zh_CN/r.js"},{"block_hashes":["8lTJwmKdIGabd2MXETuBUgS0fSRec+usryWW0jkKN7o="],"block_size":4096,"path":"_locales/zh_TW/r.js"},{"block_hashes":["xC5c8JX93rAoTWIFAEAB1GW5LmHCGkv+oN/6iFOhnLo=","zlx9quDsDyIzmEqew6ahr3OKCv+saHtXNBUHbUSFaIs=","RF4OLhnSE+IpHCdZqTUOxFpjTNCxREMu6Vl03R4dhT0=","cAbIk77VRlGXmxtQjNjvpk1XPG0RSNvQ2Y9FqSBTJHY=","6YZlDf4ivo/hepZ108MmpbFWVqFP5klbRQB6f4rXAZU=","P5vG+p7ILyca54rrqmbh9qmuhD4AO1PPE7BBCX+HpBc="],"block_size":4096,"path":"app/fonts/ProximaNova-Bold-webfont.eot"},{"block_hashes":["z90tKSiH60LTIlKqhWHQOg4q4bzFkiXzvMHumoQtoPA=","gBYAVic5jrr01+AzBYwDdNbd5S86gw+G+VOrlE8mUaM=","QBuDhZdCILJLSdgD0Ch4/JCS7fPaskPjHFDnj16QpW8=","ld6S9IGgCZStOVegNCvZQCOgXz5nGr8JF+EWocyEp8w=","qAmu7BPZgy4IIEHt84qVRjsEmP92RFpQhKEi0ztxCiE=","+OkOXNX+yCVcdbwkthlMazdu1xEYcLqW+k9u5ZOrjo8=","KUGUq5tp3i+KtZGurlkAT0k87/6ZfU+vbzq8IRyniE8=","CsyU/i/QjQe4ia03+EKmBsEqAc9e0UJ8DLb/X8EDIHs=","LUNej6Bc9hl2wlW8fmKZajERtzE8uIhns36pini9ozw=","t9swR+A6GKKjG1GSEVfLfsKIKABi+7/RHpiHScaOZ2k=","YqXHRqIUP0fu/10evHLn1lpBBNEFgriLzafrx2+Rekk=","z9mCedd00ppmDaMu/ZKMy3CSOylX73bfjZI+57t2NII=","MUuCc2SUBEDWGKfY1L3cVPC6LW6OMWB+R9gcfloYST0=","ZqOOuceccn+b+/gNSX10Ecdv/9Ml42xwYJRXKtPY5ss="],"block_size":4096,"path":"app/fonts/ProximaNova-Bold-webfont.svg"},{"block_hashes":["00eNnuWUvuNamswjQSP2UZwfvoHwnIFvxGa16D6dWKg=","F9XDhQ2otqUz2W+A7DR5uTF+l5EAFj14YLXGjomX09U=","5rTLZ2ops/UNQVVMXnsvo2wvo7KzC+IiZurnLKhScNw=","ychpIZFDXfd7vmQr4xelbUyD8LoFptavmEw62iT1yM4=","c8YREScZieu6OL/v+iL2kxwLmIkv9zdoXSa0ONip/RU=","UQq4IVJ26qZsz0vT1aRW30O73UNtN9H2ikjLt5Nn/fQ=","VIDuMkYHbSR1DOqRYZK/t2GxNt06asqhgjG6ErM6F7U=","YxAZ6/aZgXqs6KwJBUA13gpXCt7LOX4TEM5dTTMMTwQ=","sQPy3K9FMBn0FeqltUP2B6zX2kUhBOZXzt2WeC2Vtko=","qfjv2vpWj+21GvJ21E4yvMXX2vUZTKe3e9pcqXv4Lyo=","Eu8gH3dGqbFlvPTeZmLocMXKTDXiTZEq04s1AGBts3A=","AvXT2dRM/Fnm4sbcML1EZXduUQLFVEGw4hiH+TglnMI="],"block_size":4096,"path":"app/fonts/ProximaNova-Bold-webfont.ttf"},{"block_hashes":["ova7/1V5lB+mCKr/JVgFkLavE//Jqo5UPTjl0bZBL6Q=","KF2/5w3zPjhDf5j/aVzcT7uvms2cHHWwCGiemOH6/uE=","wsjWj/T0xpq2f0cJYnJi3C1Ht1kEd7qzVSALKMkmnao=","VOS+ZdvbCieMTycELLGrmYMEikemcQNPCqNcpEM1Je0=","MXd5ck2cT1PeV6fEjRfta4Lvx60S/dqAEj3zbIN/vhY=","rwm0c2jLUeC01+QhXIsQukIT6bOLs9HKFT+OV6Mu9/4=","IijDyGllJZjqay3CDn97ot+iaOLHV/glt5x+Cp/Ob4E="],"block_size":4096,"path":"app/fonts/ProximaNova-Bold-webfont.woff"},{"block_hashes":["hzqA61EjuDXOykPAsPoYYBB7xAXCFgJCRpPrtIUDlt4=","MXM7eNAYvKjNWCjBOV1dAbk+eSLgFjYpcZWM0ze7EYE=","tKrxxkPWi00zSUBY2P9Lyw7kJrdOyq+vuXlrazE2kl8=","PQstew3uDHAmiGbbK/H5t5DK0Z32N+f3nE7pWTM3LEg=","PRBpX3K+wQeAmXyeVQJdekmKSYILsjAdtPtYPmm+2uM=","TQu5VFNCYRDrixWI6fBWKXCcvYjVY+fwd8cSWtRVaMk="],"block_size":4096,"path":"app/fonts/ProximaNova-Reg-webfont.eot"},{"block_hashes":["j7du6dr9pR0XHvg8KZoJoytZn27NHmHgDqqAmaLUz+s=","N6Ea94gN2zZLCgJr8FYLEVN+gx+SYO90h8v7wnBPvoY=","Kb/UiNc5ZrNKSNrUbWx7YQvI/hSiqJlvvPkP4oav7tE=","IFvsEbDr9IhDLHJ+o4JighWhT/JMdIFEMfyJKk7zIWM=","Nw6HSmVgOry96aRWqgxH+I5yXFAlJuu57GIMshTw+XU=","5hVYeIx480GYM1tVMMFJTligXRhmALGf72uB35lXuvY=","cMHebCEFXMRb9BjlgyeQAj7vorn878veLyts1GVlURU=","b3Vc0zy6Vp+TET/NEPrpjoc6uawZl09RatWjYQOPBvc=","ECTEgx7x+CkMJWAPxng4+NJle2sz0XFeop/aVFwqgUU=","JtgPOZN7DWJpBW2FwimRNnKuiwR3cE0EuGMpRTxdk+0=","ylmE0XKYJ493nSBtdzJkL4gIADHcu94cCwX4M0umeQ4=","2H1Aru+gyh/T7TOlP5mC20Wg1sgawYoM1GTdO1NGzic=","Rlr2G5trg0p+dj3uyntKEvXH2XUlm/UZMeLD1YVC7ok=","3uIgk10ceh/OmBv0LeD8RBI6Za5tLBeeqs+3YKJvkiM="],"block_size":4096,"path":"app/fonts/ProximaNova-Reg-webfont.svg"},{"block_hashes":["ZpLQ5ZYroLfnO8HbVF9yyjPJBp9UL7UAu/F+EsnJ/u8=","7OgxlWPl69s0PLpPvMbHDHhmuKelyR7H6c03CBbrkQ8=","dDuIYY69vOMk2K57NhKKd6SaD2Kos0W+bA6g3jMRKCI=","9ouJiy0pS2UO04rGGTZDi5Z/oFLoyGFInwswGvwZ0tE=","WIeu+yS4GnRZQ9pwYtHlJMGcWib3huBvWzGdXOnxoRM=","FMeCz/FrC4PpLwtIeutaf3BA/zyURSUoJCSZEcEVAS8=","4ULfkgiNReU+B+I5dxcMWH+rY7zQFIg0RPr1ja7BAYI=","16bR/P1kgExW5vKjn8gIbYAJGFoc+05JxiggScvE+5U=","HPfB0zLvqXv12RL7J9mAOO4tWxTjK2mkEm+8mhqcNa4=","WZQlOmbUDcty/kFU9PBUDSn4NQ15GCsPAmBjMMLbVAM=","9eJsA+sJFWM3ikclC5eBB0NhssKn08/JrDvhz/mFDjA=","aTPiZVSrbvYOtOS6HzN1GkXDCayOs/oe0ujMjAp5gfE=","H2QO5ewfHZGt1iY9PKFb1VnYV6oszs1G9SUiGVS4NZA="],"block_size":4096,"path":"app/fonts/ProximaNova-Reg-webfont.ttf"},{"block_hashes":["KcdyWnFabw1Jr2DnpHcbW4CJlHHlb4A8zN7zOUbXVXY=","IZSfpJ20B46qNVTUkTRdygglgBSe644TFfgCGmQva7o=","uWLs9ndgjGqLBWuH+FWniekVxoCp4KZI8N6EM+xzu4k=","hPuOnCweHFZfgLQ0tP2pMyfL0E86aoxWMaBeQtZocOM=","xHVYGZx5TVfwcMJY9OpVNSL76MUDU3Kc4QxVLSvVeOU=","6dZUzXvI9F8ekhcul90KCC6oag2fRAz4jQWS6UCrCtM=","JAtM2ol3RBLoLfdVZdWZSJyOH+owavxOOeqlbG/KB8c="],"block_size":4096,"path":"app/fonts/ProximaNova-Reg-webfont.woff"},{"block_hashes":["P79xDBn+wY3IiYxPT3ULN7A1fy6NrjpvRPYdOEN7+4E=","MW8nhAslgI3A2UZet6u34pCkS3FIHPoJeXm/pVnEMKA=","0xRJ3rbKkMwRgyFkZuKnCxs3pZ/IAGOEANSQEKur/Rk=","nuAea4iOeEdVDXoroA4ozLoEteIPYq030qbfyoHRPZI=","f5a7q9W5143cgPXT/RpI9v8vfWVTVrYBLozrKLN4ABg=","8ToKN8awOU6hKO6Wtu3m68Hd/h0fdpUmmN32p/QRUlU="],"block_size":4096,"path":"app/fonts/ProximaNova-Sbold-webfont.eot"},{"block_hashes":["EHz505ZH79MEG4s39jN36/hxsc61Xs0mN5I4XrIK5Q4=","thGPWSMo44bWJtlOIr7gf89mmlubXe3XkXCKi3yj6BU=","JRyl6lJy07apP2IcftgJjFZO8qAnyNZtxbtn+Hk19A4=","86Zsr8IXCCjXS28ZF9iNNJKjBR0obkEFjGc8Ani4IU4=","ERPqeGuLvTFrhhPb1Gw8jgPxXnaTDk/+QGZjOJ2yDPo=","M5bhhcF8oUk+Tvo5ZsfhTJKpshrM2BwJMZVTuP1zrRg=","n6arXsiTRnbHVV1uab3zeXoIIvwW2PNTCdxKm/iEHkE=","o8/6fc8GEJngqGOGCgKpRD08donKgYV8unj4IF7cRro=","jDGdIGoL1kM0UUXAi58jVTYwzF8Ywhv7gIxa6oZK5zw=","VwJumXDbp4TtrebyZwL7FD0aUNjryQGRL4qUSU2xCZ0=","b+apUbDUbBI6IvYYI15owrjt8AcBZE2QoAxhGgwELkM=","lrm0ofQ0qTSJG+/lKHUZQKCOw20DRfWb7ucKYSNOxZ4=","cH3Om6Vq7NSFf3GRjS+fdcWxP5H9neBu7UdjlampDZI=","p4uGr+pA8QMtedXjONtD4ZoHEJ1+Pv7K2icmR5BSLII="],"block_size":4096,"path":"app/fonts/ProximaNova-Sbold-webfont.svg"},{"block_hashes":["s5zuxiuwhmbRHUnxD0UB7pe+qTt9ccZqXDRJHjFAEqA=","MMWFdZqzhYwKDS7L6KiFhBwCrDpGn9vc2knZDA0MUdw=","lgRaay/eeYJ3pxCeNc1vNQN++7JpMSe8GTlDhmW4bvQ=","KfBK06t6MkaR0Jjfb0CdCdu6SY7jNQSobNxU0X41Gbs=","rRsdBYiewVHooCzt5SchZ6arCy/DSyNflZxExxPCPI4=","n/u/gV4jP1Ehf3m2lxK8gzPlaEkzwdR5XfSQyCa/Yho=","SSxAnyY+LOtjii8I4H8BoTZ3ftakdUuVI47k7flY6yc=","/jhCQiNpmcLTfEqcEby2DtRgJ0+u2FRc2wNBI4LJOGY=","S2JazCbuauX+DnGF3JQSVylpH99brRMcVCHvFi2RBEg=","Gxi6Dg5a+RAkkAQFGJQzwOSGRmsrl7qDG69yWpveU3E=","BZC175qmfYn2/aibgpIW2JMk7aaF08VarFLpOojKy4Y=","C8VYX8yqxe1IEhRkbOIgXkRHwgM0wGob9+XaYRFiiAA=","K+yn8Y8XHiUVri1mUsvREwU56RcD0YBaWM3GoIkXD3g="],"block_size":4096,"path":"app/fonts/ProximaNova-Sbold-webfont.ttf"},{"block_hashes":["wTQf3lpGSPcrq9uMo85r2kfSxfYQxtZ7KwFZm/v2HIw=","kp3J0X+AIXgq75AzCvLdfyJkb4rUOumBRSyrMlaZlLc=","Vkf+ZPwjm9baAzH0PESiT5wMrfRnFr4W2SBo7v2V0gk=","leRudMIw8mYWfaQBG1uAYrBNLwbMQ+gpQGroB+wD3/0=","++g7Cr4zbJCvlj9pIFZvrpbKmgn1eJc8FqhsDWh8dJ0=","fS5Be+FqXscU/QSyhAAl19UZKXzg4+QBqzsXDZ7YKa4=","ZB9sMiTSxeaWYp+Gng2ajiA69bcFEN3TGIvETxIGhm4="],"block_size":4096,"path":"app/fonts/ProximaNova-Sbold-webfont.woff"},{"block_hashes":["5wFtXW+RtbWwGk8y5MhsJm84XcCICWB7PO1TE0eCuZY=","DuaBcm6ey9HdNacB0o7YLdmI69FQVm9CjWTdRjlCGK4="],"block_size":4096,"path":"app/images/android.png"},{"block_hashes":["ebQEha9kZQoGQ23HINJ3Ag+3o5Tjv1U85mg7DbAsJhU=","wpH6RYKeYbnYzezDkwMXU2raMScYFHWxNP4sBCxnDeo="],"block_size":4096,"path":"app/images/android@2x.png"},{"block_hashes":["Cw9O2d8/n8RCCm2euJSck/h5flKPr5iCZb3dCZDRuEU="],"block_size":4096,"path":"app/images/android_old.png"},{"block_hashes":["SMSoYK/I8dKC9Mq0BmrV6hsCTyUYTqk6atHik9LvLLU="],"block_size":4096,"path":"app/images/browser-action-icon-20.png"},{"block_hashes":["pD2WKJ+wCXpfxX+Koosip0/4goyK9PtfOdUMpNLGcMk="],"block_size":4096,"path":"app/images/browser-action-icon-40.png"},{"block_hashes":["Rb7jS4O/F2kN+raQtOSsD3PE1ePrViJEhSKzqI5+I4U="],"block_size":4096,"path":"app/images/browser-action-icon-added-19.png"},{"block_hashes":["D5WtH6SJDAAOFZkdWR2hV+p1WwVX59OcR/TMO+Di5jE="],"block_size":4096,"path":"app/images/browser-action-icon-added-20.png"},{"block_hashes":["j6zTx5VvBZJHGGvYoafsyz/f4hVZ4ttvad+DWWrqC9Y="],"block_size":4096,"path":"app/images/browser-action-icon-added-38.png"},{"block_hashes":["yEGvzkxbGpI9/ub/GV9XbQM1yPQhyjFnPcDG/XFN7v4="],"block_size":4096,"path":"app/images/browser-action-icon-added-40.png"},{"block_hashes":["2i3L5PbahMTVc1n9SGp1o/oYkq6re3+9GJEwX1btdmU="],"block_size":4096,"path":"app/images/icon-32.png"},{"block_hashes":["o1CqGFN+RNRCoYtkHNZb6GpCZF7FGzxpjdxGTmA0iFM="],"block_size":4096,"path":"app/images/ipad.png"},{"block_hashes":["P1NA0PgyEHRNXZPlBPVzBUBtxJrgKZGkarCZyKn78xo="],"block_size":4096,"path":"app/images/ipad@2x.png"},{"block_hashes":["MFfSgzIROEzID/PXJrQlat2tVf8tO6YSC67rrknOR6M="],"block_size":4096,"path":"app/images/ipad_old.png"},{"block_hashes":["6/n17danQ+GDTEyGnjmBXeaeFx7NBl50xRd6JyBGfCQ="],"block_size":4096,"path":"app/images/iphone-ipad.png"},{"block_hashes":["pENf5wRs/FRmufC8M3Cutgp/v6QRmG/EokyE5A9ZZYo="],"block_size":4096,"path":"app/images/iphone-ipad@2x.png"},{"block_hashes":["gggRMW7SzDnzmQPXhAMUXFwi0/irZFFaNVFYMhHH7OM="],"block_size":4096,"path":"app/images/iphone.png"},{"block_hashes":["OxMcYAyZVrYaTXYd40jiHHvjJc6huRdQirZB0PsfhRo="],"block_size":4096,"path":"app/images/iphone@2x.png"},{"block_hashes":["WWn+e680IzQPX17DKgxucZaKXyggGSthMOHYzTf7ihM="],"block_size":4096,"path":"app/images/iphone_old.png"},{"block_hashes":["Un3CN1gkoFfnjb75mR9nuLuEJK2CntO38sfHfs3ZDNw="],"block_size":4096,"path":"app/images/mac.png"},{"block_hashes":["OFhMCeOz60hNpgHg/j0wpu/qujX9wFzd2w9z3Xg+haY="],"block_size":4096,"path":"app/images/mac@2x.png"},{"block_hashes":["PK8+s88HxSEmzYpT5/Tr9EWv17qr19WW59Fg6M4+6m8="],"block_size":4096,"path":"app/images/notification-error.png"},{"block_hashes":["eguI8q3n28VLa8SiVSTxEw4WG1HNW/PxfL9E8kYX3T0="],"block_size":4096,"path":"app/images/notification-error@2x.png"},{"block_hashes":["Uw9+3X1cMPoDOFglCT+IT+D2tSB+n3ON/j8wFrgN6I4="],"block_size":4096,"path":"app/images/page-action-icon-added.png"},{"block_hashes":["Xqve4jy2z1dd6ZWD8FLkpkJJAcHa9c1YTs1MagR0T8M="],"block_size":4096,"path":"app/images/page-action-icon-added@2x.png"},{"block_hashes":["JlNs8kjHutEmMtFME9E2moQg+kJtDofCRfkapU0Pfmg="],"block_size":4096,"path":"app/images/page-action-icon.png"},{"block_hashes":["YNxQZHGB44zXzMrxfW+OTkKhIt2wkOojE4aV3wQruGA="],"block_size":4096,"path":"app/images/page-action-icon@2x.png"},{"block_hashes":["Lmi64HAsoooV22TWAKZGwH/G3fDFF2bPk8n7fvwjvkM=","XBzOM2CiVz3IYTapmtfBkTf0EohwVACXBxgJOzjSVIM="],"block_size":4096,"path":"app/images/pocket-chrome-optionslogo.png"},{"block_hashes":["h32gIAYnW6OUGW2+kwsuakb2KtXt+j7jYvZ9UtgIeNM=","+e9MujPxSZM4ezSGc9J4Ske4YbjBl8b5W5kP3vwMadE=","TI7OT4OYyV+iC/P6n4yfCJehr6nYG4R5ChJIvV8Q/QA=","rYErJe7ov5lpVJI7Vsz/udCUhJkBwMVi5CLMcvFdMTg="],"block_size":4096,"path":"app/images/pocket-chrome-optionslogo@2x.png"},{"block_hashes":["jd1bp54FRl/ho5p7G8gAZ4P64CfbnBTKQqBrQwKD2fY="],"block_size":4096,"path":"app/images/pocket-logo.png"},{"block_hashes":["ugkL1hP9axtfFpDvDuD8tcg9UzMAHJn2gTYEr8NiZNA="],"block_size":4096,"path":"app/images/safari-icon.png"},{"block_hashes":["9/dC+wwMdF5tz2v/sMqLJ7sK9g47pbiCa6RX2YZNFOo="],"block_size":4096,"path":"app/images/safari-icon@2x.png"},{"block_hashes":["rQO1LMx+OH/jCeZJB23rHtQdIl+pZWme6MJ2WMSxDiM=","uU0j8m9M+5c2WS2J7a25iqgbyJLOzXbFW8blSxPedv4=","iE/2+bz8q63PvX6KZnlP3Qe3RdDfU+dHmIGQ80NCkAA=","ON76zHG2x1NgTP2Rn68huBFHVJzbZxRRQbOkcNo77bE="],"block_size":4096,"path":"app/images/topic-tech.png"},{"block_hashes":["VIZ8Hmq/YiIHAivh62wPGwmdtEnPdCiDoIkTpGn/nKc="],"block_size":4096,"path":"app/images/web.png"},{"block_hashes":["Df3RHb7ywtml0xXEuroK9jA0nQlCT/hGe7PulZsusmA="],"block_size":4096,"path":"app/images/web@2x.png"},{"block_hashes":["XWenCjuqjBvuLkO9p8WjcIqDQBB2H8Srtd6Uo13Hd9g="],"block_size":4096,"path":"app/images/web_old.png"},{"block_hashes":["jZpMHgvSuIDLHrYbHVSxDPxJuAwmFsRtPCYdPzCuWe0=","EahbeElUZuNHnJnrDQv0+N++86Zz0/Zz1MduA/hlDTo=","pDX3nRbMzuP7wa+PW9uOScLp7EzUImdpZCO0WdfHn9Q=","Uxrqqnb+6sEUfoKGRkCRUcslgbZ+zh5P0n3yca4bZnY=","AQ+hk7wJMSb0t1GYc0ekQvl7ojkZJvmkqVLF8RLB0z4=","BxOrMLELJrO2KwEtjexwpoJ7CN3cdLZd0nnOhNGQEY0=","tyRL3+g295oyxEGYsT2B2CuZjjNOgfSHmlRuvkvRNMs=","j6GG93qYPL9/VR8g7JpkDnsU282mM69UYsFUm66TfNE=","MuvZSCFXs+C/wLFlYWAviaQA/SZmp5IvRjIzi6nePvk="],"block_size":4096,"path":"app/scripts/background/api.js"},{"block_hashes":["5I1/LCVRj5C7s4+TREK8s+Gc/cUoA8n6/8AS0z214xE="],"block_size":4096,"path":"app/scripts/background/auth-login.js"},{"block_hashes":["IZueK5gOTbtjV7rvTayuIBIWOMmWepa+UpwO4v52AcQ="],"block_size":4096,"path":"app/scripts/background/auth-logout.js"},{"block_hashes":["RWjTAsBAd5XCo9hwIQSm3j12SokcextBPBRleMZccIY=","Pv/jrhc123cFbtAK5gHhE8AOIX8ZTsHxQWPDmkWJZRg="],"block_size":4096,"path":"app/scripts/background/auth.js"},{"block_hashes":["tJhunwdDoHSa0/kH7Slkdn+rdXm4kc7W4D9AVjczVhU=","1EFwxy97NL5Wb4YCkhjjB3dHgfRuUMiZ1TOPHFeS3Hk=","/AlP4NmJl3uQeKk1RQ5VKBXFwIZAi0Sy2SxImuPdOZg=","cZdGcJZ4tjGuAyl8wjt9pvzpk69jPkUJhw06L5+jPh4=","p/nSe8DAhSHOLBN58J74oqLqvfqQCJ/09p2llKHahV0=","q3AGd/nBNqT737wwBg2lCnSoCFOMzyXMzF/UUt+bdpI=","ClCMr3/8LksU+j1K7JlQvbCVAAS0FLYTrusKfTAfsuY=","zB5k5ePT1dp9bSsYUvRAjofgtu0UMuFMfWq+qeNKt1A="],"block_size":4096,"path":"app/scripts/background/background.js"},{"block_hashes":["8r7Q6VPcXrTAz/1YK6UYnJL7JZvcSjC/aKrBk7eTxlg="],"block_size":4096,"path":"app/scripts/background/compat.js"},{"block_hashes":["8fHarj3CJC2prfx8A19t2FFZ4Ni39pUOxL+j/GtQafE=","tcxFIfbmgehlu7eIl4Mt3dFZXP/d4FTMeXgZQdAazx4="],"block_size":4096,"path":"app/scripts/background/i18n.js"},{"block_hashes":["Jj3Ua+hd7pv7fkFcRD1RiqeSSY/hMWvLw7W4ot9WSgk=","D4kyBHF2UA/xRpNqzSEMp4z6dAomGjhZFvqdau7ua9Q=","b1oCDWNY9z8Ua8HzOODUpZV7hbSvRSLefVlr2Yw7nZw=","JR5MJdYo+ohsVjrbOOXdEbnmb8u5DIXzM1Uvf1iKD90="],"block_size":4096,"path":"app/scripts/background/shared.js"},{"block_hashes":["SCNkttJkXsQ8+il1G2iIhZA3aOjGdoDu3xUHNlajImk=","3SlHZPvGy150NCUtRAOESh9jfrFAVS4JG8yvZcgOtcQ=","zoUfA8FUcXPf4Mo63ZTzNxPTZueq5iC8tWj+fq+15qs=","uGeiKLVh1A2ZUNDLAS1DGnqjJfVbfPVFVhbCNvYhphc="],"block_size":4096,"path":"app/scripts/background/utilities.js"},{"block_hashes":["XGF1OTpFnzn0D9Px/SrA/fuzZFGCwbLYePJap4qo3n4="],"block_size":4096,"path":"app/scripts/interface.js"},{"block_hashes":["yZlWEJnQTWh0Qk14lEmakMFmgF6qSHHIJ5y08t+QIus=","WkD3q4RG2ygIgv95H9ZZ4Rj4Mwb17QUP7zcbQYuso/k=","5Uo4TfqbKk608ypHqT9A0piU5VdCI8jmBr8wt3kYlrM=","Sm1X05+YwjRksXQB0ky4Q0jRL0yC3k8w1OGJpkAVqaI=","MWfTt16BR1rE7AH/Rm7Bw9bvx2GRIIyeTYajXfTu28E=","UBEEz0ZLFLFE7jTZJC+uRZuQeFSLrEjVsZ/slKcYe+M=","bjTXmEvtsnxKl1YkIj9DHhyQRyB31DisdkeBqDvzy9c=","cX0bSt0aMbt8pBEXUmRs5QVlBomyUxAS9gdbrakNxhY=","8S+44ou58GXq+KhAl6MXPoBsNY35jt9J3QjECr+l/fw=","akNsehL9mQt3xKw1ibyMzmc9XHd2zy3t5zAf77BnNUE=","KS4RjgfqAeaFMm+OFBqLnDpteH8/w9/pJo05CVxr0fU=","cdIPz/XvaNaZaQBqqtF7K7A5Q2vy4txiU1Zb59561vw=","dNTa46rz8NlyfD3V2UCbmtKMAgQ2qI0Zl9Or1HBpt1A=","TX3grdrPpdMs950aGveEdRY2jFkRenSJ0PeHzTbPILQ=","Vqj/U5HjKZl5GDJuDR2z3mJ15M/r5cNk4fi7LawISWg=","HrTBa5gSMeF3eXDUluHrBwUEhEODfmJnDNLJODyItTo=","EgmFZ86X1OxnNVdp9ZcPUtPZaQn+7D35Ct05p0Sh6zA=","BbHwZ9hSIJwuf35Hceu9wASdm6SHOzvBA42Uu33o+VA=","TjFC0zQtijtA9DinS14Up0GUNV8jYhRan6d6M0t7uxk=","LmyYbU5NJhQacYWuYecE4iNTylhGtBeJoyahe0OqWLU=","TQKPzLvh45IS6Zh+fghG+fng6ivzAkfBTktF+oUH/uk=","1gBYIyebn/L8fBoqNsufKwKHqZJmwK8Z18QpM5VlOu0=","tXC9zSw44BVejXvGeC/XzUN7ys2CczWNHqAIWmgAPIw=","C7djeJbzXlAbS6Mr8lsh7bradxxzXJ6YEMYjEC4Kzzc="],"block_size":4096,"path":"app/scripts/jquery-1.12.4.min.js"},{"block_hashes":["em+zUXKjPRmhczN3lA2xu9LbJumDMSBrFmyzV4N4uAs=","oZ3ksgogtZGt2V3Hx7b3Bx4BWIlR9evH3ZYhb/0KNyI=","OgzJRMAJD4enE+clnRm/qZNi6JsfX45K8kV9Nt4QCSY=","nyRR6Dp0VMqEn52mlpMBalh5YTH79ptVX4xF9hvuDdg=","nZVKTz5dDHVBzwyZQCGTwh+1iI9vrPPStn+ofQrmCJU=","sL525yJ0NdnYt6T4O3GLe7gH1OeUFa0CCuP847Bt4f8=","aioB1FUKrDOomjfVeZ+/O6PjnTOPSahUzg1kn9dhN2c=","/lhKYZ03li7IxIrq81ffA+is3b5UzNJko6JDHFcclM8=","6pgtIpcZ0Am+MLSTlXgV8KnZ8kdhn8OzMbgdgh/oYic=","aLmgUE2EmuegHR+9I8/U8+I4gE+U2DOY30rjdZWtVhU=","83PRXgXhykGmv8/BGbtN0PXewB18FgHoniPox2HNHPg=","E45xC08Na1mSM3zP+HYWp+Tg8S+DPA849uwUDTqs914=","qQzaxLVOilF6+vrJjK+4cAoJzAWcUHPziYJWIWFPD/Y=","/kTwTmzSltVjAyOB3dsuAW6/ZQjOdg9m4cP62dW5Gzg=","EUzLInHw0bnwwl/si2Bq+d1SmoM1lOiYR6qIHFgB2l4=","19+EdsUk0Nb3wQrkIS9n1c0pH9d9fDlmFQ8xQeCQwNI=","Vng52q043+NbrSLYdbwDGfR+EokcfHmKmPRHyYvfm0M=","5xptDaL3cBg7ea4cHXciA9K+IMOIw0enfnxS1MAgjEw=","qvUsFD10WCWkpg8SoZQ6bHxLmq+L3mytwb8kr2uSePQ=","2+7UBeS56SXyzckHf0yLtsOnhttKmKAhXiZ5Vuy2mFc=","jIkIzmoOgDt8h9lnr8N6EBY7HFLnzL8uxwCwXKxXCNI="],"block_size":4096,"path":"app/scripts/jquery-2.1.1.min.js"},{"block_hashes":["b5Q140ZmUP9k1/5GR7oZar76NEDsDZzJE6zv9yoJvNQ=","roMdmvw9TS8ebD4sWtdRUzZGMS5rd3jvWBZUckeI1/Q=","awvCEQBzZe/GgaIVCE6ggaysuGL2fxj30USwHxA1b3c="],"block_size":4096,"path":"app/scripts/keypress/keyboard-shortcut.js"},{"block_hashes":["aaDZvg1uwNDRUXTP5zgOYPOh5GI3sQRloXkugwcH40I="],"block_size":4096,"path":"app/scripts/main.js"},{"block_hashes":["dsjWLEAxtoQScBr8QofHhkMRWEFcgeumFw6DvbIQ5+0=","/HHg8hQjZdaXOE4eiezPQ6saRsI7asRvrgxNV+6lDOg=","3xRKMouzQ1rFHBung44QEDvSJqHfct+15Iu2HMJ6j3Q=","xeearlx9Xj3rA6wTzLMEOSlAPquLaus0Vob/BP+jeRU=","AMtZLk1bTCx6FCwumHmT/iVaumjMLrHkEfjgm025tK8=","Bhb00HhazEXwovrtBTCBqpyS9drfSB/qte1Ff2QzK78="],"block_size":4096,"path":"app/scripts/newtab.js"},{"block_hashes":["5n09a1jS+mFP1+evMRo5Sd+yQKT2Y3/+bcxsOIaPd/g=","ZZgvrKtQmUh7vKbm1i3yaqoOK067GEUHqJg0VGZ916E=","vw+lOGtyjJN72tX6sTSNEhw7smVLPTvyUEEpdeE6Pbw=","UgZztXGXPjTAll214ddwhGs3ti60P/ISzLbz+hYPiCM=","Xtu5q2f/Pt1MnGVTPbK7H5DD0UqQ9Xkhi/z1wsMmjHk=","l3F7WnfkUwlLbLbHsaf0kI4LcYZnelGwVYRAzBjB2ag=","nJE2ibt4Kt4sk/sntJxvLeEbbgS+i1ZLhr2X5WphfGc=","T3O3Og+WrRGEHlsiFMVeR0S31tcpFWQY+QjZtDXvuGI=","ruTQmUfs29hy1J78vVdtxrvrOlC5YN60EQvh/8r1XqE="],"block_size":4096,"path":"app/scripts/panels.js"},{"block_hashes":["ksPOOblMEtX8boZJc8q/BVOtuEcxjSOJbOwGm+hQgvc=","mtTiippyMilj/gRIROxCNn6jBVN+zlz7RPSkAGumsbQ=","jJ5M+C38P5K3DXECiVEO1CBwjWOPBtbfwLCmixfhilU=","Ji+9I9Ki66B6z5u64XGkmpAul52TB0S7Y0q8wPMBZnw=","woRGQr11AhfngHoGxEe2ME1UMcUMi2mDB0CMCoN9AZs=","1Y+7GKE/4LP15KQngdf4vN4d4cZELvDZ20f1qIdTs5Q=","pJYq5Q//VKzHP+PphqrSzQ+D4dWCfBVGIN3wYLXWXr0="],"block_size":4096,"path":"app/scripts/templates.js"},{"block_hashes":["Wt1xk0WjSFIbvDakoCmAR+K9YNp1TfV35DTRllakskc=","qT6tWdPo1//44gz2ZWs/emeKmCRy22SlAo/5UqC6/5c=","upva83rpq/bxvbQnkAvAPtBtdca8ZUc/4CO3JamhUaA=","KpZd1emF0tpEfX9EurfLifPlZOVvRr4kCpLlMqQIJb0=","wVq/YQkTGMQUH9bg+hr8klVrHe4QgTT2fITduv2Qru0=","SL0HR9+7IUI1lqrzjG/1m3GgUXwRX+Q4xBNM3xVxJrc=","0Xifhmqbq/wn6SZBXI/olhJ7HOBgQA7oZ1uw/qu5nkM=","vElY30uS6mk4bJGBUV89qgzWhY4u9NBTDMEFvCgR62g=","APJcLeIXnF/+y26oApu2Owvfcl0ie8sa7ylazjC26co=","bAV9OfeaacWTASxY+KfcbKTuGHZ9bJHGqunb9XZweFE=","OtWxaybxPeXkFhItKyC3BWHZiak2xZJTVu7APKkSKdI=","3A/5crlmpMouyV3cFOCXfCtlyXh2IIEadHHrz4OyiFc=","dIUyFv3iN9OmdH+VT+D7utJ0apiQulo3JbkD20GsrRE="],"block_size":4096,"path":"app/scripts/vendor.js"},{"block_hashes":["oMMc/2+7FG9YhgutGoglMStpwxqTJjpePFeQ7elm4sU=","hYOYbZCRhHXVKSVlIdGcvprsHhNd0c6pRnClul+wndQ=","OcnLaCEmsWX6yDflPdl2hsrfxqic5X1MBD0zkCR+Yxg=","5yUGtBlkKf/coEzmuiiSEtxkuAIQdQYenrrif1cE/r0=","M2iAIIu82c6HRBhDk4xZEbY2ZzBo7GO1kDdqJgUBJKE=","X0W3nqVSmVpxnTe6qBxiyqwdlPQUlZ4niQHuqihNGpI=","KMsa+/Ehor6ow+QeVnIg+Np9KoQvDM74eEbjTEiPCQw=","itTUTi6BQbmIG5SBjxkMNBwy6AfjUYbcQMfw5gbpzUw=","6uVH7qIXDN2w8u5bhw6wp5X32o/JgV/sA+PrwQ6osSM="],"block_size":4096,"path":"app/styles/global.css"},{"block_hashes":["nkKX7WB5MUUBW4Rq464O/X+/tQyZCtSOC0L05uE8rZ0=","p02ZhkPYcjV9ftVxYCdZnQdWc5Ti1rxD4le7pbyyyJ8="],"block_size":4096,"path":"options/options.css"},{"block_hashes":["VZUi8bxm6WyCXKxmbqqnE+hKEnT8ONV4pkzMjpahITM=","IAGTjwBWjGvuzmsPsPLxooZkwcZzWRFKN5t0OPlrw3o="],"block_size":4096,"path":"options/options.html"},{"block_hashes":["sOxnVmZ3wTPyM4HrCeuwJC1ZYlotYeXy1lkb26LtaxA=","Ii8vGM8r44EXqT4OyNr6TYFWwND3cFxBcyXIDGfhMJ4=","m4u6mnsY6CooJaEiO05oseS3ZZz9IrIbf+3QbTXc4t0=","w8fsOFuFRgL//JXpfPU0IKcepBHHuKjG6ONuOoa/qY8="],"block_size":4096,"path":"options/options.js"},{"block_hashes":["54JDMXw9asS5WP/F+IC3RioeaXgX5Gmd3UdZLissdqA="],"block_size":4096,"path":"sites/facebook/facebook.ril.js"},{"block_hashes":["RXlFpYJa5w2JtkxkpX9T8fpgnoMUBldQu6dUjnXt/gY="],"block_size":4096,"path":"sites/google-plus/google-plus.ril.js"},{"block_hashes":["nziAx6PeaYXz9BAUFIQys6IxYZrsfeKhvkC0OdEDw7E=","KPsCm42qMl17V+3qRUWFRHO0tQHUre6HFFrrk1LhGcA="],"block_size":4096,"path":"sites/hackernews/hn.pocket.js"},{"block_hashes":["VzPvCjLBya0enpgvM0p4UzwQCU9n67HNLRUrWgt9J+I=","jAA+n/Os/pxRA81jh+GcKonqybKxSqZ1qd8kkJExPSQ="],"block_size":4096,"path":"sites/linkedin/linkedin.pocket.js"},{"block_hashes":["AdXuSGcFVQhizJWsHShc7zohioAF2s3xvzCzmGQ3dbc=","27WQj3kodQL7Ho6EmntrvTDolCwun9rodREpvlf2uko="],"block_size":4096,"path":"sites/reddit/reddit.pocket.js"},{"block_hashes":["5MadX4I4yh7EYd5Jnz4Ynp2i7JYu2o0KpQuvOjuqUgg=","tLZikNX9k+CjUN25DMxwFVilyt//uJ+FJFJi2hmiZs8=","N3WHPDiQUxi5pEssz2WuPTnnqidNrxSgenKRFV8SPwU="],"block_size":4096,"path":"sites/twitter/twitter.ril.css"},{"block_hashes":["/ZI27mbFA3OeYV9QJGAAD2ciGSzq1sADjBVNtqytAIw=","/hfBzVoAxpNNtOo5+HJkgo8p8xyhDwwy97z7aWoWUfo=","r9KA7joiEnsL4rWB1svWT27TVACPHRnoZVGLbSThaM4=","mitBjmMbgg97Mwo9JtzMNSIL9ukBPT0AessqpMwuy/U=","878ktTh4gybG2Lx+PK3ZfWqPcmTTJiew/YCUyOF4Tn4=","h3TNvKasgN9fbGYbwiHbcP2mtlhHKJDp8l/oI0/pL2w="],"block_size":4096,"path":"sites/twitter/twitter.ril.js"},{"block_hashes":["TDmz5QyVgRpzmoTU7TsRqWK/ecmVFgFXO4RPp+BrHMc="],"block_size":4096,"path":"sites/twitter/twttr-sprite@1x.png"},{"block_hashes":["dUauoO/hIXbbwaB0wdAJge0KXd/p0o7WvXyBOmiz8KY="],"block_size":4096,"path":"sites/twitter/twttr-sprite@2x.png"},{"block_hashes":["vYrq1j653Emia4nTRvyQtzIjdWzoNy3KqvkTkLvA0Z8="],"block_size":4096,"path":"sites/yahoo/ril-icon-white.png"},{"block_hashes":["uwKQIZa4PPaAbHxMUGOJT1Du4gJJ2psq/ql3NOESRAg="],"block_size":4096,"path":"sites/yahoo/ril-icon-white@2x.png"},{"block_hashes":["lyugmdkqY9uvW8authqfO87cDFQIKgG1VYWAy8kIRAg="],"block_size":4096,"path":"sites/yahoo/yahoo-share-button.pocket.js"},{"block_hashes":["t2ApzXZc3k2Y32Xs7WqYPvVh7i9syC6s8KmyLBNhdFo="],"block_size":4096,"path":"sites/yahoo/yahoo.pocket.chrome.css"},{"block_hashes":["NlT6JFjluUoOpJ163frJWBsAIGEyJAGXMvOjsmWa42c="],"block_size":4096,"path":"sites/yahoo/yahoo.pocket.css"},{"block_hashes":["wgUOXJ30iqK7lnAXryroC/Rd3cgSVB2a1xZjN7boWDQ=","m4hsuMiwPfFegKYQSshGlz6IBRpWsLJbQXki/1y7eu8=","22HfWMVN1sahcnHrW6sBNeYQFiT+e3JYXamuqo3BJro="],"block_size":4096,"path":"sites/yahoo/yahoo.pocket.js"}],"version":2}