[
	{
		"file": "g:\\Dropbox\\projects\\delegation\\Reader\\TTS-Reader/saves/0.37843641725488064.html",
		"name": "0.37843641725488064"
	},
	{
		"file": "g:\\Dropbox\\projects\\delegation\\Reader\\TTS-Reader/saves/0.7422632526924517.html",
		"name": "0.7422632526924517"
	},
	{
		"file": "g:\\Dropbox\\projects\\delegation\\Reader\\TTS-Reader/saves/yeah.html",
		"name": "yeah"
	},
	{
		"file": "g:\\Dropbox\\projects\\delegation\\Reader\\TTS-Reader/saves/0.029184338701202295.html",
		"name": "0.029184338701202295"
	},
	{
		"file": "g:\\Dropbox\\projects\\delegation\\Reader\\TTS-Reader/saves/0.004849504784411929-b.html",
		"name": "0.004849504784411929-b"
	},
	{
		"file": "G:\\Dropbox\\projects\\delegation\\Reader\\TTS-Reader/saves/0.004849504784411929-b.html",
		"name": "0.004849504784411929-b"
	},
	{
		"file": "G:\\Dropbox\\projects\\delegation\\Reader\\TTS-Reader/saves/0.029184338701202295.html",
		"name": "0.029184338701202295"
	},
	{
		"file": "G:\\Dropbox\\projects\\delegation\\Reader\\TTS-Reader/saves/0.7989795948778495.html",
		"name": "0.7989795948778495"
	},
	{
		"file": "G:\\Dropbox\\projects\\delegation\\Reader\\TTS-Reader/saves/0.09846889013435645.html",
		"name": "0.09846889013435645"
	},
	{
		"file": "G:\\Dropbox\\projects\\delegation\\Reader\\TTS-Reader/saves/0.9378756823288925.html",
		"name": "0.9378756823288925"
	},
	{
		"file": "G:\\Dropbox\\projects\\delegation\\Reader\\TTS-Reader/saves/0.7133381462873203.html",
		"name": "0.7133381462873203"
	},
	{
		"file": "G:\\Dropbox\\projects\\delegation\\Reader\\TTS-Reader/saves/0.29266270253776283.html",
		"name": "0.29266270253776283"
	},
	{
		"file": "G:\\Dropbox\\projects\\delegation\\Reader\\TTS-Reader/saves/0.7099668424420347.html",
		"name": "0.7099668424420347"
	},
	{
		"file": "G:\\Dropbox\\projects\\delegation\\Reader\\TTS-Reader/saves/0.2841394509774502.html",
		"name": "0.2841394509774502"
	},
	{
		"file": "g:\\Dropbox\\projects\\delegation\\Reader\\TTS-Reader/saves/0.2841394509774502.html",
		"name": "0.2841394509774502"
	},
	{
		"file": "g:\\Dropbox\\projects\\delegation\\Reader\\TTS-Reader/saves/0.9209278919969401.html",
		"name": "0.9209278919969401"
	},
	{
		"file": "g:\\Dropbox\\projects\\delegation\\Reader\\TTS-Reader/saves/0.8250382546635977.html",
		"name": "0.8250382546635977"
	},
	{
		"file": "g:\\Dropbox\\projects\\delegation\\Reader\\TTS-Reader/saves/0.17928198602919676.html",
		"name": "0.17928198602919676"
	},
	{
		"file": "g:\\Dropbox\\projects\\delegation\\Reader\\TTS-Reader/saves/0.20782051391240985.html",
		"name": "0.20782051391240985"
	},
	{
		"file": "g:\\Dropbox\\projects\\delegation\\Reader\\TTS-Reader/saves/0.5734671472694988.html",
		"name": "0.5734671472694988"
	},
	{
		"file": "g:\\Dropbox\\projects\\delegation\\Reader\\TTS-Reader/saves/random thoughts and reflections.html",
		"name": "random thoughts and reflections"
	},
	{
		"file": "g:\\Dropbox\\projects\\delegation\\Reader\\TTS-Reader/saves/numbers.html",
		"name": "numbers"
	},
	{
		"file": "g:\\Dropbox\\projects\\delegation\\Reader\\TTS-Reader/saves/test2.html",
		"name": "test2"
	},
	{
		"file": "g:\\Dropbox\\projects\\delegation\\Reader\\TTS-Reader/saves/undefined.html"
	}
]