{
	"info": {
		"lastTouched": "2017-08-11T19:17:20.818Z",
		"g:\\Dropbox\\projects\\crypto\\mp\\Tx\\prev\\txIterators\\JSONSetIterator_Generic.js": "2017-08-11T19:17:20.818Z",
		"count": 30,
		"filterCount": 0,
		"c:\\Users\\user1\\Dropbox\\projects\\crypto\\mp\\Tx\\prev\\txIterators\\JSONSetIterator_Generic.js": "2017-08-11T04:47:01.733Z"
	},
	"list": [
		{
			"date": "4/30/2014",
			"description": "Budget Rent",
			"originalDescription": "BUDGET RENT A CAR   ROCHESTERR/A# 930013696   800-621-2844 320141200578121550",
			"amount": -600.65,
			"transactionType": "debit",
			"category": "Rental Car & Taxi",
			"accountName": "Gold Card",
			"labels": "",
			"notes": "",
			"date2": "2014-04-30T04:00:00.000Z",
			"desc": "budget rent a car   rochesterr/a# 930013696   800-621-2844 320141200578121550",
			"desc2": "BUDGET RENT A CAR   ROCHESTERR/A# 930013696   800-621-2844 320141200578121550",
			"index": 0,
			"filtered": true,
			"rejected": true
		},
		{
			"date": "5/11/2014",
			"description": "Budget Rent",
			"originalDescription": "BUDGET RENT A CAR   ROCHESTERR/A# 930013700   800-621-2844 320141310748856627",
			"amount": -247.79,
			"transactionType": "debit",
			"category": "Rental Car & Taxi",
			"accountName": "Gold Card",
			"labels": "",
			"notes": "",
			"date2": "2014-05-11T04:00:00.000Z",
			"desc": "budget rent a car   rochesterr/a# 930013700   800-621-2844 320141310748856627",
			"desc2": "BUDGET RENT A CAR   ROCHESTERR/A# 930013700   800-621-2844 320141310748856627",
			"index": 1,
			"filtered": true,
			"rejected": true
		},
		{
			"date": "6/12/2014",
			"description": "Budget Rent",
			"originalDescription": "BUDGET RENT A CAR   ROCHESTERR/A# 930013954   800-621-2844 320141630235976918",
			"amount": -657.65,
			"transactionType": "debit",
			"category": "Rental Car & Taxi",
			"accountName": "Gold Card",
			"labels": "",
			"notes": "",
			"date2": "2014-06-12T04:00:00.000Z",
			"desc": "budget rent a car   rochesterr/a# 930013954   800-621-2844 320141630235976918",
			"desc2": "BUDGET RENT A CAR   ROCHESTERR/A# 930013954   800-621-2844 320141630235976918",
			"index": 2,
			"filtered": true,
			"rejected": true
		},
		{
			"date": "6/22/2014",
			"description": "Budget Rent",
			"originalDescription": "BUDGET RENT A CAR   ROCHESTERR/A# 930013965   800-621-2844 320141730391322896",
			"amount": -247.79,
			"transactionType": "debit",
			"category": "Rental Car & Taxi",
			"accountName": "Gold Card",
			"labels": "",
			"notes": "",
			"date2": "2014-06-22T04:00:00.000Z",
			"desc": "budget rent a car   rochesterr/a# 930013965   800-621-2844 320141730391322896",
			"desc2": "BUDGET RENT A CAR   ROCHESTERR/A# 930013965   800-621-2844 320141730391322896",
			"index": 3,
			"filtered": true,
			"rejected": true
		},
		{
			"date": "7/23/2014",
			"description": "Budget Rent",
			"originalDescription": "BUDGET RENT A CAR   ROCHESTERR/A# 930014595   800-621-2844 320142040858677876",
			"amount": -592,
			"transactionType": "debit",
			"category": "Rental Car & Taxi",
			"accountName": "Gold Card",
			"labels": "",
			"notes": "",
			"date2": "2014-07-23T04:00:00.000Z",
			"desc": "budget rent a car   rochesterr/a# 930014595   800-621-2844 320142040858677876",
			"desc2": "BUDGET RENT A CAR   ROCHESTERR/A# 930014595   800-621-2844 320142040858677876",
			"index": 4,
			"filtered": true,
			"rejected": true
		},
		{
			"date": "7/27/2014",
			"description": "Budget Rent",
			"originalDescription": "BUDGET RENT A CAR   ROCHESTERR/A# 930014606   800-621-2844 320142080920615681",
			"amount": -77.98,
			"transactionType": "debit",
			"category": "Rental Car & Taxi",
			"accountName": "Gold Card",
			"labels": "",
			"notes": "",
			"date2": "2014-07-27T04:00:00.000Z",
			"desc": "budget rent a car   rochesterr/a# 930014606   800-621-2844 320142080920615681",
			"desc2": "BUDGET RENT A CAR   ROCHESTERR/A# 930014606   800-621-2844 320142080920615681",
			"index": 5,
			"filtered": true,
			"rejected": true
		},
		{
			"date": "8/27/2014",
			"description": "Budget Rent",
			"originalDescription": "BUDGET RENT A CAR   ROCHESTERR/A# 930009614   800-621-2844 320142390391476887",
			"amount": -685.13,
			"transactionType": "debit",
			"category": "Rental Car & Taxi",
			"accountName": "Gold Card",
			"labels": "",
			"notes": "",
			"date2": "2014-08-27T04:00:00.000Z",
			"desc": "budget rent a car   rochesterr/a# 930009614   800-621-2844 320142390391476887",
			"desc2": "BUDGET RENT A CAR   ROCHESTERR/A# 930009614   800-621-2844 320142390391476887",
			"index": 6,
			"filtered": true,
			"rejected": true
		},
		{
			"date": "9/07/2014",
			"description": "Budget Rent",
			"originalDescription": "BUDGET RENT A CAR   ROCHESTERR/A# 930009625   800-621-2844 320142500558884524",
			"amount": -216.61,
			"transactionType": "debit",
			"category": "Rental Car & Taxi",
			"accountName": "Gold Card",
			"labels": "",
			"notes": "",
			"date2": "2014-09-07T04:00:00.000Z",
			"desc": "budget rent a car   rochesterr/a# 930009625   800-621-2844 320142500558884524",
			"desc2": "BUDGET RENT A CAR   ROCHESTERR/A# 930009625   800-621-2844 320142500558884524",
			"index": 7,
			"filtered": true,
			"rejected": true
		},
		{
			"date": "10/12/2014",
			"description": "Budget Rent",
			"originalDescription": "BUDGET RENT A CAR   ROCHESTERR/A# 930016765   800-621-2844 320142850094095584",
			"amount": -31.3,
			"transactionType": "debit",
			"category": "Rental Car & Taxi",
			"accountName": "Gold Card",
			"labels": "",
			"notes": "",
			"date2": "2014-10-12T04:00:00.000Z",
			"desc": "budget rent a car   rochesterr/a# 930016765   800-621-2844 320142850094095584",
			"desc2": "BUDGET RENT A CAR   ROCHESTERR/A# 930016765   800-621-2844 320142850094095584",
			"index": 8,
			"filtered": true,
			"rejected": true
		},
		{
			"date": "11/09/2014",
			"description": "Budget Rent",
			"originalDescription": "BUDGET RENT A CAR   ROCHESTERR/A# 397100830   800-621-2844 320143130525024478",
			"amount": -970.6,
			"transactionType": "debit",
			"category": "Rental Car & Taxi",
			"accountName": "Gold Card",
			"labels": "",
			"notes": "",
			"date2": "2014-11-09T05:00:00.000Z",
			"desc": "budget rent a car   rochesterr/a# 397100830   800-621-2844 320143130525024478",
			"desc2": "BUDGET RENT A CAR   ROCHESTERR/A# 397100830   800-621-2844 320143130525024478",
			"index": 9,
			"filtered": true,
			"rejected": true
		},
		{
			"date": "1/16/2014",
			"description": "Roch Gas Elec",
			"originalDescription": "Withdrawal-ACH-A-ROCH GAS & ELEC ROCH GAS & ELEC (RG&E PAYMT)",
			"amount": -180.64,
			"transactionType": "debit",
			"category": "Utilities",
			"accountName": "Premium Checking",
			"labels": "",
			"notes": "",
			"date2": "2014-01-16T05:00:00.000Z",
			"desc": "withdrawal-ach-a-roch gas & elec roch gas & elec (rg&e paymt)",
			"desc2": "Withdrawal-ACH-A-ROCH GAS & ELEC ROCH GAS & ELEC (RG&E PAYMT)",
			"index": 10,
			"filtered": true,
			"rejected": true
		},
		{
			"date": "2/19/2014",
			"description": "Roch Gas Elec",
			"originalDescription": "Withdrawal-ACH-A-ROCH GAS & ELEC ROCH GAS & ELEC (RG&E PAYMT)",
			"amount": -207.63,
			"transactionType": "debit",
			"category": "Utilities",
			"accountName": "Premium Checking",
			"labels": "",
			"notes": "",
			"date2": "2014-02-19T05:00:00.000Z",
			"desc": "withdrawal-ach-a-roch gas & elec roch gas & elec (rg&e paymt)",
			"desc2": "Withdrawal-ACH-A-ROCH GAS & ELEC ROCH GAS & ELEC (RG&E PAYMT)",
			"index": 11,
			"filtered": true,
			"rejected": true
		},
		{
			"date": "4/18/2014",
			"description": "Roch Gas Elec",
			"originalDescription": "Withdrawal-ACH-A-ROCH GAS & ELEC ROCH GAS & ELEC (RG&E PAYMT)",
			"amount": -184.55,
			"transactionType": "debit",
			"category": "Utilities",
			"accountName": "Premium Checking",
			"labels": "",
			"notes": "",
			"date2": "2014-04-18T04:00:00.000Z",
			"desc": "withdrawal-ach-a-roch gas & elec roch gas & elec (rg&e paymt)",
			"desc2": "Withdrawal-ACH-A-ROCH GAS & ELEC ROCH GAS & ELEC (RG&E PAYMT)",
			"index": 12,
			"filtered": true,
			"rejected": true
		},
		{
			"date": "5/16/2014",
			"description": "Roch Gas Elec",
			"originalDescription": "Withdrawal-ACH-A-ROCH GAS & ELEC ROCH GAS & ELEC (RG&E PAYMT)",
			"amount": -208.68,
			"transactionType": "debit",
			"category": "Utilities",
			"accountName": "Premium Checking",
			"labels": "",
			"notes": "",
			"date2": "2014-05-16T04:00:00.000Z",
			"desc": "withdrawal-ach-a-roch gas & elec roch gas & elec (rg&e paymt)",
			"desc2": "Withdrawal-ACH-A-ROCH GAS & ELEC ROCH GAS & ELEC (RG&E PAYMT)",
			"index": 13,
			"filtered": true,
			"rejected": true
		},
		{
			"date": "6/19/2014",
			"description": "Roch Gas Elec",
			"originalDescription": "Withdrawal-ACH-A-ROCH GAS & ELEC ROCH GAS & ELEC (RG&E PAYMT)",
			"amount": -191.79,
			"transactionType": "debit",
			"category": "Utilities",
			"accountName": "Premium Checking",
			"labels": "",
			"notes": "",
			"date2": "2014-06-19T04:00:00.000Z",
			"desc": "withdrawal-ach-a-roch gas & elec roch gas & elec (rg&e paymt)",
			"desc2": "Withdrawal-ACH-A-ROCH GAS & ELEC ROCH GAS & ELEC (RG&E PAYMT)",
			"index": 14,
			"filtered": true,
			"rejected": true
		},
		{
			"date": "7/16/2014",
			"description": "Roch Gas Elec",
			"originalDescription": "Withdrawal-ACH-A-ROCH GAS & ELEC ROCH GAS & ELEC (RG&E PAYMT)",
			"amount": -143.3,
			"transactionType": "debit",
			"category": "Utilities",
			"accountName": "Premium Checking",
			"labels": "",
			"notes": "",
			"date2": "2014-07-16T04:00:00.000Z",
			"desc": "withdrawal-ach-a-roch gas & elec roch gas & elec (rg&e paymt)",
			"desc2": "Withdrawal-ACH-A-ROCH GAS & ELEC ROCH GAS & ELEC (RG&E PAYMT)",
			"index": 15,
			"filtered": true,
			"rejected": true
		},
		{
			"date": "9/17/2014",
			"description": "Roch Gas Elec",
			"originalDescription": "Withdrawal-ACH-A-ROCH GAS & ELEC ROCH GAS & ELEC (RG&E PAYMT)",
			"amount": -108.51,
			"transactionType": "debit",
			"category": "Utilities",
			"accountName": "Premium Checking",
			"labels": "",
			"notes": "",
			"date2": "2014-09-17T04:00:00.000Z",
			"desc": "withdrawal-ach-a-roch gas & elec roch gas & elec (rg&e paymt)",
			"desc2": "Withdrawal-ACH-A-ROCH GAS & ELEC ROCH GAS & ELEC (RG&E PAYMT)",
			"index": 16,
			"filtered": true,
			"rejected": true
		},
		{
			"date": "10/20/2014",
			"description": "Roch Gas Elec",
			"originalDescription": "Withdrawal-ACH-A-ROCH GAS & ELEC ROCH GAS & ELEC (RG&E PAYMT)",
			"amount": -129.95,
			"transactionType": "debit",
			"category": "Utilities",
			"accountName": "Premium Checking",
			"labels": "",
			"notes": "",
			"date2": "2014-10-20T04:00:00.000Z",
			"desc": "withdrawal-ach-a-roch gas & elec roch gas & elec (rg&e paymt)",
			"desc2": "Withdrawal-ACH-A-ROCH GAS & ELEC ROCH GAS & ELEC (RG&E PAYMT)",
			"index": 17,
			"filtered": true,
			"rejected": true
		},
		{
			"date": "11/17/2014",
			"description": "Roch Gas Elec",
			"originalDescription": "Withdrawal-ACH-A-ROCH GAS & ELEC ROCH GAS & ELEC (RG&E PAYMT)",
			"amount": -120.24,
			"transactionType": "debit",
			"category": "Utilities",
			"accountName": "Premium Checking",
			"labels": "",
			"notes": "",
			"date2": "2014-11-17T05:00:00.000Z",
			"desc": "withdrawal-ach-a-roch gas & elec roch gas & elec (rg&e paymt)",
			"desc2": "Withdrawal-ACH-A-ROCH GAS & ELEC ROCH GAS & ELEC (RG&E PAYMT)",
			"index": 18,
			"filtered": true,
			"rejected": true
		},
		{
			"date": "12/26/2014",
			"description": "Roch Gas Elec",
			"originalDescription": "Withdrawal-ACH-A-ROCH GAS & ELEC ROCH GAS & ELEC (RG&E PAYMT)",
			"amount": -153.24,
			"transactionType": "debit",
			"category": "Utilities",
			"accountName": "Premium Checking",
			"labels": "",
			"notes": "",
			"date2": "2014-12-26T05:00:00.000Z",
			"desc": "withdrawal-ach-a-roch gas & elec roch gas & elec (rg&e paymt)",
			"desc2": "Withdrawal-ACH-A-ROCH GAS & ELEC ROCH GAS & ELEC (RG&E PAYMT)",
			"index": 19,
			"filtered": true,
			"rejected": true
		},
		{
			"date": "5/19/2014",
			"description": "Betterment Webbetterment",
			"originalDescription": "Withdrawal-ACH-A-BETTERMENT WEBBETTERMENT (TRANSFER)",
			"amount": -5500,
			"transactionType": "debit",
			"category": "IRA Contribution",
			"accountName": "Premium Checking",
			"labels": "",
			"notes": "",
			"date2": "2014-05-19T04:00:00.000Z",
			"desc": "withdrawal-ach-a-betterment webbetterment (transfer)",
			"desc2": "Withdrawal-ACH-A-BETTERMENT WEBBETTERMENT (TRANSFER)",
			"index": 20,
			"filtered": true,
			"rejected": true
		},
		{
			"date": "5/20/2014",
			"description": "Betterment Webbetterment",
			"originalDescription": "Withdrawal-ACH-A-BETTERMENT WEBBETTERMENT (TRANSFER)",
			"amount": -5000,
			"transactionType": "debit",
			"category": "IRA Contribution",
			"accountName": "Premium Checking",
			"labels": "",
			"notes": "",
			"date2": "2014-05-20T04:00:00.000Z",
			"desc": "withdrawal-ach-a-betterment webbetterment (transfer)",
			"desc2": "Withdrawal-ACH-A-BETTERMENT WEBBETTERMENT (TRANSFER)",
			"index": 21,
			"filtered": true,
			"rejected": true
		},
		{
			"date": "5/27/2014",
			"description": "Betterment Webbetterment",
			"originalDescription": "Withdrawal-ACH-A-BETTERMENT WEBBETTERMENT (TRANSFER)",
			"amount": -5000,
			"transactionType": "debit",
			"category": "IRA Contribution",
			"accountName": "Premium Checking",
			"labels": "",
			"notes": "",
			"date2": "2014-05-27T04:00:00.000Z",
			"desc": "withdrawal-ach-a-betterment webbetterment (transfer)",
			"desc2": "Withdrawal-ACH-A-BETTERMENT WEBBETTERMENT (TRANSFER)",
			"index": 22,
			"filtered": true,
			"rejected": true
		},
		{
			"date": "5/27/2014",
			"description": "Betterment Webbetterment",
			"originalDescription": "Withdrawal-ACH-A-BETTERMENT WEBBETTERMENT (TRANSFER)",
			"amount": -10000,
			"transactionType": "debit",
			"category": "IRA Contribution",
			"accountName": "Premium Checking",
			"labels": "",
			"notes": "",
			"date2": "2014-05-27T04:00:00.000Z",
			"desc": "withdrawal-ach-a-betterment webbetterment (transfer)",
			"desc2": "Withdrawal-ACH-A-BETTERMENT WEBBETTERMENT (TRANSFER)",
			"index": 23,
			"filtered": true,
			"rejected": true
		},
		{
			"date": "6/20/2014",
			"description": "Betterment Webbetterment",
			"originalDescription": "Withdrawal-ACH-A-BETTERMENT WEBBETTERMENT (TRANSFER)",
			"amount": -1000,
			"transactionType": "debit",
			"category": "IRA Contribution",
			"accountName": "Premium Checking",
			"labels": "",
			"notes": "",
			"date2": "2014-06-20T04:00:00.000Z",
			"desc": "withdrawal-ach-a-betterment webbetterment (transfer)",
			"desc2": "Withdrawal-ACH-A-BETTERMENT WEBBETTERMENT (TRANSFER)",
			"index": 24,
			"filtered": true,
			"rejected": true
		},
		{
			"date": "7/15/2014",
			"description": "Betterment Webbetterment",
			"originalDescription": "Withdrawal-ACH-A-BETTERMENT WEBBETTERMENT (TRANSFER)",
			"amount": -10000,
			"transactionType": "debit",
			"category": "IRA Contribution",
			"accountName": "Premium Checking",
			"labels": "",
			"notes": "",
			"date2": "2014-07-15T04:00:00.000Z",
			"desc": "withdrawal-ach-a-betterment webbetterment (transfer)",
			"desc2": "Withdrawal-ACH-A-BETTERMENT WEBBETTERMENT (TRANSFER)",
			"index": 25,
			"filtered": true,
			"rejected": true
		},
		{
			"date": "9/22/2014",
			"description": "Betterment Webbetterment",
			"originalDescription": "Withdrawal-ACH-A-BETTERMENT WEBBETTERMENT (TRANSFER)",
			"amount": -1000,
			"transactionType": "debit",
			"category": "IRA Contribution",
			"accountName": "Premium Checking",
			"labels": "",
			"notes": "",
			"date2": "2014-09-22T04:00:00.000Z",
			"desc": "withdrawal-ach-a-betterment webbetterment (transfer)",
			"desc2": "Withdrawal-ACH-A-BETTERMENT WEBBETTERMENT (TRANSFER)",
			"index": 26,
			"filtered": true,
			"rejected": true
		},
		{
			"date": "10/21/2014",
			"description": "Betterment Webbetterment",
			"originalDescription": "Withdrawal-ACH-A-BETTERMENT WEBBETTERMENT (TRANSFER)",
			"amount": -1000,
			"transactionType": "debit",
			"category": "IRA Contribution",
			"accountName": "Premium Checking",
			"labels": "",
			"notes": "",
			"date2": "2014-10-21T04:00:00.000Z",
			"desc": "withdrawal-ach-a-betterment webbetterment (transfer)",
			"desc2": "Withdrawal-ACH-A-BETTERMENT WEBBETTERMENT (TRANSFER)",
			"index": 27,
			"filtered": true,
			"rejected": true
		},
		{
			"date": "11/20/2014",
			"description": "Betterment Webbetterment",
			"originalDescription": "Withdrawal-ACH-A-BETTERMENT WEBBETTERMENT (TRANSFER)",
			"amount": -1000,
			"transactionType": "debit",
			"category": "IRA Contribution",
			"accountName": "Premium Checking",
			"labels": "",
			"notes": "",
			"date2": "2014-11-20T05:00:00.000Z",
			"desc": "withdrawal-ach-a-betterment webbetterment (transfer)",
			"desc2": "Withdrawal-ACH-A-BETTERMENT WEBBETTERMENT (TRANSFER)",
			"index": 28,
			"filtered": true,
			"rejected": true
		},
		{
			"date": "12/22/2014",
			"description": "Betterment Webbetterment",
			"originalDescription": "Withdrawal-ACH-A-BETTERMENT WEBBETTERMENT (TRANSFER)",
			"amount": -1000,
			"transactionType": "debit",
			"category": "IRA Contribution",
			"accountName": "Premium Checking",
			"labels": "",
			"notes": "",
			"date2": "2014-12-22T05:00:00.000Z",
			"desc": "withdrawal-ach-a-betterment webbetterment (transfer)",
			"desc2": "Withdrawal-ACH-A-BETTERMENT WEBBETTERMENT (TRANSFER)",
			"index": 29,
			"filtered": true,
			"rejected": true
		}
	]
}