[
	{
		"title": "Deadpool.2016.720p.HC.HDRip.x264.AAC-ETRG",
		"seeders": "1946",
		"desc": "Uploaded 03-24 2016, Size 924.59 MiB, ULed by e.ozleme.ozlem",
		"urlTorrent": "/torrent/14009791/Deadpool.2016.720p.HC.HDRip.x264.AAC-ETRG",
		"urlMagnet": "magnet:?xt=urn:btih:84123e8b4e850a796403736e0cf02e409f0ef00b&dn=Deadpool.2016.720p.HC.HDRip.x264.AAC-ETRG&tr=udp%3A%2F%2Ftracker.leechers-paradise.org%3A6969&tr=udp%3A%2F%2Fzer0day.ch%3A1337&tr=udp%3A%2F%2Ftracker.coppersurfer.tk%3A6969&tr=udp%3A%2F%2Fpublic.popcorn-tracker.org%3A6969",
		"size": 0.92459
	}
]