[
	{
		"title": "Sia - Chandelier (Piano Version) 2014 - Single [Mp3 @ 320 Kbps]",
		"seeders": "105",
		"desc": "Uploaded 09-09 2014, Size 9.57 MiB, ULed by l33t_aryanl33t_aryan",
		"urlTorrent": "/torrent/11007700/Sia_-_Chandelier_(Piano_Version)_2014_-_Single_[Mp3___320_Kbps]",
		"urlMagnet": "magnet:?xt=urn:btih:06228172a6b0da94729d721e9aa35e556b97f8ce&dn=Sia+-+Chandelier+%28Piano+Version%29+2014+-+Single+%5BMp3+%40+320+Kbps%5D&tr=udp%3A%2F%2Ftracker.leechers-paradise.org%3A6969&tr=udp%3A%2F%2Fzer0day.ch%3A1337&tr=udp%3A%2F%2Fopen.demonii.com%3A1337&tr=udp%3A%2F%2Ftracker.coppersurfer.tk%3A6969&tr=udp%3A%2F%2Fexodus.desync.com%3A6969",
		"size": 0.00957
	}
]