[
	{
		"title": "The Weeknd - Starboy (feat. Daft Punk) {2016 Single} [MP3 - 320]",
		"seeders": "119",
		"desc": "Uploaded 09-22 2016, Size 8.91 MiB, ULed by PoppyTrapPoppyTrap",
		"urlTorrent": "/torrent/15880301/The_Weeknd_-_Starboy_(feat._Daft_Punk)__2016_Single__[MP3_-_320]",
		"urlMagnet": "magnet:?xt=urn:btih:40e1ad4cc3df1863eb13b13bb58fac6416c6bcc0&dn=The+Weeknd+-+Starboy+%28feat.+Daft+Punk%29+%7B2016+Single%7D+%5BMP3+-+320%5D&tr=udp%3A%2F%2Ftracker.leechers-paradise.org%3A6969&tr=udp%3A%2F%2Fzer0day.ch%3A1337&tr=udp%3A%2F%2Ftracker.coppersurfer.tk%3A6969&tr=udp%3A%2F%2Fpublic.popcorn-tracker.org%3A6969",
		"size": 0.00891
	}
]