[
	{
		"title": "Iron Fist",
		"imdb_id": "tt3322310",
		"year": "2017",
		"series": true,
		"ended": false,
		"seasons": "1",
		"currentIndex": 13,
		"name": "Add Each Season 1 Add Each Season 1",
		"dirRemoteMega": "/Root/tv/Iron_Fist_2017/tt3322310/Season_1/",
		"filtered": true,
		"size": 3.58,
		"urlTorrent": "magnet:?xt=urn:btih:5792433f9354be1224ff24cb5d2ece324a3cb68e&dn=Marvels%3A+Iron+Fist+-+Season+1+-+720p+WEBRiP+-+x265+HEVC+-+ShAaNi&tr=udp%3A%2F%2Ftracker.leechers-paradise.org%3A6969&tr=udp%3A%2F%2Fzer0day.ch%3A1337&tr=udp%3A%2F%2Fopen.demonii.com%3A1337&tr=udp%3A%2F%2Ftracker.coppersurfer.tk%3A6969&tr=udp%3A%2F%2Fexodus.desync.com%3A6969",
		"nameTorrent": "Marvels: Iron Fist - Season 1 - 720p WEBRiP - x265 HEVC - ShAaNi",
		"index": 0
	},
	{
		"title": "Legion",
		"imdb_id": "tt5114356",
		"year": "2017",
		"series": true,
		"ended": false,
		"seasons": "2",
		"currentIndex": 8,
		"name": "Add Each Season 1 Add Each Season 1",
		"dirRemoteMega": "/Root/tv/Legion_2017/tt5114356/Season_1/",
		"filtered": true,
		"size": 2.04,
		"urlTorrent": "magnet:?xt=urn:btih:3caea047ffb76e266975f719184dec01a961e6ef&dn=Legion+-+Season+1+-+720p+HDTV+-+x265+HEVC+-+ShAaNiG&tr=udp%3A%2F%2Ftracker.leechers-paradise.org%3A6969&tr=udp%3A%2F%2Fzer0day.ch%3A1337&tr=udp%3A%2F%2Fopen.demonii.com%3A1337&tr=udp%3A%2F%2Ftracker.coppersurfer.tk%3A6969&tr=udp%3A%2F%2Fexodus.desync.com%3A6969",
		"nameTorrent": "Legion - Season 1 - 720p HDTV - x265 HEVC - ShAaNiG",
		"index": 1
	},
	{
		"title": "Legion",
		"imdb_id": "tt5114356",
		"year": "2017",
		"series": true,
		"ended": false,
		"seasons": "2",
		"currentIndex": 8,
		"name": "Add Each Season 2 Add Each Season 2",
		"dirRemoteMega": "/Root/tv/Legion_2017/tt5114356/Season_2/",
		"filtered": true,
		"size": 4.76,
		"urlTorrent": "magnet:?xt=urn:btih:d34e4ed2027ab6c325aa4462abfef6ed99cc1d3a&dn=LEGION+of+Super+Heroes+-+Complete+Series+%28Season+1+and+2%29+-+480p&tr=udp%3A%2F%2Ftracker.leechers-paradise.org%3A6969&tr=udp%3A%2F%2Fzer0day.ch%3A1337&tr=udp%3A%2F%2Fopen.demonii.com%3A1337&tr=udp%3A%2F%2Ftracker.coppersurfer.tk%3A6969&tr=udp%3A%2F%2Fexodus.desync.com%3A6969",
		"nameTorrent": "LEGION of Super Heroes - Complete Series (Season 1 and 2) - 480p",
		"index": 2
	},
	{
		"title": "13 Reasons Why",
		"imdb_id": "tt1837492",
		"year": "2017",
		"series": true,
		"ended": false,
		"seasons": "1",
		"currentIndex": 13,
		"name": "Add Each Season 1 Add Each Season 1",
		"dirRemoteMega": "/Root/tv/13_Reasons_Why_2017/tt1837492/Season_1/",
		"filtered": true,
		"size": 3.57,
		"urlTorrent": "magnet:?xt=urn:btih:9a6e7ad1f7455405c557e92c6a8f5a4f98c77382&dn=13+Reasons+Why+-+Season+1+-+720p+WEBRiP+-+x265+HEVC+-+ShAaNiG&tr=udp%3A%2F%2Ftracker.leechers-paradise.org%3A6969&tr=udp%3A%2F%2Fzer0day.ch%3A1337&tr=udp%3A%2F%2Fopen.demonii.com%3A1337&tr=udp%3A%2F%2Ftracker.coppersurfer.tk%3A6969&tr=udp%3A%2F%2Fexodus.desync.com%3A6969",
		"nameTorrent": "13 Reasons Why - Season 1 - 720p WEBRiP - x265 HEVC - ShAaNiG",
		"index": 3
	},
	{
		"title": "Feud",
		"imdb_id": "tt1984119",
		"year": "2017",
		"series": true,
		"ended": false,
		"seasons": "2",
		"currentIndex": 6,
		"name": "Add episode S01E01 Add episode S01E01",
		"dirRemoteMega": "/Root/tv/Feud_2017/tt1984119/Season_1/",
		"filtered": true,
		"parentName": "Add Each Season 1",
		"size": 1.76,
		"urlTorrent": "magnet:?xt=urn:btih:6fef27a7b0329bbab3a8aa846790af5934d9b8df&dn=Feud.S01E01.PROPER.720p.HDTV.x264-KILLERS%5Bettv%5D&tr=udp%3A%2F%2Ftracker.leechers-paradise.org%3A6969&tr=udp%3A%2F%2Fzer0day.ch%3A1337&tr=udp%3A%2F%2Fopen.demonii.com%3A1337&tr=udp%3A%2F%2Ftracker.coppersurfer.tk%3A6969&tr=udp%3A%2F%2Fexodus.desync.com%3A6969",
		"nameTorrent": "Feud.S01E01.PROPER.720p.HDTV.x264-KILLERS[ettv]",
		"index": 4
	},
	{
		"title": "Feud",
		"imdb_id": "tt1984119",
		"year": "2017",
		"series": true,
		"ended": false,
		"seasons": "2",
		"currentIndex": 6,
		"name": "Add episode S01E02 Add episode S01E02",
		"dirRemoteMega": "/Root/tv/Feud_2017/tt1984119/Season_1/",
		"filtered": true,
		"parentName": "Add Each Season 1",
		"size": 1.57,
		"urlTorrent": "magnet:?xt=urn:btih:3696f2382ff5068ff9df7c9beb09b365b06d28d7&dn=Feud.S01E02.720p.HDTV.x264-FLEET&tr=udp%3A%2F%2Ftracker.leechers-paradise.org%3A6969&tr=udp%3A%2F%2Fzer0day.ch%3A1337&tr=udp%3A%2F%2Fopen.demonii.com%3A1337&tr=udp%3A%2F%2Ftracker.coppersurfer.tk%3A6969&tr=udp%3A%2F%2Fexodus.desync.com%3A6969",
		"nameTorrent": "Feud.S01E02.720p.HDTV.x264-FLEET",
		"index": 5
	},
	{
		"title": "Feud",
		"imdb_id": "tt1984119",
		"year": "2017",
		"series": true,
		"ended": false,
		"seasons": "2",
		"currentIndex": 6,
		"name": "Add episode S01E03 Add episode S01E03",
		"dirRemoteMega": "/Root/tv/Feud_2017/tt1984119/Season_1/",
		"filtered": true,
		"parentName": "Add Each Season 1",
		"size": 1.52,
		"urlTorrent": "magnet:?xt=urn:btih:f6e04d36be12dbec5961b43713dafe2bea6d89cf&dn=Feud.S01E03.720p.HDTV.x264-FLEET&tr=udp%3A%2F%2Ftracker.leechers-paradise.org%3A6969&tr=udp%3A%2F%2Fzer0day.ch%3A1337&tr=udp%3A%2F%2Fopen.demonii.com%3A1337&tr=udp%3A%2F%2Ftracker.coppersurfer.tk%3A6969&tr=udp%3A%2F%2Fexodus.desync.com%3A6969",
		"nameTorrent": "Feud.S01E03.720p.HDTV.x264-FLEET",
		"index": 6
	},
	{
		"title": "Feud",
		"imdb_id": "tt1984119",
		"year": "2017",
		"series": true,
		"ended": false,
		"seasons": "2",
		"currentIndex": 6,
		"name": "Add episode S01E04 Add episode S01E04",
		"dirRemoteMega": "/Root/tv/Feud_2017/tt1984119/Season_1/",
		"filtered": true,
		"parentName": "Add Each Season 1",
		"size": 1.9,
		"urlTorrent": "magnet:?xt=urn:btih:9f40a23c782bc6f8a47149d8502776dbc670eaf8&dn=Feud.S01E04.1080p.WEB.h264-MOROSE&tr=udp%3A%2F%2Ftracker.leechers-paradise.org%3A6969&tr=udp%3A%2F%2Fzer0day.ch%3A1337&tr=udp%3A%2F%2Fopen.demonii.com%3A1337&tr=udp%3A%2F%2Ftracker.coppersurfer.tk%3A6969&tr=udp%3A%2F%2Fexodus.desync.com%3A6969",
		"nameTorrent": "Feud.S01E04.1080p.WEB.h264-MOROSE",
		"index": 7
	},
	{
		"title": "Feud",
		"imdb_id": "tt1984119",
		"year": "2017",
		"series": true,
		"ended": false,
		"seasons": "2",
		"currentIndex": 6,
		"name": "Add episode S01E05 Add episode S01E05",
		"dirRemoteMega": "/Root/tv/Feud_2017/tt1984119/Season_1/",
		"filtered": true,
		"parentName": "Add Each Season 1",
		"size": 1.44,
		"urlTorrent": "magnet:?xt=urn:btih:7b2a18c66804652c4fd486036cac8154faec637d&dn=Feud.S01E05.720p.HDTV.x264-KILLERS&tr=udp%3A%2F%2Ftracker.leechers-paradise.org%3A6969&tr=udp%3A%2F%2Fzer0day.ch%3A1337&tr=udp%3A%2F%2Fopen.demonii.com%3A1337&tr=udp%3A%2F%2Ftracker.coppersurfer.tk%3A6969&tr=udp%3A%2F%2Fexodus.desync.com%3A6969",
		"nameTorrent": "Feud.S01E05.720p.HDTV.x264-KILLERS",
		"index": 8
	},
	{
		"title": "Feud",
		"imdb_id": "tt1984119",
		"year": "2017",
		"series": true,
		"ended": false,
		"seasons": "2",
		"currentIndex": 6,
		"name": "Add episode S01E06 Add episode S01E06",
		"dirRemoteMega": "/Root/tv/Feud_2017/tt1984119/Season_1/",
		"filtered": true,
		"parentName": "Add Each Season 1",
		"urlTorrentNotFound": true,
		"successful": false,
		"index": 9
	},
	{
		"title": "Feud",
		"imdb_id": "tt1984119",
		"year": "2017",
		"series": true,
		"ended": false,
		"seasons": "2",
		"currentIndex": 6,
		"name": "Add episode S01E07 Add episode S01E07",
		"dirRemoteMega": "/Root/tv/Feud_2017/tt1984119/Season_1/",
		"filtered": true,
		"parentName": "Add Each Season 1",
		"urlTorrentNotFound": true,
		"successful": false,
		"index": 10
	},
	{
		"title": "Feud",
		"imdb_id": "tt1984119",
		"year": "2017",
		"series": true,
		"ended": false,
		"seasons": "2",
		"currentIndex": 6,
		"name": "Add episode S01E08 Add episode S01E08",
		"dirRemoteMega": "/Root/tv/Feud_2017/tt1984119/Season_1/",
		"filtered": true,
		"parentName": "Add Each Season 1",
		"urlTorrentNotFound": true,
		"successful": false,
		"index": 11
	},
	{
		"title": "Feud",
		"imdb_id": "tt1984119",
		"year": "2017",
		"series": true,
		"ended": false,
		"seasons": "2",
		"currentIndex": 6,
		"name": "Add Each Season 2 Add Each Season 2",
		"dirRemoteMega": "/Root/tv/Feud_2017/tt1984119/Season_2/",
		"filtered": true,
		"urlTorrentNotFound": true,
		"index": 12
	},
	{
		"title": "Taboo",
		"imdb_id": "tt3647998",
		"year": "2017",
		"series": true,
		"ended": false,
		"seasons": "2",
		"currentIndex": 8,
		"name": "Add Each Season 1 Add Each Season 1",
		"dirRemoteMega": "/Root/tv/Taboo_2017/tt3647998/Season_1/",
		"filtered": true,
		"size": 2.4,
		"urlTorrent": "magnet:?xt=urn:btih:1409bc22afb0141a44406ae805eae43c1b119bba&dn=Taboo+-+Season+1+-+720p+WEB-DL+-+x265+HEVC+-+ShAaNiG&tr=udp%3A%2F%2Ftracker.leechers-paradise.org%3A6969&tr=udp%3A%2F%2Fzer0day.ch%3A1337&tr=udp%3A%2F%2Fopen.demonii.com%3A1337&tr=udp%3A%2F%2Ftracker.coppersurfer.tk%3A6969&tr=udp%3A%2F%2Fexodus.desync.com%3A6969",
		"nameTorrent": "Taboo - Season 1 - 720p WEB-DL - x265 HEVC - ShAaNiG",
		"index": 13
	},
	{
		"title": "Taboo",
		"imdb_id": "tt3647998",
		"year": "2017",
		"series": true,
		"ended": false,
		"seasons": "2",
		"currentIndex": 8,
		"name": "Add Each Season 2 Add Each Season 2",
		"dirRemoteMega": "/Root/tv/Taboo_2017/tt3647998/Season_2/",
		"filtered": true,
		"urlTorrentNotFound": true,
		"index": 14
	}
]