[
	{
		"title": "Beauty and the Beast",
		"imdb_id": "tt2771200",
		"year": "2017",
		"series": false,
		"name": "Beauty and the Beast",
		"query": "Beauty and the Beast 2017",
		"dirRemoteMega": "/Root/movies/Beauty_and_the_Beast_2017/tt2771200/",
		"nameTorrent": "Beauty and the Beast 2017 HDCAM 700MB x264-DiRG",
		"index": 1,
		"errors": [
			"this file tells what files were missig",
			"self.data.countFound: 1 1 missing: 100.0%",
			"Beauty and the Beast tt2771200   Beauty and the Beast"
		],
		"urlTorrentBad": "magnet:?xt=urn:btih:7e1d51f11edd910dbf7bf53cf65093296146526b&dn=Beauty+and+the+Beast+2017+HDCAM+700MB+x264-DiRG&tr=udp%3A%2F%2Ftracker.leechers-paradise.org%3A6969&tr=udp%3A%2F%2Fzer0day.ch%3A1337&tr=udp%3A%2F%2Fopen.demonii.com%3A1337&tr=udp%3A%2F%2Ftracker.coppersurfer.tk%3A6969&tr=udp%3A%2F%2Fexodus.desync.com%3A6969"
	},
	{
		"title": "Power Rangers",
		"imdb_id": "tt3717490",
		"year": "2017",
		"series": false,
		"name": "Power Rangers",
		"query": "Power Rangers 2017",
		"dirRemoteMega": "/Root/movies/Power_Rangers_2017/tt3717490/",
		"nameTorrent": "Power Rangers 2017 HD-TS x264 AC3-CPG",
		"index": 2,
		"errors": [
			"this file tells what files were missig",
			"self.data.countFound: 1 1 missing: 100.0%",
			"Power Rangers tt3717490   Power Rangers"
		],
		"urlTorrentBad": "magnet:?xt=urn:btih:9994cbbb2b5cd074b11d2a8254662a9a36990d23&dn=Power+Rangers+2017+HD-TS+x264+AC3-CPG&tr=udp%3A%2F%2Ftracker.leechers-paradise.org%3A6969&tr=udp%3A%2F%2Fzer0day.ch%3A1337&tr=udp%3A%2F%2Fopen.demonii.com%3A1337&tr=udp%3A%2F%2Ftracker.coppersurfer.tk%3A6969&tr=udp%3A%2F%2Fexodus.desync.com%3A6969"
	},
	{
		"title": "Ghost in the Shell",
		"imdb_id": "tt1219827",
		"year": "2017",
		"series": false,
		"name": "Ghost in the Shell",
		"query": "Ghost in the Shell 2017",
		"dirRemoteMega": "/Root/movies/Ghost_in_the_Shell_2017/tt1219827/",
		"nameTorrent": "Ghost in the Shell 2017 NEW HD-TS x264 AC3-CPG",
		"index": 3,
		"errors": [
			"this file tells what files were missig",
			"self.data.countFound: 1 1 missing: 100.0%",
			"Ghost in the Shell tt1219827   Ghost in the Shell"
		],
		"urlTorrentBad": "magnet:?xt=urn:btih:66191101cb669a457241e8f04933621e67409d0f&dn=Ghost+in+the+Shell+2017+NEW+HD-TS+x264+AC3-CPG&tr=udp%3A%2F%2Ftracker.leechers-paradise.org%3A6969&tr=udp%3A%2F%2Fzer0day.ch%3A1337&tr=udp%3A%2F%2Fopen.demonii.com%3A1337&tr=udp%3A%2F%2Ftracker.coppersurfer.tk%3A6969&tr=udp%3A%2F%2Fexodus.desync.com%3A6969"
	},
	{
		"title": "Life",
		"imdb_id": "tt5442430",
		"year": "2017",
		"series": false,
		"name": "Life",
		"query": "Life 2017",
		"dirRemoteMega": "/Root/movies/Life_2017/tt5442430/",
		"nameTorrent": "Drake - More Life (2017)",
		"index": 4,
		"errors": [
			"this file tells what files were missig",
			"self.data.countFound: 1 1 missing: 100.0%",
			"Life tt5442430   Life"
		],
		"urlTorrentBad": "magnet:?xt=urn:btih:c5f5e9fa0b301d7b9418f3e8ae3b8bc8f1e71bcb&dn=Drake+-+More+Life+%282017%29&tr=udp%3A%2F%2Ftracker.leechers-paradise.org%3A6969&tr=udp%3A%2F%2Fzer0day.ch%3A1337&tr=udp%3A%2F%2Fopen.demonii.com%3A1337&tr=udp%3A%2F%2Ftracker.coppersurfer.tk%3A6969&tr=udp%3A%2F%2Fexodus.desync.com%3A6969"
	},
	{
		"title": "Logan",
		"imdb_id": "tt3315342",
		"year": "2017",
		"series": false,
		"name": "Logan",
		"query": "Logan 2017",
		"dirRemoteMega": "/Root/movies/Logan_2017/tt3315342/",
		"nameTorrent": "Logan 2017 720p HD-TS V.2 x264 AC3-CPG",
		"index": 5,
		"errors": [
			"Logan tt3315342   Logan"
		],
		"urlTorrentBad": "magnet:?xt=urn:btih:98b40950a17ab644f155062d35de471a933608dd&dn=Logan+2017+720p+HD-TS+V.2+x264+AC3-CPG&tr=udp%3A%2F%2Ftracker.leechers-paradise.org%3A6969&tr=udp%3A%2F%2Fzer0day.ch%3A1337&tr=udp%3A%2F%2Fopen.demonii.com%3A1337&tr=udp%3A%2F%2Ftracker.coppersurfer.tk%3A6969&tr=udp%3A%2F%2Fexodus.desync.com%3A6969"
	}
]