[
	{
		"title": "The Shining",
		"imdb_id": "tt0081505",
		"year": "1980",
		"comment": "",
		"name": "The Shining",
		"query": "The Shining 1980",
		"dirRemoteMega": "/Root/movies/The_Shining_1980/tt0081505/",
		"filtered": true,
		"size": 2.74,
		"urlTorrent": "magnet:?xt=urn:btih:7e7c0f9e75c7d9d5b8b745781d5261c646e1853c&dn=The.Shining.1980.US.1080p.BluRay.H264.AAC-RARBG&tr=udp%3A%2F%2Ftracker.leechers-paradise.org%3A6969&tr=udp%3A%2F%2Fzer0day.ch%3A1337&tr=udp%3A%2F%2Fopen.demonii.com%3A1337&tr=udp%3A%2F%2Ftracker.coppersurfer.tk%3A6969&tr=udp%3A%2F%2Fexodus.desync.com%3A6969",
		"nameTorrent": "The.Shining.1980.US.1080p.BluRay.H264.AAC-RARBG",
		"index": 0,
		"genIndex": 12,
		"origIndex": 12
	},
	{
		"title": "Hellraiser",
		"imdb_id": "tt0093177",
		"year": "1987",
		"comment": "",
		"name": "Hellraiser",
		"query": "Hellraiser 1987",
		"dirRemoteMega": "/Root/movies/Hellraiser_1987/tt0093177/",
		"filtered": true,
		"size": 0.70482,
		"urlTorrent": "magnet:?xt=urn:btih:bd77ca9b8fd48ab1a9b3036bebb0face5e82ae09&dn=Hellraiser.%281987%29.DVDRip.ENG-BlicaDePreto&tr=udp%3A%2F%2Ftracker.leechers-paradise.org%3A6969&tr=udp%3A%2F%2Fzer0day.ch%3A1337&tr=udp%3A%2F%2Fopen.demonii.com%3A1337&tr=udp%3A%2F%2Ftracker.coppersurfer.tk%3A6969&tr=udp%3A%2F%2Fexodus.desync.com%3A6969",
		"nameTorrent": "Hellraiser.(1987).DVDRip.ENG-BlicaDePreto",
		"index": 1,
		"genIndex": 14,
		"origIndex": 14
	},
	{
		"title": "Scanners",
		"imdb_id": "tt0081455",
		"year": "1981",
		"comment": "",
		"name": "Scanners",
		"query": "Scanners 1981",
		"dirRemoteMega": "/Root/movies/Scanners_1981/tt0081455/",
		"filtered": true,
		"size": 2.99,
		"urlTorrent": "magnet:?xt=urn:btih:35725f70519cc56173b395927dc14ae7e623c9b2&dn=Scanners+1981+1080p+BDRip+H264+AAC+-+IceBane+%28Kingdom+Release%29&tr=udp%3A%2F%2Ftracker.leechers-paradise.org%3A6969&tr=udp%3A%2F%2Fzer0day.ch%3A1337&tr=udp%3A%2F%2Fopen.demonii.com%3A1337&tr=udp%3A%2F%2Ftracker.coppersurfer.tk%3A6969&tr=udp%3A%2F%2Fexodus.desync.com%3A6969",
		"nameTorrent": "Scanners 1981 1080p BDRip H264 AAC - IceBane (Kingdom Release)",
		"index": 2,
		"genIndex": 15,
		"origIndex": 15
	},
	{
		"title": "Wolfen",
		"imdb_id": "tt0083336",
		"year": "1981",
		"comment": "",
		"name": "Wolfen",
		"query": "Wolfen 1981",
		"dirRemoteMega": "/Root/movies/Wolfen_1981/tt0083336/",
		"filtered": true,
		"size": 1.84,
		"urlTorrent": "magnet:?xt=urn:btih:14a6609d250c17e3a021eb3e4b13bcaffb3feb13&dn=Wolfen+%281981%29+1080p+BrRip+x264+-+YIFY&tr=udp%3A%2F%2Ftracker.leechers-paradise.org%3A6969&tr=udp%3A%2F%2Fzer0day.ch%3A1337&tr=udp%3A%2F%2Fopen.demonii.com%3A1337&tr=udp%3A%2F%2Ftracker.coppersurfer.tk%3A6969&tr=udp%3A%2F%2Fexodus.desync.com%3A6969",
		"nameTorrent": "Wolfen (1981) 1080p BrRip x264 - YIFY",
		"index": 3,
		"genIndex": 16,
		"origIndex": 16
	},
	{
		"title": "The Haunting",
		"imdb_id": "tt0057129",
		"year": "1963",
		"comment": "",
		"name": "The Haunting",
		"query": "The Haunting 1963",
		"dirRemoteMega": "/Root/movies/The_Haunting_1963/tt0057129/",
		"filtered": true,
		"size": 1.65,
		"urlTorrent": "magnet:?xt=urn:btih:286b7540b6c6436ebb7ffd9bb0827432c81dcb89&dn=The+Haunting+%281963%29+1080p+BrRip+x264+-+YIFY&tr=udp%3A%2F%2Ftracker.leechers-paradise.org%3A6969&tr=udp%3A%2F%2Fzer0day.ch%3A1337&tr=udp%3A%2F%2Fopen.demonii.com%3A1337&tr=udp%3A%2F%2Ftracker.coppersurfer.tk%3A6969&tr=udp%3A%2F%2Fexodus.desync.com%3A6969",
		"nameTorrent": "The Haunting (1963) 1080p BrRip x264 - YIFY",
		"index": 4,
		"genIndex": 17,
		"origIndex": 17
	},
	{
		"title": "The Sentinel",
		"imdb_id": "tt0076683",
		"year": "1977",
		"comment": "",
		"name": "The Sentinel",
		"query": "The Sentinel 1977",
		"dirRemoteMega": "/Root/movies/The_Sentinel_1977/tt0076683/",
		"filtered": true,
		"size": 11.3,
		"urlTorrent": "magnet:?xt=urn:btih:118f1f8ef1876533e3a4a076c9ab1f5fc610d13f&dn=The.Sentinel.1977.Bluray.1080p.DTS-HD-2.0.x264-Grym&tr=udp%3A%2F%2Ftracker.leechers-paradise.org%3A6969&tr=udp%3A%2F%2Fzer0day.ch%3A1337&tr=udp%3A%2F%2Fopen.demonii.com%3A1337&tr=udp%3A%2F%2Ftracker.coppersurfer.tk%3A6969&tr=udp%3A%2F%2Fexodus.desync.com%3A6969",
		"nameTorrent": "The.Sentinel.1977.Bluray.1080p.DTS-HD-2.0.x264-Grym",
		"index": 5,
		"genIndex": 19,
		"origIndex": 19
	},
	{
		"title": "House of 1000 Corpses",
		"imdb_id": "tt0251736",
		"year": "2003",
		"comment": "",
		"name": "House of 1000 Corpses",
		"query": "House of 1000 Corpses 2003",
		"dirRemoteMega": "/Root/movies/House_of_1000_Corpses_2003/tt0251736/",
		"filtered": true,
		"size": 1.25,
		"urlTorrent": "magnet:?xt=urn:btih:f6bfa3d8710e77e118b2800640143dcc6908e4fd&dn=House+of+1000+Corpses+%282003%29+1080p+BrRip+x264+-+YIFY&tr=udp%3A%2F%2Ftracker.leechers-paradise.org%3A6969&tr=udp%3A%2F%2Fzer0day.ch%3A1337&tr=udp%3A%2F%2Fopen.demonii.com%3A1337&tr=udp%3A%2F%2Ftracker.coppersurfer.tk%3A6969&tr=udp%3A%2F%2Fexodus.desync.com%3A6969",
		"nameTorrent": "House of 1000 Corpses (2003) 1080p BrRip x264 - YIFY",
		"index": 6,
		"genIndex": 23,
		"origIndex": 23
	},
	{
		"title": "Halloween",
		"imdb_id": "tt0077651",
		"year": "1978",
		"comment": "",
		"name": "Halloween",
		"query": "Halloween 1978",
		"dirRemoteMega": "/Root/movies/Halloween_1978/tt0077651/",
		"filtered": true,
		"size": 1.4,
		"urlTorrent": "magnet:?xt=urn:btih:726a0323ddbe39aa419804fed36f03e5ecfd3e5e&dn=Halloween+%281978%29+1080p+BrRip+x264+-+YIFY&tr=udp%3A%2F%2Ftracker.leechers-paradise.org%3A6969&tr=udp%3A%2F%2Fzer0day.ch%3A1337&tr=udp%3A%2F%2Fopen.demonii.com%3A1337&tr=udp%3A%2F%2Ftracker.coppersurfer.tk%3A6969&tr=udp%3A%2F%2Fexodus.desync.com%3A6969",
		"nameTorrent": "Halloween (1978) 1080p BrRip x264 - YIFY",
		"index": 7,
		"genIndex": 26,
		"origIndex": 26
	},
	{
		"title": "Psycho",
		"imdb_id": "tt0054215",
		"year": "1960",
		"comment": "",
		"name": "Psycho",
		"query": "Psycho 1960",
		"dirRemoteMega": "/Root/movies/Psycho_1960/tt0054215/",
		"filtered": true,
		"size": 1.5,
		"urlTorrent": "magnet:?xt=urn:btih:3988ccc654983539544ba82d355aff234c78dec3&dn=Psycho+%281960%29+1080p+BrRip+x264+-+YIFY&tr=udp%3A%2F%2Ftracker.leechers-paradise.org%3A6969&tr=udp%3A%2F%2Fzer0day.ch%3A1337&tr=udp%3A%2F%2Fopen.demonii.com%3A1337&tr=udp%3A%2F%2Ftracker.coppersurfer.tk%3A6969&tr=udp%3A%2F%2Fexodus.desync.com%3A6969",
		"nameTorrent": "Psycho (1960) 1080p BrRip x264 - YIFY",
		"index": 8,
		"genIndex": 27,
		"origIndex": 27
	},
	{
		"title": "A Nightmare on Elm Street",
		"imdb_id": "tt0087800",
		"year": "1984",
		"comment": "",
		"name": "A Nightmare on Elm Street",
		"query": "A Nightmare on Elm Street 1984",
		"dirRemoteMega": "/Root/movies/A_Nightmare_on_Elm_Street_1984/tt0087800/",
		"filtered": true,
		"size": 1.76,
		"urlTorrent": "magnet:?xt=urn:btih:69a8705b6039565c5dabd65d1bcfbc0ade622c8c&dn=A+Nightmare+on+Elm+Street+%281984%29+1080p+BrRip+x264+-+YIFY&tr=udp%3A%2F%2Ftracker.leechers-paradise.org%3A6969&tr=udp%3A%2F%2Fzer0day.ch%3A1337&tr=udp%3A%2F%2Fopen.demonii.com%3A1337&tr=udp%3A%2F%2Ftracker.coppersurfer.tk%3A6969&tr=udp%3A%2F%2Fexodus.desync.com%3A6969",
		"nameTorrent": "A Nightmare on Elm Street (1984) 1080p BrRip x264 - YIFY",
		"index": 9,
		"genIndex": 28,
		"origIndex": 28
	},
	{
		"title": "New Nightmare",
		"imdb_id": "tt0111686",
		"year": "1994",
		"comment": "",
		"name": "New Nightmare",
		"query": "New Nightmare 1994",
		"dirRemoteMega": "/Root/movies/New_Nightmare_1994/tt0111686/",
		"filtered": true,
		"size": 0.75034,
		"urlTorrent": "magnet:?xt=urn:btih:10c3a825f4054a8550f3ae64ae9bad153dda85a0&dn=New+Nightmare+%281994%29+720p+BrRip+x264+-+YIFY&tr=udp%3A%2F%2Ftracker.leechers-paradise.org%3A6969&tr=udp%3A%2F%2Fzer0day.ch%3A1337&tr=udp%3A%2F%2Fopen.demonii.com%3A1337&tr=udp%3A%2F%2Ftracker.coppersurfer.tk%3A6969&tr=udp%3A%2F%2Fexodus.desync.com%3A6969",
		"nameTorrent": "New Nightmare (1994) 720p BrRip x264 - YIFY",
		"index": 10,
		"genIndex": 30,
		"origIndex": 30
	},
	{
		"title": "The Uninvited",
		"imdb_id": "tt0037415",
		"year": "1944",
		"comment": "",
		"name": "The Uninvited",
		"query": "The Uninvited 1944",
		"dirRemoteMega": "/Root/movies/The_Uninvited_1944/tt0037415/",
		"index": 11,
		"filtered": true,
		"size": 1.44,
		"urlTorrent": "magnet:?xt=urn:btih:42e87cb595490dec87c5a5e47f372f443da3d19f&dn=The+Uninvited+%281944%29+1080p+BrRip+x264+-+YIFY&tr=udp%3A%2F%2Ftracker.leechers-paradise.org%3A6969&tr=udp%3A%2F%2Fzer0day.ch%3A1337&tr=udp%3A%2F%2Fopen.demonii.com%3A1337&tr=udp%3A%2F%2Ftracker.coppersurfer.tk%3A6969&tr=udp%3A%2F%2Fexodus.desync.com%3A6969",
		"nameTorrent": "The Uninvited (1944) 1080p BrRip x264 - YIFY",
		"genIndex": 31,
		"origIndex": 31
	},
	{
		"title": "Society",
		"imdb_id": "tt0098354",
		"year": "1989",
		"comment": "",
		"name": "Society",
		"query": "Society 1989",
		"dirRemoteMega": "/Root/movies/Society_1989/tt0098354/",
		"filtered": true,
		"size": 0.80131,
		"urlTorrent": "magnet:?xt=urn:btih:61c527786a76cb55da0ef1ff026c7bd89b789695&dn=Dead+Poets+Society+%281989%29+720p+BrRip+x264+-+YIFY&tr=udp%3A%2F%2Ftracker.leechers-paradise.org%3A6969&tr=udp%3A%2F%2Fzer0day.ch%3A1337&tr=udp%3A%2F%2Fopen.demonii.com%3A1337&tr=udp%3A%2F%2Ftracker.coppersurfer.tk%3A6969&tr=udp%3A%2F%2Fexodus.desync.com%3A6969",
		"nameTorrent": "Dead Poets Society (1989) 720p BrRip x264 - YIFY",
		"index": 12,
		"genIndex": 32,
		"origIndex": 32
	},
	{
		"title": "The Conjuring",
		"imdb_id": "tt1457767",
		"year": "2013",
		"comment": "",
		"name": "The Conjuring",
		"query": "The Conjuring 2013",
		"dirRemoteMega": "/Root/movies/The_Conjuring_2013/tt1457767/",
		"filtered": true,
		"size": 1.65,
		"urlTorrent": "magnet:?xt=urn:btih:374a9448662b6d8073fe54933b52d9fc8e206b93&dn=The+Conjuring+%282013%29+1080p+BrRip+x264+-+YIFY&tr=udp%3A%2F%2Ftracker.leechers-paradise.org%3A6969&tr=udp%3A%2F%2Fzer0day.ch%3A1337&tr=udp%3A%2F%2Fopen.demonii.com%3A1337&tr=udp%3A%2F%2Ftracker.coppersurfer.tk%3A6969&tr=udp%3A%2F%2Fexodus.desync.com%3A6969",
		"nameTorrent": "The Conjuring (2013) 1080p BrRip x264 - YIFY",
		"index": 13,
		"genIndex": 33,
		"origIndex": 33
	},
	{
		"title": "The Changeling",
		"imdb_id": "tt0080516",
		"year": "1980",
		"comment": "",
		"name": "The Changeling",
		"query": "The Changeling 1980",
		"dirRemoteMega": "/Root/movies/The_Changeling_1980/tt0080516/",
		"filtered": true,
		"size": 3.51,
		"urlTorrent": "magnet:?xt=urn:btih:60e8a19035b4ff9e6b1f7275495f191b73f8b2df&dn=The.Changeling.1980.HDTV.720p.x264.AC3-FGT&tr=udp%3A%2F%2Ftracker.leechers-paradise.org%3A6969&tr=udp%3A%2F%2Fzer0day.ch%3A1337&tr=udp%3A%2F%2Fopen.demonii.com%3A1337&tr=udp%3A%2F%2Ftracker.coppersurfer.tk%3A6969&tr=udp%3A%2F%2Fexodus.desync.com%3A6969",
		"nameTorrent": "The.Changeling.1980.HDTV.720p.x264.AC3-FGT",
		"index": 14,
		"genIndex": 34,
		"origIndex": 34
	},
	{
		"title": "White Dog",
		"imdb_id": "tt0084899",
		"year": "1982",
		"comment": "",
		"name": "White Dog",
		"query": "White Dog 1982",
		"dirRemoteMega": "/Root/movies/White_Dog_1982/tt0084899/",
		"index": 15,
		"filtered": true,
		"size": 0.70377,
		"urlTorrent": "magnet:?xt=urn:btih:6f4664515ce566b98ebcf92326504edeac0ad5a9&dn=White+Dog+%281982%29+720p+BrRip+x264+-+YIFY&tr=udp%3A%2F%2Ftracker.leechers-paradise.org%3A6969&tr=udp%3A%2F%2Fzer0day.ch%3A1337&tr=udp%3A%2F%2Fopen.demonii.com%3A1337&tr=udp%3A%2F%2Ftracker.coppersurfer.tk%3A6969&tr=udp%3A%2F%2Fexodus.desync.com%3A6969",
		"nameTorrent": "White Dog (1982) 720p BrRip x264 - YIFY",
		"genIndex": 35,
		"origIndex": 35
	}
]