[
	{
		"title": "The Evil Dead",
		"imdb_id": "tt0083907",
		"year": "1981",
		"comment": "",
		"name": "The Evil Dead",
		"query": "The Evil Dead 1981",
		"dirRemoteMega": "/Root/movies/The_Evil_Dead_1981/tt0083907/",
		"filtered": true,
		"size": 1.3,
		"urlTorrent": "magnet:?xt=urn:btih:2296295180956ff54a86d53f9de8d062acc0210a&dn=The+Evil+Dead+%281981%29+1080p+BrRip+x264+-+YIFY&tr=udp%3A%2F%2Ftracker.leechers-paradise.org%3A6969&tr=udp%3A%2F%2Fzer0day.ch%3A1337&tr=udp%3A%2F%2Fopen.demonii.com%3A1337&tr=udp%3A%2F%2Ftracker.coppersurfer.tk%3A6969&tr=udp%3A%2F%2Fexodus.desync.com%3A6969",
		"nameTorrent": "The Evil Dead (1981) 1080p BrRip x264 - YIFY",
		"index": 1,
		"genIndex": 2,
		"found": [
			{
				"id": 5,
				"originalFilename": "e:\\media\\dls\\incoming\\finished\\Root\\movies\\The_Evil_Dead_1981\\tt0083907\\The Evil Dead (1981) [1080p]\\The.Evil.Dead.1981.1080p.BRrip.x264.GAZ.YIFY.mp4",
				"episode_name": null,
				"show_name": null,
				"name": "The Evil Dead",
				"localFilePath": "e:\\media\\dls\\incoming\\finished\\Root\\movies\\The_Evil_Dead_1981\\tt0083907\\The Evil Dead (1981) [1080p]\\The.Evil.Dead.1981.1080p.BRrip.x264.GAZ.YIFY.mp4",
				"imdb_id": "tt0083907",
				"imdb_series_id": null,
				"seasonNumber": null,
				"episodeNumber": null,
				"adminNotes": null,
				"episode": null,
				"series": false
			}
		]
	},
	{
		"title": "Pet Sematary",
		"imdb_id": "tt0098084",
		"year": "1989",
		"comment": "",
		"name": "Pet Sematary",
		"query": "Pet Sematary 1989",
		"dirRemoteMega": "/Root/movies/Pet_Sematary_1989/tt0098084/",
		"filtered": true,
		"size": 1.18,
		"urlTorrent": "magnet:?xt=urn:btih:fb72ce58f05cc2212bd9447d9a824deb657466ad&dn=Pet+Sematary+1989+BRRip+720p+x264+AC3+%5BEnglish_Latino%5D+CALLIXTUS&tr=udp%3A%2F%2Ftracker.leechers-paradise.org%3A6969&tr=udp%3A%2F%2Fzer0day.ch%3A1337&tr=udp%3A%2F%2Ftracker.coppersurfer.tk%3A6969&tr=udp%3A%2F%2Fpublic.popcorn-tracker.org%3A6969",
		"nameTorrent": "Pet Sematary 1989 BRRip 720p x264 AC3 [English_Latino] CALLIXTUS",
		"index": 2,
		"genIndex": 3,
		"found": [],
		"errors": [
			"this file tells what files were missig",
			"self.data.countFound: 1 1 missing: 100.0%",
			"Pet Sematary tt0098084   Pet Sematary"
		]
	},
	{
		"title": "In the Mouth of Madness",
		"imdb_id": "tt0113409",
		"year": "1994",
		"comment": "",
		"name": "In the Mouth of Madness",
		"query": "In the Mouth of Madness 1994",
		"dirRemoteMega": "/Root/movies/In_the_Mouth_of_Madness_1994/tt0113409/",
		"filtered": true,
		"size": 0.75303,
		"urlTorrent": "magnet:?xt=urn:btih:d4695125c7d40682c57eb3d0591d41cebc67a9ac&dn=In+the+Mouth+of+Madness+%281994%29+720p+BrRip+x264+-+YIFY&tr=udp%3A%2F%2Ftracker.leechers-paradise.org%3A6969&tr=udp%3A%2F%2Fzer0day.ch%3A1337&tr=udp%3A%2F%2Fopen.demonii.com%3A1337&tr=udp%3A%2F%2Ftracker.coppersurfer.tk%3A6969&tr=udp%3A%2F%2Fexodus.desync.com%3A6969",
		"nameTorrent": "In the Mouth of Madness (1994) 720p BrRip x264 - YIFY",
		"index": 3,
		"genIndex": 4,
		"found": [],
		"errors": [
			"this file tells what files were missig",
			"self.data.countFound: 1 1 missing: 100.0%",
			"In the Mouth of Madness tt0113409   In the Mouth of Madness"
		]
	},
	{
		"title": "The Exorcist",
		"imdb_id": "tt0070047",
		"year": "1973",
		"comment": "",
		"name": "The Exorcist",
		"query": "The Exorcist 1973",
		"dirRemoteMega": "/Root/movies/The_Exorcist_1973/tt0070047/",
		"filtered": true,
		"size": 1.99,
		"urlTorrent": "magnet:?xt=urn:btih:7ad7730ccbba999468b0c0649435fa1ac9899945&dn=The+Exorcist+%281973%29+1080p+BrRip+x264+-+YIFY&tr=udp%3A%2F%2Ftracker.leechers-paradise.org%3A6969&tr=udp%3A%2F%2Fzer0day.ch%3A1337&tr=udp%3A%2F%2Fopen.demonii.com%3A1337&tr=udp%3A%2F%2Ftracker.coppersurfer.tk%3A6969&tr=udp%3A%2F%2Fexodus.desync.com%3A6969",
		"nameTorrent": "The Exorcist (1973) 1080p BrRip x264 - YIFY",
		"index": 4,
		"genIndex": 5,
		"found": [],
		"errors": [
			"this file tells what files were missig",
			"self.data.countFound: 1 1 missing: 100.0%",
			"The Exorcist tt0070047   The Exorcist"
		]
	},
	{
		"title": "The Omen",
		"imdb_id": "tt0075005",
		"year": "1976",
		"comment": "",
		"name": "The Omen",
		"query": "The Omen 1976",
		"dirRemoteMega": "/Root/movies/The_Omen_1976/tt0075005/",
		"filtered": true,
		"size": 0.70121,
		"urlTorrent": "magnet:?xt=urn:btih:d7eee62a06a026e1c2a834c21dd72fcd105be7a7&dn=The+Omen+%281976%29+720p+BrRip+x264+-+YIFY&tr=udp%3A%2F%2Ftracker.leechers-paradise.org%3A6969&tr=udp%3A%2F%2Fzer0day.ch%3A1337&tr=udp%3A%2F%2Fopen.demonii.com%3A1337&tr=udp%3A%2F%2Ftracker.coppersurfer.tk%3A6969&tr=udp%3A%2F%2Fexodus.desync.com%3A6969",
		"nameTorrent": "The Omen (1976) 720p BrRip x264 - YIFY",
		"index": 5,
		"genIndex": 6,
		"found": [],
		"errors": [
			"this file tells what files were missig",
			"self.data.countFound: 1 1 missing: 100.0%",
			"The Omen tt0075005   The Omen"
		]
	},
	{
		"title": "Damien: Omen II",
		"imdb_id": "tt0077394",
		"year": "1978",
		"comment": "",
		"name": "Damien: Omen II",
		"query": "Damien: Omen II 1978",
		"dirRemoteMega": "/Root/movies/Damien__Omen_II_1978/tt0077394/",
		"filtered": true,
		"size": 4.37,
		"urlTorrent": "magnet:?xt=urn:btih:c9db25ad954a19e9089e7b789c8a0d297d9d1ce1&dn=The+Omen+II+Damien+1978+BluRay+720p+x264+DTS-DON+BOZX&tr=udp%3A%2F%2Ftracker.leechers-paradise.org%3A6969&tr=udp%3A%2F%2Fzer0day.ch%3A1337&tr=udp%3A%2F%2Ftracker.coppersurfer.tk%3A6969&tr=udp%3A%2F%2Fpublic.popcorn-tracker.org%3A6969",
		"nameTorrent": "The Omen II Damien 1978 BluRay 720p x264 DTS-DON BOZX",
		"index": 6,
		"genIndex": 7,
		"found": [],
		"errors": [
			"this file tells what files were missig",
			"self.data.countFound: 1 1 missing: 100.0%",
			"Damien: Omen II tt0077394   Damien: Omen II"
		]
	},
	{
		"title": "Resurrection",
		"imdb_id": "tt0142804",
		"year": "1999",
		"comment": "",
		"name": "Resurrection",
		"query": "Resurrection 1999",
		"dirRemoteMega": "/Root/movies/Resurrection_1999/tt0142804/",
		"index": 7,
		"genIndex": 8,
		"found": [],
		"errors": [
			"this file tells what files were missig",
			"self.data.countFound: 1 1 missing: 100.0%",
			"Resurrection tt0142804   Resurrection"
		]
	},
	{
		"title": "Rosemary's Baby",
		"imdb_id": "tt0063522",
		"year": "1968",
		"comment": "",
		"name": "Rosemary's Baby",
		"query": "Rosemary's Baby 1968",
		"dirRemoteMega": "/Root/movies/Rosemary_s_Baby_1968/tt0063522/",
		"index": 8,
		"genIndex": 9,
		"found": [],
		"errors": [
			"this file tells what files were missig",
			"self.data.countFound: 1 1 missing: 100.0%",
			"Rosemary's Baby tt0063522   Rosemary's Baby"
		]
	},
	{
		"title": "Cujo",
		"imdb_id": "tt0085382",
		"year": "1983",
		"comment": "",
		"name": "Cujo",
		"query": "Cujo 1983",
		"dirRemoteMega": "/Root/movies/Cujo_1983/tt0085382/",
		"filtered": true,
		"size": 1.09,
		"urlTorrent": "magnet:?xt=urn:btih:d1a75b994e8a6f876f74898185895768adb7e911&dn=Cujo+1983+BRRip+720p+x264+AC3+%5BEnglish_Latino%5D+CALLIXTUS&tr=udp%3A%2F%2Ftracker.leechers-paradise.org%3A6969&tr=udp%3A%2F%2Fzer0day.ch%3A1337&tr=udp%3A%2F%2Ftracker.coppersurfer.tk%3A6969&tr=udp%3A%2F%2Fpublic.popcorn-tracker.org%3A6969",
		"nameTorrent": "Cujo 1983 BRRip 720p x264 AC3 [English_Latino] CALLIXTUS",
		"index": 9,
		"genIndex": 10,
		"found": [],
		"errors": [
			"this file tells what files were missig",
			"self.data.countFound: 1 1 missing: 100.0%",
			"Cujo tt0085382   Cujo"
		]
	},
	{
		"title": "Candyman",
		"imdb_id": "tt0103919",
		"year": "1992",
		"comment": "",
		"name": "Candyman",
		"query": "Candyman 1992",
		"dirRemoteMega": "/Root/movies/Candyman_1992/tt0103919/",
		"filtered": true,
		"size": 1.71,
		"urlTorrent": "magnet:?xt=urn:btih:52a3153675a2c97c6bd70cfc24030cc444799833&dn=Candyman.1992.1080p.BluRay.x264.anoXmous&tr=udp%3A%2F%2Ftracker.leechers-paradise.org%3A6969&tr=udp%3A%2F%2Fzer0day.ch%3A1337&tr=udp%3A%2F%2Ftracker.coppersurfer.tk%3A6969&tr=udp%3A%2F%2Fpublic.popcorn-tracker.org%3A6969",
		"nameTorrent": "Candyman.1992.1080p.BluRay.x264.anoXmous",
		"index": 10,
		"genIndex": 11,
		"found": [],
		"errors": [
			"this file tells what files were missig",
			"self.data.countFound: 1 1 missing: 100.0%",
			"Candyman tt0103919   Candyman"
		]
	},
	{
		"title": "Carrie",
		"imdb_id": "tt0074285",
		"year": "1976",
		"comment": "",
		"name": "Carrie",
		"query": "Carrie 1976",
		"dirRemoteMega": "/Root/movies/Carrie_1976/tt0074285/",
		"filtered": true,
		"size": 1.44,
		"urlTorrent": "magnet:?xt=urn:btih:bdcc5643c98cf41b3448e5577a1f6135ce593a6b&dn=Carrie+%281976%29+1080p+BrRip+x264+-+YIFY&tr=udp%3A%2F%2Ftracker.leechers-paradise.org%3A6969&tr=udp%3A%2F%2Fzer0day.ch%3A1337&tr=udp%3A%2F%2Fopen.demonii.com%3A1337&tr=udp%3A%2F%2Ftracker.coppersurfer.tk%3A6969&tr=udp%3A%2F%2Fexodus.desync.com%3A6969",
		"nameTorrent": "Carrie (1976) 1080p BrRip x264 - YIFY",
		"index": 11,
		"genIndex": 12,
		"found": [],
		"errors": [
			"this file tells what files were missig",
			"self.data.countFound: 1 1 missing: 100.0%",
			"Carrie tt0074285   Carrie"
		]
	},
	{
		"title": "The Shining",
		"imdb_id": "tt0081505",
		"year": "1980",
		"comment": "",
		"name": "The Shining",
		"query": "The Shining 1980",
		"dirRemoteMega": "/Root/movies/The_Shining_1980/tt0081505/",
		"filtered": true,
		"size": 3.06,
		"urlTorrent": "magnet:?xt=urn:btih:7cd0ba3ce72727fd1acee4b029b5005e8e4e6178&dn=The+Shining+1980+Extended.1080p.BluRay.5.1+x264+.+NVEE&tr=udp%3A%2F%2Ftracker.leechers-paradise.org%3A6969&tr=udp%3A%2F%2Fzer0day.ch%3A1337&tr=udp%3A%2F%2Fopen.demonii.com%3A1337&tr=udp%3A%2F%2Ftracker.coppersurfer.tk%3A6969&tr=udp%3A%2F%2Fexodus.desync.com%3A6969",
		"nameTorrent": "The Shining 1980 Extended.1080p.BluRay.5.1 x264 . NVEE",
		"index": 12,
		"genIndex": 13,
		"found": [],
		"errors": [
			"this file tells what files were missig",
			"self.data.countFound: 1 1 missing: 100.0%",
			"The Shining tt0081505   The Shining"
		]
	},
	{
		"title": "Gargoyles",
		"imdb_id": "tt0068622",
		"year": "1972 TV Movie",
		"comment": "",
		"name": "Gargoyles",
		"query": "Gargoyles 1972 TV Movie",
		"dirRemoteMega": "/Root/movies/Gargoyles_1972 TV Movie/tt0068622/",
		"index": 13,
		"genIndex": 14,
		"found": [],
		"errors": [
			"this file tells what files were missig",
			"self.data.countFound: 1 1 missing: 100.0%",
			"Gargoyles tt0068622   Gargoyles"
		]
	},
	{
		"title": "Hellraiser",
		"imdb_id": "tt0093177",
		"year": "1987",
		"comment": "",
		"name": "Hellraiser",
		"query": "Hellraiser 1987",
		"dirRemoteMega": "/Root/movies/Hellraiser_1987/tt0093177/",
		"filtered": true,
		"size": 0.70041,
		"urlTorrent": "magnet:?xt=urn:btih:006beda4b3ebb5c61131bae5c64f99ae6c5646f5&dn=Hellraiser+UNCUT+%281987%29+720p+BrRip+x264+-+YIFY&tr=udp%3A%2F%2Ftracker.leechers-paradise.org%3A6969&tr=udp%3A%2F%2Fzer0day.ch%3A1337&tr=udp%3A%2F%2Fopen.demonii.com%3A1337&tr=udp%3A%2F%2Ftracker.coppersurfer.tk%3A6969&tr=udp%3A%2F%2Fexodus.desync.com%3A6969",
		"nameTorrent": "Hellraiser UNCUT (1987) 720p BrRip x264 - YIFY",
		"index": 14,
		"genIndex": 15,
		"found": [],
		"errors": [
			"this file tells what files were missig",
			"self.data.countFound: 1 1 missing: 100.0%",
			"Hellraiser tt0093177   Hellraiser"
		]
	},
	{
		"title": "Scanners",
		"imdb_id": "tt0081455",
		"year": "1981",
		"comment": "",
		"name": "Scanners",
		"query": "Scanners 1981",
		"dirRemoteMega": "/Root/movies/Scanners_1981/tt0081455/",
		"filtered": true,
		"size": 2.01,
		"urlTorrent": "magnet:?xt=urn:btih:fe66a8c963df6f002268d2296ad49107e62c1bc4&dn=Scanners.1981.Criterion.Edition.1080p.BluRay.x264.anoXmous&tr=udp%3A%2F%2Ftracker.leechers-paradise.org%3A6969&tr=udp%3A%2F%2Fzer0day.ch%3A1337&tr=udp%3A%2F%2Fopen.demonii.com%3A1337&tr=udp%3A%2F%2Ftracker.coppersurfer.tk%3A6969&tr=udp%3A%2F%2Fexodus.desync.com%3A6969",
		"nameTorrent": "Scanners.1981.Criterion.Edition.1080p.BluRay.x264.anoXmous",
		"index": 15,
		"genIndex": 16,
		"found": [],
		"errors": [
			"this file tells what files were missig",
			"self.data.countFound: 1 1 missing: 100.0%",
			"Scanners tt0081455   Scanners"
		]
	},
	{
		"title": "Wolfen",
		"imdb_id": "tt0083336",
		"year": "1981",
		"comment": "",
		"name": "Wolfen",
		"query": "Wolfen 1981",
		"dirRemoteMega": "/Root/movies/Wolfen_1981/tt0083336/",
		"filtered": true,
		"size": 1.84,
		"urlTorrent": "magnet:?xt=urn:btih:14a6609d250c17e3a021eb3e4b13bcaffb3feb13&dn=Wolfen+%281981%29+1080p+BrRip+x264+-+YIFY&tr=udp%3A%2F%2Ftracker.leechers-paradise.org%3A6969&tr=udp%3A%2F%2Fzer0day.ch%3A1337&tr=udp%3A%2F%2Ftracker.coppersurfer.tk%3A6969&tr=udp%3A%2F%2Fpublic.popcorn-tracker.org%3A6969",
		"nameTorrent": "Wolfen (1981) 1080p BrRip x264 - YIFY",
		"index": 16,
		"genIndex": 17,
		"found": [],
		"errors": [
			"this file tells what files were missig",
			"self.data.countFound: 1 1 missing: 100.0%",
			"Wolfen tt0083336   Wolfen"
		]
	},
	{
		"title": "The Haunting",
		"imdb_id": "tt0057129",
		"year": "1963",
		"comment": "",
		"name": "The Haunting",
		"query": "The Haunting 1963",
		"dirRemoteMega": "/Root/movies/The_Haunting_1963/tt0057129/",
		"filtered": true,
		"size": 0.8161499999999999,
		"urlTorrent": "magnet:?xt=urn:btih:00de4bb0fbe614b55dfa997999b2d79dd871734a&dn=The+Haunting+%281963%29+720p+BrRip+x264+-+YIFY&tr=udp%3A%2F%2Ftracker.leechers-paradise.org%3A6969&tr=udp%3A%2F%2Fzer0day.ch%3A1337&tr=udp%3A%2F%2Fopen.demonii.com%3A1337&tr=udp%3A%2F%2Ftracker.coppersurfer.tk%3A6969&tr=udp%3A%2F%2Fexodus.desync.com%3A6969",
		"nameTorrent": "The Haunting (1963) 720p BrRip x264 - YIFY",
		"index": 17,
		"genIndex": 18,
		"found": [],
		"errors": [
			"this file tells what files were missig",
			"self.data.countFound: 1 1 missing: 100.0%",
			"The Haunting tt0057129   The Haunting"
		]
	},
	{
		"title": "Hellbound: Hellraiser II",
		"imdb_id": "tt0095294",
		"year": "1988",
		"comment": "",
		"name": "Hellbound: Hellraiser II",
		"query": "Hellbound: Hellraiser II 1988",
		"dirRemoteMega": "/Root/movies/Hellbound__Hellraiser_II_1988/tt0095294/",
		"index": 18,
		"genIndex": 19,
		"found": [],
		"errors": [
			"this file tells what files were missig",
			"self.data.countFound: 1 1 missing: 100.0%",
			"Hellbound: Hellraiser II tt0095294   Hellbound: Hellraiser II"
		]
	},
	{
		"title": "The Sentinel",
		"imdb_id": "tt0076683",
		"year": "1977",
		"comment": "",
		"name": "The Sentinel",
		"query": "The Sentinel 1977",
		"dirRemoteMega": "/Root/movies/The_Sentinel_1977/tt0076683/",
		"filtered": true,
		"size": 0.95368,
		"urlTorrent": "magnet:?xt=urn:btih:d3ebb87d8e0249e7762203f4fd1a24d7441d383d&dn=The+Sentinel+-+%5BHorror%5D+-+%281977%29+DVDRip+%28subs%29+-+%5B%3DFaith%3D%5D&tr=udp%3A%2F%2Ftracker.leechers-paradise.org%3A6969&tr=udp%3A%2F%2Fzer0day.ch%3A1337&tr=udp%3A%2F%2Ftracker.coppersurfer.tk%3A6969&tr=udp%3A%2F%2Fpublic.popcorn-tracker.org%3A6969",
		"nameTorrent": "The Sentinel - [Horror] - (1977) DVDRip (subs) - [=Faith=]",
		"index": 19,
		"genIndex": 20,
		"found": [],
		"errors": [
			"this file tells what files were missig",
			"self.data.countFound: 1 1 missing: 100.0%",
			"The Sentinel tt0076683   The Sentinel"
		]
	},
	{
		"title": "Child's Play",
		"imdb_id": "tt0094862",
		"year": "1988",
		"comment": "",
		"name": "Child's Play",
		"query": "Child's Play 1988",
		"dirRemoteMega": "/Root/movies/Child_s_Play_1988/tt0094862/",
		"index": 20,
		"genIndex": 21,
		"found": [],
		"errors": [
			"this file tells what files were missig",
			"self.data.countFound: 1 1 missing: 100.0%",
			"Child's Play tt0094862   Child's Play"
		]
	},
	{
		"title": "Dead of Night",
		"imdb_id": "tt0068457",
		"year": "1974",
		"comment": "“ A.K.A. DeathDream - The More Popular Title ” - TheDeadGodfather",
		"name": "Dead of Night",
		"query": "Dead of Night 1974",
		"dirRemoteMega": "/Root/movies/Dead_of_Night_1974/tt0068457/",
		"index": 21,
		"genIndex": 22,
		"found": [],
		"errors": [
			"this file tells what files were missig",
			"self.data.countFound: 1 1 missing: 100.0%",
			"Dead of Night tt0068457   Dead of Night"
		]
	},
	{
		"title": "Don't Be Afraid of the Dark",
		"imdb_id": "tt0069992",
		"year": "1973 TV Movie",
		"comment": "",
		"name": "Don't Be Afraid of the Dark",
		"query": "Don't Be Afraid of the Dark 1973 TV Movie",
		"dirRemoteMega": "/Root/movies/Don_t_Be_Afraid_of_the_Dark_1973 TV Movie/tt0069992/",
		"index": 22,
		"genIndex": 23,
		"found": [],
		"errors": [
			"this file tells what files were missig",
			"self.data.countFound: 1 1 missing: 100.0%",
			"Don't Be Afraid of the Dark tt0069992   Don't Be Afraid of the Dark"
		]
	},
	{
		"title": "House of 1000 Corpses",
		"imdb_id": "tt0251736",
		"year": "2003",
		"comment": "",
		"name": "House of 1000 Corpses",
		"query": "House of 1000 Corpses 2003",
		"dirRemoteMega": "/Root/movies/House_of_1000_Corpses_2003/tt0251736/",
		"filtered": true,
		"size": 2.15,
		"urlTorrent": "magnet:?xt=urn:btih:366c111c772681fcdda21d10a6fc11a261e43f8c&dn=House+Of+1000+Corpses+%282003%29+1080p+BrRip+x264+aac+%5BTuGAZx%5D&tr=udp%3A%2F%2Ftracker.leechers-paradise.org%3A6969&tr=udp%3A%2F%2Fzer0day.ch%3A1337&tr=udp%3A%2F%2Fopen.demonii.com%3A1337&tr=udp%3A%2F%2Ftracker.coppersurfer.tk%3A6969&tr=udp%3A%2F%2Fexodus.desync.com%3A6969",
		"nameTorrent": "House Of 1000 Corpses (2003) 1080p BrRip x264 aac [TuGAZx]",
		"index": 23,
		"genIndex": 24,
		"found": [],
		"errors": [
			"this file tells what files were missig",
			"self.data.countFound: 1 1 missing: 100.0%",
			"House of 1000 Corpses tt0251736   House of 1000 Corpses"
		]
	},
	{
		"title": "The Devil's Rejects",
		"imdb_id": "tt0395584",
		"year": "2005",
		"comment": "",
		"name": "The Devil's Rejects",
		"query": "The Devil's Rejects 2005",
		"dirRemoteMega": "/Root/movies/The_Devil_s_Rejects_2005/tt0395584/",
		"index": 24,
		"genIndex": 25,
		"found": [],
		"errors": [
			"this file tells what files were missig",
			"self.data.countFound: 1 1 missing: 100.0%",
			"The Devil's Rejects tt0395584   The Devil's Rejects"
		]
	},
	{
		"title": "Alone in the Dark",
		"imdb_id": "tt0083542",
		"year": "1982",
		"comment": "",
		"name": "Alone in the Dark",
		"query": "Alone in the Dark 1982",
		"dirRemoteMega": "/Root/movies/Alone_in_the_Dark_1982/tt0083542/",
		"index": 25,
		"genIndex": 26,
		"found": [],
		"errors": [
			"this file tells what files were missig",
			"self.data.countFound: 1 1 missing: 100.0%",
			"Alone in the Dark tt0083542   Alone in the Dark"
		]
	},
	{
		"title": "Halloween",
		"imdb_id": "tt0077651",
		"year": "1978",
		"comment": "",
		"name": "Halloween",
		"query": "Halloween 1978",
		"dirRemoteMega": "/Root/movies/Halloween_1978/tt0077651/",
		"filtered": true,
		"size": 1.4,
		"urlTorrent": "magnet:?xt=urn:btih:726a0323ddbe39aa419804fed36f03e5ecfd3e5e&dn=Halloween+%281978%29+1080p+BrRip+x264+-+YIFY&tr=udp%3A%2F%2Ftracker.leechers-paradise.org%3A6969&tr=udp%3A%2F%2Fzer0day.ch%3A1337&tr=udp%3A%2F%2Fopen.demonii.com%3A1337&tr=udp%3A%2F%2Ftracker.coppersurfer.tk%3A6969&tr=udp%3A%2F%2Fexodus.desync.com%3A6969",
		"nameTorrent": "Halloween (1978) 1080p BrRip x264 - YIFY",
		"index": 26,
		"genIndex": 27,
		"found": [],
		"errors": [
			"this file tells what files were missig",
			"self.data.countFound: 1 1 missing: 100.0%",
			"Halloween tt0077651   Halloween"
		]
	},
	{
		"title": "Psycho",
		"imdb_id": "tt0054215",
		"year": "1960",
		"comment": "",
		"name": "Psycho",
		"query": "Psycho 1960",
		"dirRemoteMega": "/Root/movies/Psycho_1960/tt0054215/",
		"filtered": true,
		"size": 0.75125,
		"urlTorrent": "magnet:?xt=urn:btih:313b2b003d24c696cfef58507a584acd01985176&dn=Psycho+%281960%29+720p+BrRip+x264+-+YIFY&tr=udp%3A%2F%2Ftracker.leechers-paradise.org%3A6969&tr=udp%3A%2F%2Fzer0day.ch%3A1337&tr=udp%3A%2F%2Fopen.demonii.com%3A1337&tr=udp%3A%2F%2Ftracker.coppersurfer.tk%3A6969&tr=udp%3A%2F%2Fexodus.desync.com%3A6969",
		"nameTorrent": "Psycho (1960) 720p BrRip x264 - YIFY",
		"index": 27,
		"genIndex": 28,
		"found": [],
		"errors": [
			"this file tells what files were missig",
			"self.data.countFound: 1 1 missing: 100.0%",
			"Psycho tt0054215   Psycho"
		]
	},
	{
		"title": "A Nightmare on Elm Street",
		"imdb_id": "tt0087800",
		"year": "1984",
		"comment": "",
		"name": "A Nightmare on Elm Street",
		"query": "A Nightmare on Elm Street 1984",
		"dirRemoteMega": "/Root/movies/A_Nightmare_on_Elm_Street_1984/tt0087800/",
		"filtered": true,
		"size": 1.76,
		"urlTorrent": "magnet:?xt=urn:btih:69a8705b6039565c5dabd65d1bcfbc0ade622c8c&dn=A+Nightmare+on+Elm+Street+%281984%29+1080p+BrRip+x264+-+YIFY&tr=udp%3A%2F%2Ftracker.leechers-paradise.org%3A6969&tr=udp%3A%2F%2Fzer0day.ch%3A1337&tr=udp%3A%2F%2Fopen.demonii.com%3A1337&tr=udp%3A%2F%2Ftracker.coppersurfer.tk%3A6969&tr=udp%3A%2F%2Fexodus.desync.com%3A6969",
		"nameTorrent": "A Nightmare on Elm Street (1984) 1080p BrRip x264 - YIFY",
		"index": 28,
		"genIndex": 29,
		"found": [],
		"errors": [
			"this file tells what files were missig",
			"self.data.countFound: 1 1 missing: 100.0%",
			"A Nightmare on Elm Street tt0087800   A Nightmare on Elm Street"
		]
	},
	{
		"title": "A Nightmare on Elm Street 3: Dream Warriors",
		"imdb_id": "tt0093629",
		"year": "1987",
		"comment": "",
		"name": "A Nightmare on Elm Street 3: Dream Warriors",
		"query": "A Nightmare on Elm Street 3: Dream Warriors 1987",
		"dirRemoteMega": "/Root/movies/A_Nightmare_on_Elm_Street_3__Dream_Warriors_1987/tt0093629/",
		"index": 29,
		"genIndex": 30,
		"found": [],
		"errors": [
			"this file tells what files were missig",
			"self.data.countFound: 1 1 missing: 100.0%",
			"A Nightmare on Elm Street 3: Dream Warriors tt0093629   A Nightmare on Elm Street 3: Dream Warriors"
		]
	},
	{
		"title": "New Nightmare",
		"imdb_id": "tt0111686",
		"year": "1994",
		"comment": "",
		"name": "New Nightmare",
		"query": "New Nightmare 1994",
		"dirRemoteMega": "/Root/movies/New_Nightmare_1994/tt0111686/",
		"filtered": true,
		"size": 1.5,
		"urlTorrent": "magnet:?xt=urn:btih:bd670b11d9b3f9c4d808ac29c0047757535a76e0&dn=New+Nightmare+%281994%29+1080p+BrRip+x264+-+YIFY&tr=udp%3A%2F%2Ftracker.leechers-paradise.org%3A6969&tr=udp%3A%2F%2Fzer0day.ch%3A1337&tr=udp%3A%2F%2Ftracker.coppersurfer.tk%3A6969&tr=udp%3A%2F%2Fpublic.popcorn-tracker.org%3A6969",
		"nameTorrent": "New Nightmare (1994) 1080p BrRip x264 - YIFY",
		"index": 30,
		"genIndex": 31,
		"found": [],
		"errors": [
			"this file tells what files were missig",
			"self.data.countFound: 1 1 missing: 100.0%",
			"New Nightmare tt0111686   New Nightmare"
		]
	},
	{
		"title": "The Uninvited",
		"imdb_id": "tt0037415",
		"year": "1944",
		"comment": "",
		"name": "The Uninvited",
		"query": "The Uninvited 1944",
		"dirRemoteMega": "/Root/movies/The_Uninvited_1944/tt0037415/",
		"index": 31,
		"genIndex": 32,
		"found": [],
		"errors": [
			"this file tells what files were missig",
			"self.data.countFound: 1 1 missing: 100.0%",
			"The Uninvited tt0037415   The Uninvited"
		]
	},
	{
		"title": "Society",
		"imdb_id": "tt0098354",
		"year": "1989",
		"comment": "",
		"name": "Society",
		"query": "Society 1989",
		"dirRemoteMega": "/Root/movies/Society_1989/tt0098354/",
		"filtered": true,
		"size": 0.80131,
		"urlTorrent": "magnet:?xt=urn:btih:61c527786a76cb55da0ef1ff026c7bd89b789695&dn=Dead+Poets+Society+%281989%29+720p+BrRip+x264+-+YIFY&tr=udp%3A%2F%2Ftracker.leechers-paradise.org%3A6969&tr=udp%3A%2F%2Fzer0day.ch%3A1337&tr=udp%3A%2F%2Ftracker.coppersurfer.tk%3A6969&tr=udp%3A%2F%2Fpublic.popcorn-tracker.org%3A6969",
		"nameTorrent": "Dead Poets Society (1989) 720p BrRip x264 - YIFY",
		"index": 32,
		"genIndex": 33,
		"found": [],
		"errors": [
			"this file tells what files were missig",
			"self.data.countFound: 1 1 missing: 100.0%",
			"Society tt0098354   Society"
		]
	},
	{
		"title": "The Conjuring",
		"imdb_id": "tt1457767",
		"year": "2013",
		"comment": "",
		"name": "The Conjuring",
		"query": "The Conjuring 2013",
		"dirRemoteMega": "/Root/movies/The_Conjuring_2013/tt1457767/",
		"filtered": true,
		"size": 1.65,
		"urlTorrent": "magnet:?xt=urn:btih:374a9448662b6d8073fe54933b52d9fc8e206b93&dn=The+Conjuring+%282013%29+1080p+BrRip+x264+-+YIFY&tr=udp%3A%2F%2Ftracker.leechers-paradise.org%3A6969&tr=udp%3A%2F%2Fzer0day.ch%3A1337&tr=udp%3A%2F%2Fopen.demonii.com%3A1337&tr=udp%3A%2F%2Ftracker.coppersurfer.tk%3A6969&tr=udp%3A%2F%2Fexodus.desync.com%3A6969",
		"nameTorrent": "The Conjuring (2013) 1080p BrRip x264 - YIFY",
		"index": 33,
		"genIndex": 34,
		"found": [],
		"errors": [
			"this file tells what files were missig",
			"self.data.countFound: 1 1 missing: 100.0%",
			"The Conjuring tt1457767   The Conjuring"
		]
	},
	{
		"title": "The Changeling",
		"imdb_id": "tt0080516",
		"year": "1980",
		"comment": "",
		"name": "The Changeling",
		"query": "The Changeling 1980",
		"dirRemoteMega": "/Root/movies/The_Changeling_1980/tt0080516/",
		"filtered": true,
		"size": 3.51,
		"urlTorrent": "magnet:?xt=urn:btih:60e8a19035b4ff9e6b1f7275495f191b73f8b2df&dn=The.Changeling.1980.HDTV.720p.x264.AC3-FGT&tr=udp%3A%2F%2Ftracker.leechers-paradise.org%3A6969&tr=udp%3A%2F%2Fzer0day.ch%3A1337&tr=udp%3A%2F%2Fopen.demonii.com%3A1337&tr=udp%3A%2F%2Ftracker.coppersurfer.tk%3A6969&tr=udp%3A%2F%2Fexodus.desync.com%3A6969",
		"nameTorrent": "The.Changeling.1980.HDTV.720p.x264.AC3-FGT",
		"index": 34,
		"genIndex": 35,
		"found": [],
		"errors": [
			"this file tells what files were missig",
			"self.data.countFound: 1 1 missing: 100.0%",
			"The Changeling tt0080516   The Changeling"
		]
	},
	{
		"title": "White Dog",
		"imdb_id": "tt0084899",
		"year": "1982",
		"comment": "",
		"name": "White Dog",
		"query": "White Dog 1982",
		"dirRemoteMega": "/Root/movies/White_Dog_1982/tt0084899/",
		"index": 35,
		"genIndex": 36,
		"found": [],
		"errors": [
			"White Dog tt0084899   White Dog"
		]
	}
]