{"file_hashes":[{"block_hashes":["2GeXJxvLA85gr77UaWpIeX2rp8E0ERexa/g+RkOYTdc=","nMN47x4OMmZuTBtHH8uLb6AhNK++fh3to1It8c756Xc="],"block_size":4096,"path":"background.js"},{"block_hashes":["AOv80PD3eDdC1Ks6mkk+XznHdGb8WzkN3ub8gclP8r0="],"block_size":4096,"path":"bypass.png"},{"block_hashes":["8nXHcAPAZQmbLkN2STXLOi7UgmlzOkPxUmZqjHT2f20="],"block_size":4096,"path":"bypass.svg"},{"block_hashes":["uS/SSzQfgYpl+o0Fj09wP2lWKMmI9a9Q0FS6f6bg2vc=","zsPkIlBLBCg8OdmWNE7czDOMELz0n7BweGd/3cYtFCU=","UlrzxQ3nGu0Hcxa5iTiwAWk+g037oBcAm9apgkiAh8o=","Bst3ZKIlfeLri22tA/V+en9zIxlq/jMPBBbNP1izXjw=","PScx0I8ZIK8tXzU7Fh5CDBtnA9dDW2iqu0nONBKEyyc=","EL/VMfqTJb6DW1dmq35ehTtd1bqVDy+rgiewN39R1U0=","FWA5ONAsjdZm6VK62dbrNKby9m6tFX0oFyjELpRlh2s=","azYuHg1sZk+RGhtqcOkgAtuUjUmVpP9G+0gr/Pl6ikw=","U6wjv4zU4zkKDR1eB0u9In/dgYRLS+3QeWjnZmL07wk=","n/feZGV7dkGzKbzkWKlnOS31sJ493hTFSdVz0LLQlNA=","ArZ6y+xJZ+j2d2cxFnalYGItlSUxKwwap74DXgX/nqs=","zSrvzcyzly5/0KuBTb0zkV670r16TaT4SgGAvJpky44=","Potcy4z6Pv1lsxTJ0snqnj5NkVmhUL7f3fhfKY2jLAQ=","sPZXwQH7JgwHQchr7A7WtlWkH0LAy4fGKXf2K4+1tJE=","u1VOCae/klTY/mb2jkOGZJZHIpfFpbqOPaqTBrKN+BM=","nFqXQIKiXZrCL4mcivd5qSxjZSoJXM7eksjZuYqM6rk=","iwE/LpCRtgjIUIMnBPuuBe0xqOqpjzZfw1Ag7neZhXM=","GG1yI6/o5feYk3aXI7WKQKqzCcxk2xymPY/gWH5r+p0=","RnyZRfWyg4VaG3sm5DpCoPO85OLa6/OjoACYx9k3GJw=","xtXL5ZS7jbL/Izl9nMPaAzi+asmHJHcBV5SPz5GT/XM=","ciSsyiIfxt2ixuNUuv0MMv0+wgZl9DQBPL5rKyrLv2E=","6xACksUhpNAYpAjS4xuB9abBEJ4LhypH/uOt7j1w0/Y=","5meqskoRF3KgBGJCARY7MLD1Ito10sD00LmJugG0xH0=","gGnE+N+/Am3a6gpf5m1eXStzMbqnxUoZOChw4I0pIyE=","Epeie2TAyCR/3zEu1yYaLOSHnN/QJ7+6aUkFqJOOv9M=","btRDsaxWdnywIjxg58zpZdbDIUX6b3xWaYg6JgVxT44=","qr72LrcsNiSk0LKn1xdaZYtVzjbu7QpW0JOKgils3BU=","Q5uvCx/NinaIv1GA5WXLGiefNL6kIRjNGJpC5U7uEwo=","YOb4ecmrhS6QJ/i9sJYgD9GfIn5sbtu6C9/MyJoqGLs=","x/xH/Lfi1gN/lDAkuktohYIVMox0URywXPwAv5fHKKQ=","v24B7+LbVy5oFrH/dXCT9HCUyF2TghycZuyjBy77eOg=","RxqhxaDAyWXo4yQDfUusLBXtAeOHQ0AzLHvD16fyIx8=","2/OsVIGoIy6cPZjYDLfKUDw+5wiXjCwsHGcTI7znMbo=","rxRJnUm7rQyouAgRG/CxFtDR4/jTpS1dyG78YngGAT8=","PU+ggkuYr6+d16+6s2YhftbvBquT1u1wA+VSzqENPOg=","xBwYWIpcZJ83zB3BvGOx0ghSaHMGjLBP4bOOCvKHpk8=","10PeQ18hm8W5r1lHtTjMQoGotGSSAe8HfUrPWHRXNOs=","+3pQI3zWmQ6lSVyS7EqXQZPBsUURQgxfV0TMpNu9Aso=","ptKgNY2xdXe8oQBIS8FuhMttZ6oX/OSrEQwFbj//nmc=","ANxbC1XPYOXpNim+GkxOl/AztwHcA2aWrRqnfWbcdRY=","fxnoRx6QKqUtboreYqRxFhEzkfw+Hx4QZALXSoLBdTA=","pfEcj8Se+wP1DWb9VlJyGI5fvLAkYe1aOP43dg/t2HM=","r/EXGfPSJCNDFq/mSBynZo2l+G2WZArdlstMHvpn958=","cOa4HH5LTLtsngl8S5TxUkox3Ecw+lbh9vPNcK42A04=","tOKHxWk8WIrzgVtgYJMePVtLQUNaw948XsjM01wm17g=","lYATAsFeYyaO943j7FkYZu4To6sfV8nEqnewRGQeNW4=","CesMQUDoFx5Vn8qYXXsoAybAjF5+SkUn5eJZcybePn4=","f1yG/koM75sSWKfV9oa7uGe4w/fgGPW/W55f4wYlUX8=","lXIH5W9QgrLt2SZeArgQU0CTU1S5auT93j+LpTyIh+k=","s9kQ/iIFHMt+uHtKDJY+5A0wSyxbszLcqE6o3IDodSk=","hxrEOBOy5hL/bwZPZ4+/hzJDTG7vkAXpD5SOt/E+N4o=","94luaogpkANbN9pP8UniirNwukWbWa9wwkv05Sc1aYs="],"block_size":4096,"path":"bypass_wsj_extension_screenshot.png"},{"block_hashes":["zC4Ae5lN3bgiZjQg0pzubzh/MoOD4/hrC8Gh7sDZ5yY="],"block_size":4096,"path":"changelog.txt"},{"block_hashes":["+yrWqnJ1g+ruYo+6gLQN8UjrbURLZ/wz4u91FkY4+PI="],"block_size":4096,"path":"contentScript.js"},{"block_hashes":["ONLFxjrFBKnCuG8f1celLp0O1W9Hf7Cdw/8ftFcwJTM="],"block_size":4096,"path":"options.html"},{"block_hashes":["pPEoor0plYMClxUR9l/8mT4YUcKQrQ6N6b89UwbDg/o="],"block_size":4096,"path":"options.js"},{"block_hashes":["WtA7b7SO6NMyGdp4yLlE2tRHWFLQ9asvRC+nJU0fGZg="],"block_size":4096,"path":"popup.html"}],"version":2}