[
	{
		"text": "This book is intended to follow the path of the early theorists in championing cinematic storytelling. It includes 100 non-dialog techniques used by some of the industry’s top writers and directors. From Metropolis to Kill Bill, the book illustrates, through more than 500 frame grabs and 76 script excerpts, how the film medium can be exploited to advance story. Hopefully they will demonstrate the value that cinematic writing can lend to a screenplay.",
		"currentIndex": "131",
		"date": "2016-09-08T15:34:47.840Z"
	},
	{
		"text": "that of screen direction and comparison. Screen direction can suggest antagonism, individualism, and conflict, for example. A moving frame might be used to represent change, similarity or dissimilarity, or its opposite, stasis.",
		"currentIndex": "494",
		"date": "2016-09-09T19:21:23.255Z"
	},
	{
		"text": "These are foreground, middleground and background. Theatre has named these planes upstage, middlestage and downstage.",
		"currentIndex": "694",
		"date": "2016-09-09T20:26:41.765Z"
	}
]