[
	{
		"text": "A typical wood-framed wall is normally built with two-inch by four-inch wood studs. This is called a two-by-four wall, and it is plenty strong enough to support the floor and roof above, but a wall built like this is only 4 ½″ thick when finished. If there is no doorway through a two-by-four wall, you might never notice this thinness.",
		"notes": "jjjjjjh",
		"currentIndex": "901",
		"date": "2016-08-30T17:59:35.298Z"
	},
	{
		"text": "A typical wood-framed wall is normally built with two-inch by four-inch wood studs. This is called a two-by-four wall, and it is plenty strong enough to support the floor and roof above, but a wall built like this is only 4 ½″ thick when finished. ",
		"currentIndex": "1025",
		"date": "2016-08-31T19:24:50.624Z"
	},
	{
		"text": "When pools of daylight stream into a room or hallway, the light itself changes the character of the space. When you walk down a hallway, your eyes are naturally attracted to the next pool of light you see.",
		"currentIndex": "1026",
		"date": "2016-08-31T19:24:53.536Z"
	},
	{
		"text": "A valuable concept worth noting is that people are most comfortable in rooms that have windows on two sides. When light comes into a room from two different directions, the room will be naturally lit for a longer part of the day. The room will also “connect” more effectively with the outdoors because you can look out from the room in two different directions. These rooms simply feel better. ",
		"currentIndex": "1031",
		"date": "2016-08-31T19:25:15.688Z"
	},
	{
		"text": "Concealed or cove lighting around the trim close to the ceiling and maybe in a raised tray section of the ceiling can give the room a warm glow. ",
		"currentIndex": "1048",
		"date": "2016-08-31T19:26:34.595Z"
	},
	{
		"text": "At a dinner party, when the guests arrive, the room may be lit up with all five different kinds of light contributing to the sense of beauty and drama. During the meal, the host and hostess might choose to turn down the indirect lighting and turn off the sconces.",
		"currentIndex": "1049",
		"date": "2016-08-31T19:26:39.808Z"
	},
	{
		"text": "Obviously, this was not the best possible design. I think the number one problem most people discover after they have moved into their custom-built homes is that they experienced false economies and did not have anyone to help them weigh the ramifications, both good and bad, of each choice and decision they were making",
		"currentIndex": "1234",
		"date": "2016-08-31T19:37:12.343Z"
	},
	{
		"text": "The bathroom is one area in which clients attempt to save a small amount of money. For some reason I don’t fully understand, “Jack-and-Jill” bathrooms—a bathroom shared by two adjacent bedrooms—are very popular. They are thought to be an economizing feature. In my opinion, this is rarely a successful solution, because by the time children reach their adolescent years, privacy in the bathroom is at a great premium, to say the least. Later, after the kids move out and those bedrooms become guest rooms and your guests have to share a bathroom, the problem is even worse. It’s easier to avoid that distressing problem down the road by creating two totally private bathrooms from the start. Often the cost is nearly the same as the Jack-and-Jill arrangement, and you don’t create a maze of doors. You don’t have to put huge bathrooms in your home—you just need to put in enough of them.",
		"currentIndex": "1241",
		"date": "2016-08-31T19:37:35.188Z"
	},
	{
		"text": "Twenty Questions to Ask a Prospective Architect\n1. How will you discover what my perfect house will be? Please explain your process.\n2. How many projects do you have going at once?",
		"currentIndex": "1447",
		"date": "2016-09-01T15:15:39.107Z"
	},
	{
		"text": "You can control the process by thinking through in advance how you want to live, remembering elements from past homes that you especially liked or ones you want to avoid and then prioritizing each concept. Take notes about concepts that will make the house you build precisely right for you.",
		"currentIndex": "1622",
		"date": "2016-09-01T15:24:11.649Z"
	},
	{
		"text": "The best way to maintain control is to remain proactive rather than reactive. Stay ahead of the decision schedule so that if a panicked call comes in from the builder—”Should we do it this way or that?”—you already know what you want. If you and your architect have already thought through the impact of each decision, you will be avoiding time-consuming and money-consuming problems down the road.",
		"currentIndex": "1622",
		"date": "2016-09-01T15:24:15.526Z"
	},
	{
		"text": "If you’re building in a wintry climate, you will want your house designed to capture natural light, brightening and warming the rooms you use the most during daylight hours. Winters can be gloomy, and light deprivation can cause a wintertime depression. A properly oriented house can relieve these symptoms simply by allowing as much of the available daylight into the house as possible. ",
		"currentIndex": "1997",
		"date": "2016-09-02T18:07:40.311Z"
	},
	{
		"text": "Deciduous trees—trees that lose their leaves in the winter—can help with this condition. Try to utilize any existing trees when positioning the house to help control the sun naturally.",
		"currentIndex": "2010",
		"date": "2016-09-02T18:08:22.596Z"
	},
	{
		"text": "Ironically, the loudest protesters against development are often those individuals who have just moved into the neighborhood. I’ve heard this called the “I’ve got mine” or “last settler” syndrome. You can call it pulling in the drawbridge or pulling up the ladder, and it happens all too often. I live near an airport, and I was amazed when my neighbors in our relatively new development were outraged that the airport was planning to expand. They didn’t want the noise",
		"currentIndex": "2058",
		"date": "2016-09-02T18:10:56.243Z"
	},
	{
		"text": "view easement.” I saw a beautiful villa in Indonesia that afforded a long-distance view across some rice fields. The house was critically dependent on this view. The villa’s owner purchased a view easement. He had struck a deal with the rice farmer. He paid the farmer an annual fee to keep growing rice and not to sell the land to a developer. It was a classic win-win situation. The farmer saw an increase in his income, thus removing any pressure to sell the land for profit, and the villa owner maintained his view for a fraction of the cost of actually buying the large acreage",
		"currentIndex": "2070",
		"date": "2016-09-02T18:11:32.073Z"
	},
	{
		"text": "Ironically, problem lots can possibly save you money. They get passed over by others who lack imagination, so they can often be purchased for tens of thousands of dollars less than neighboring “good” lots. Don’t be afraid to negotiate a better price. These lots are sometimes extremely difficult for a developer to sell to a builder. In some cases, a builder may own the development and build all the houses",
		"currentIndex": "2234",
		"date": "2016-09-02T18:25:07.448Z"
	}
]