[
	{
		"text": "“Many writers think—erroneously—that fiction should be a mirror of reality. Actually, it should act as a sifter to refine reality until only the essence is before the reader. This is nowhere more evident than in fictional dialogue.",
		"currentIndex": "123",
		"date": "2016-09-01T11:16:26.082Z"
	},
	{
		"text": "Koontz is so right. Fiction readers are not looking for more reality. If they were, they’d read a newspaper, not a novel. Chances are they’d like to get away from reality, so they turn to fiction. Because fiction is so much better.",
		"currentIndex": "126",
		"date": "2016-09-01T11:16:34.488Z"
	}
]