[
	{
		"text": "As I grew older and lived on my own, I discovered other interesting sensitivities. When life got too intense, or if I was overstimulated, I needed to withdraw and spend time alone. I was more sensitive than most of my friends to medication, caffeine, crowded and noisy environments, and making major life changes. My intense feelings around conflict, arguing, and violence never abated.",
		"currentIndex": "62",
		"date": "2016-08-29T01:44:49.601Z"
	},
	{
		"text": "On more occasions than I can count, I’ve heard the words, “Don’t be so sensitive” from friends and romantic partners. These words always left me confused and stung, as though I had some character flaw. I assumed everyone felt things as intensely as I did and couldn’t understand the casual reactions others had to situations that left me reeling for days.",
		"notes": "why dat tho?",
		"currentIndex": "62",
		"date": "2016-08-29T01:49:49.790Z"
	}
]