[
	{
		"text": "Every addict or ex-addict I have known is brilliant, caring, and highly sensitive, which I suspect explains part of the reason he became an addict. Because of that brilliance, he is highly skilled at bullshitting first himself, and then others. He has become the master of lies. He got very good at fooling everyone through his victimhood, charm, success, and deception.\n\n",
		"sentiments": [
			"Quote"
		],
		"currentIndex": "422",
		"date": "2016-09-12T20:33:31.917Z"
	},
	{
		"text": "Many years ago, Sam came to see me for Rolfing® Structural Integration3 (SI), the soft tissue manipulation oriented towards releasing chronic tension that I have been practicing for more than thirty years. ",
		"currentIndex": "558",
		"date": "2016-09-12T20:39:57.748Z"
	},
	{
		"text": "nymore\n\nBodies don’t get enough respect. We use them and abuse them. We’re better at maintaining cars than our bodies.\n\n \n\nThrough your body you will become aware. MBSR is so successful in part because it starts with the body and not the mind. Students practice a body scan that slowly talks them through their bodies. They learn about their bodies and learn how to relax. Eventually, they use their bodies as an ever-present biofeedback system. Do you feel tense? Shoulders tight? Breathe. Are your hands cramping up? Get off the computer for a few minutes! Feel lethargic and tired? Sit up straight and breathe!\n\n \n\nThrough becoming aware of what your body is experiencing, you will pick up subtler and subtler clues about who you are being. You will become more sensitive to what is already occurring. You will feel how your body is tensing. That’s your body’s way of telling you something is off.",
		"sentiments": [
			"TODO"
		],
		"currentIndex": "600",
		"date": "2016-09-13T15:24:39.049Z"
	},
	{
		"text": "Men often fill that need—someone taking care of their physical needs—with their wives, sometimes their doctors, even their favorite take-out places (even though fast food doesn’t love you back). Leaving childhood behind means letting go of having someone or something else take care of your body. It means learning to be fully responsible for your own body.\n\n",
		"currentIndex": "629",
		"date": "2016-09-13T15:26:02.971Z"
	},
	{
		"text": "To be responsible for your body, you need to be aware of it. A mature man is in his body. He’s connected to all aspects of himself. He’s not “checked out;” he is present. If you’re tense, you’re not present. Others will not fully trust you, because clearly, you don’t fully trust your own experience—or you would be relaxed.",
		"notes": "broken",
		"currentIndex": "635",
		"date": "2016-09-13T15:26:22.470Z"
	}
]