[
	{
		"text": "er observing neighbors, friends, and family through decades of home ownership, I'm convinced that most of today's homeowners live in a perpetual state of anxiety. The log cabin with a privy, a fireplace, and a bucket for hauling water has been replaced by homes with sophisticated wiring, plumbing, and appliances. What happens if something goes wrong?",
		"currentIndex": "73",
		"date": "2016-09-01T15:53:26.492Z"
	},
	{
		"text": "No wonder we live in fear. While school has taught us math, foreign languages, and computer sciences, most of us have no idea how our furnace, refrigerator, or even kitchen faucet works. This is an expensive omission in our educations. In metropolitan areas, the minimum charge for a plumber or appliance repairperson to come to your home is about $150. In fact, repair services are now so expensive that the leading consumer magazine recommends replacing, rather than repairing, appliances over five years old.",
		"currentIndex": "77",
		"date": "2016-09-01T15:53:36.902Z"
	}
]