[
	{
		"text": " began to realize that this is what Stan had wanted all along. He was not really a writer-writer. He was a producer-writer. He needed a partner who was a writer-writer.\n\nStan got us work. In meetings, he did all the talking. Stan was a little nutty, but studios and production entities were hot to work with him. He had delivered two big hits. He was a brand.",
		"currentIndex": "435",
		"date": "2016-09-26T22:07:09.808Z"
	},
	{
		"text": "Med reached across and put his hand on my shoulder.\n\n“Kid, it ain’t stealing if you put a spin on it.”",
		"currentIndex": "722",
		"date": "2016-09-26T22:20:54.656Z"
	},
	{
		"text": "But it was clear to everyone I knew that I was riding the L train to nowhere, and it was clear to me that this was clear to everyone I knew. When I compelled my friends to read my stuff, the stiff, frozen nature of their smiles and the contortionist turns of phrase they were forced to employ to avoid telling me the truth were heartbreaking.\n\nPoor Steve.\n\nWhat will become of him? How will this end? Will we wind up fishing his body out of the Hudson? Which one of us will be IDing his corpse down at Bellevue? Will he become one of those drooling maniacs down on Canal Street? Will our wives recognize him behind a squeegee as he washes our windshield when we’re in town going to a show?\n\nThis was all 100 percent clear to me.\n\nYet I couldn’t stop writing.",
		"currentIndex": "1083",
		"date": "2016-09-26T22:43:09.545Z"
	},
	{
		"text": "If there is a single principle that is indispensable to structuring any kind of narrative, it is this:\n\nBreak the piece into three parts—beginning, middle, and end.",
		"currentIndex": "1142",
		"date": "2016-09-26T22:49:57.046Z"
	},
	{
		"text": "ACT ONE\n\nI met her in a Kingstown bar.\n\nWe fell in love. I knew it had to end.\n\nACT TWO\n\nWe took what we had\n\nand we ripped it apart.\n\nACT THREE\n\nNow here I am, down in Kingstown again.",
		"currentIndex": "1168",
		"date": "2016-09-26T22:51:10.353Z"
	},
	{
		"text": "Lean said, “Every work can be divided into between eight and twelve major sequences.”",
		"currentIndex": "1177",
		"date": "2016-09-26T22:51:36.694Z"
	}
]