[
	{
		"text": "On the whole, authors writing commercial fiction need to work from an outline. Commercial fiction is simply writing that is designed to be popular. It might be a Detective story, a Romance, a Zombie Thriller, or Chick-Lit. By its very nature, commercial fiction is what dominates the bestseller lists.",
		"sentiments": [
			"Cool"
		],
		"currentIndex": "142",
		"date": "2016-09-27T15:52:20.664Z"
	},
	{
		"text": "The obvious way to be successful is to look at what’s selling and write something similar but better. I’m not suggesting you copy any other author’s work. On the contrary, the secret of a well-outlined novel is to avoid duplicating anything commonplace or cliched.",
		"currentIndex": "157",
		"date": "2016-09-27T15:53:16.654Z"
	}
]