[
	{
		"text": "Most women have the brain organization to outcommunicate any man on the planet. Magnetic Resonance Imaging brain scans (MRI) clearly show why women have far greater capacity for communicating with and evaluating people than men do. Women have between fourteen and sixteen areas of the brain to evaluate others' behavior versus a man's four to six areas. This explains how a woman can attend a dinner party and rapidly work out the state of the relationships of other couples at the party—who's had an argument, who likes who, and so on. It also explains why, from a woman's standpoint, men don't seem to talk much and, from a man's standpoint, women never seem to shut up.",
		"currentIndex": "254",
		"date": "2016-09-13T19:52:24.124Z"
	},
	{
		"text": "As we showed in Why Men Don't Listen and Women Can't Read Maps (Orion), the female brain is organized for multi-tracking—the average woman can juggle between two and four unrelated topics at the same time.",
		"currentIndex": "255",
		"date": "2016-09-13T19:52:34.876Z"
	},
	{
		"text": "She can talk about several unrelated topics in the one conversation and use five vocal tones to change the subject or emphasize points. ",
		"currentIndex": "257",
		"date": "2016-09-13T19:52:41.514Z"
	},
	{
		"text": "Unfortunately, most men can only identify three of these tones. As a result, men often lose the plot when women are trying to communicate with them.",
		"currentIndex": "259",
		"date": "2016-09-13T19:52:49.137Z"
	},
	{
		"text": "f you've ever visited a fortune-teller you probably came away amazed at the things they knew about you—things no one else could possibly have known—so it must be ESP, right? Research into the fortune-telling business shows that operators use a technique known as “cold reading,” which can produce an accuracy of around 80 percent when “reading” a person you've never met.",
		"currentIndex": "269",
		"date": "2016-09-13T19:53:45.872Z"
	},
	{
		"text": "When a man passes a woman in a crowded street, he usually turns his body toward her as he passes; she instinctively turns her body away from him to protect her breasts. Is this an inborn female reaction or has she learned to do this by unconsciously watching other females?",
		"currentIndex": "315",
		"date": "2016-09-13T19:56:43.341Z"
	},
	{
		"text": "Many politicians are experts in faking body language in order to get the voters to believe what they are saying, and politicians who can successfully do this—such as John F. Kennedy and Adolf Hitler—are said to have “charisma.”",
		"currentIndex": "430",
		"date": "2016-09-13T20:06:37.983Z"
	},
	{
		"text": "When men lie, their body language can be obvious.\nWomen prefer to look busy as they lie",
		"currentIndex": "489",
		"date": "2016-09-13T20:14:42.681Z"
	},
	{
		"text": "Con artists and professional liars are people who have developed the special art of making their nonverbal signals complement their verbal lies. The more effectively the professional con artist can use the body language of honesty when telling a lie, the better he is at his job.",
		"currentIndex": "497",
		"date": "2016-09-13T20:15:21.763Z"
	},
	{
		"text": "Even in places such as Japan, where bowing is the traditional greeting, and Thailand, where they greet using the Wai—a gesture that looks similar to praying—the modern handshake is now widely seen. ",
		"currentIndex": "563",
		"date": "2016-09-13T20:22:45.716Z"
	},
	{
		"text": "Evolution has allowed male hands to exert a grip of up to 100 pounds for actions such as tearing, gripping, carrying, throwing, and hammering.",
		"currentIndex": "622",
		"date": "2016-09-13T20:30:12.339Z"
	},
	{
		"text": "We cry at birth, begin smiling at five weeks, and laughing starts between the fourth and fifth months. Babies quickly learn that crying gets our attention— and that smiling keeps us there",
		"currentIndex": "848",
		"date": "2016-09-13T21:45:58.533Z"
	}
]