[
	{
		"text": "Whether you shoot on film or digital capture for a large, small, or tiny screen, the visual structure of your pictures often is overlooked, yet it’s as important as the story you tell.",
		"currentIndex": "75",
		"date": "2016-09-07T16:13:01.671Z"
	},
	{
		"text": "You will learn how to structure visuals as carefully as a writer structures a story or a composer structures music. Understanding visual structure allows you to communicate moods and emotions, give your production unity and style, and most importantly, find the critical relationship between story structure and visual structure.",
		"currentIndex": "78",
		"date": "2016-09-07T16:13:17.385Z"
	}
]