[
	{
		"text": "Research on blind people from birth confirm that Micro Expressions are not culturally learnt but we are already equipped with that information on the biological level when we are born.",
		"currentIndex": "55",
		"date": "2016-09-09T23:15:46.355Z"
	},
	{
		"text": "Robert Plutchik was first to propose a theory of eight primary emotions – sadness, disgust, anger, anticipation, joy, acceptance, fear and surprise.",
		"currentIndex": "58",
		"date": "2016-09-09T23:15:59.813Z"
	},
	{
		"text": "Research shows that people who have botox treatment have less strong relationships with people because their faces express less emotional signals and we need to see emotions in order to trust one another.",
		"currentIndex": "236",
		"date": "2016-09-09T23:26:28.016Z"
	}
]