[
	{
		"text": "A recent survey of fifteen-year-old American boys revealed that fully 25 percent of them wanted to be architects when they grew up. People of all ages tell me that they had once wanted to be an architect but decided otherwise for various reasons.",
		"currentIndex": "113",
		"date": "2016-09-07T15:25:07.839Z"
	},
	{
		"text": "Caine replied, “I would like to have been an architect.”",
		"currentIndex": "118",
		"date": "2016-09-07T15:25:18.598Z"
	},
	{
		"text": "How do we account for this interest in architecture? Experiencing architecture gives us thrills—it stirs our emotions as only works of art can. We love to build things. We like to draw too. Lots of people delight in planning projects and visualizing ways to build them. We love to dream, to fantasize about designing and making things. We love to acquire things, to be artists, to put together complex organizations. There’s a curiosity about architecture—a desire to experience architecture, to anticipate it in an exotic setting, to understand it as a work of art, to keep it in our memory as a story, or to feel the thrill of making it ourselves. It’s a way of creating something from nothing, of bringing order to things in a satisfying way. It’s a way of helping people improve the way they live. It’s an art that rewards you and the community.",
		"currentIndex": "121",
		"date": "2016-09-07T15:25:34.214Z"
	},
	{
		"text": "My village, a solid mass of architecture-without-architects, gained its special architectural character from its many eighteenth-century religious and public buildings. The indigenous architecture built in local traditions supported a delightful lifestyle in a visually satisfying whole.",
		"currentIndex": "135",
		"date": "2016-09-07T15:26:23.388Z"
	},
	{
		"text": "Giving importance to this role of the amateur, Daniel Boorstin, the eminent historian, spoke eloquently on “the amateur spirit.” He said, “The rewards and refreshments of thought and the arts come from the courage to try something, all sorts of things, for the first time. An enamored amateur need not be a genius to stay out of ruts he has never been trained in. . . . In the long run, the ruts wear away, and adventuring amateurs reward us by a wonderful vagrancy into the unexpected.”",
		"currentIndex": "155",
		"date": "2016-09-07T15:27:37.547Z"
	},
	{
		"text": "Your way of life is your ultimate bottom line.\n \n",
		"currentIndex": "164",
		"date": "2016-09-07T15:28:16.664Z"
	},
	{
		"text": "Dreaming, in a disciplined sense, is visualization—the key to design and building. Between the dream and the building there are needs for skill and knowledge, but first and always you must focus on the dream.",
		"currentIndex": "176",
		"date": "2016-09-07T15:28:52.396Z"
	},
	{
		"text": "The sound is the chink, chink, chink of hand chiseling on masonry or carving on stone. The smell of the job is the smell of food cooking for almuerzo, which is cooked and eaten communally around a charcoal fire that heats each person’s meal.",
		"currentIndex": "324",
		"date": "2016-09-07T15:39:11.938Z"
	},
	{
		"text": "The question is, How do you inform your dreams, give them rich backgrounds, lead them along, and elaborate on them? One answer is to build a memory bank of architecture through a lot of seeing.",
		"currentIndex": "348",
		"date": "2016-09-07T15:40:29.742Z"
	}
]