[
	{
		"text": "e the attractive label and the entrepreneurial successes, Uber, Airbnb, and Facebook are not based on “sharing”; rather, they monetize human effort and consumer assets. Indeed, the advantage of platform-based companies often rests on an arbitrage between the practices adopted by platform firms and the rules by which established companies operate, which are intended to protect customers, communities, workers, and markets. Lyft and Airbnb are entrepreneurial initiatives that facilitate the conversion of consumption goods such as automobiles and apartments into goods that are monetized. This “sharing” has a more than passing resemblance to the putting-out economy that existed before factories, when companies would ship materials to people to assemble items such as shoes, clothing, or firearms in their homes. In the cu",
		"article": "http://127.0.0.1:8080/js/articles/simple.html",
		"notes": "",
		"currentIndex": "0",
		"date": "2016-08-21T21:31:08.999Z"
	},
	{
		"text": "s. How we label this transformation matters because the labels influence how we study, use, and regulate these digital platforms. Its boosters have called it the Creative Economy or the Sharing Economy, whereas those less convinced of its beneficence have dubbed it the Gig Economy, the Precariat, or the 1099 Economy, focusing on its impact on workers and how they are compensated. And there are wide variations within these labels. Consider the Shared Economy. Examples include Uber and Airbnb, which are very distant from the visions of Wikipedia, with its communal construction of knowledge; from Napster, which shared music regardless of whether it was legal; or from open source software creations such as Linux and Apache. Despite the attractive label and the entrepreneurial successes, Uber, Airbnb, and Facebook are not based on “sharing”; rather, they monetize human effort and consumer assets. Indeed, the advantage of platform-based companies often rests on an arbitrage between the prac",
		"article": "http://127.0.0.1:8080/js/articles/simple.html",
		"notes": "",
		"currentIndex": "0",
		"date": "2016-08-21T21:31:10.969Z"
	},
	{
		"text": "we label this transformation matters because the labels influence how we study, use, and regulate these digital platforms. Its boosters have called it the Creative Economy or the Sharing Economy, whereas those less convinced of its beneficence have dubbed it the Gig Economy, the Precariat, or the 1099 Economy, focusing on its impact on workers and how they are co",
		"article": "http://127.0.0.1:8080/js/articles/simple.html",
		"notes": "",
		"currentIndex": "0",
		"date": "2016-08-21T21:31:12.634Z"
	},
	{
		"text": "e the attractive label and the entrepreneurial successes, Uber, Airbnb, and Facebook are not based on “sharing”; rather, they monetize human effort and consumer assets. Indeed, the advantage of platform-based companies often rests on an arbitrage between the practices adopted by platform firms and the rules by which established companies operate, which are intended to protect customers, communities, workers, and markets. Lyft and Airbnb are entrepreneurial initiatives that facilitate the conversion of consumption goods such as automobiles and apartments into goods that are monetized. This “sharing” has a more than passing resemblance to the putting-out economy that existed before factories, when companies would ship materials to people to assemble items such as shoes, clothing, or firearms in their homes. In the cu",
		"article": "http://127.0.0.1:8080/js/articles/simple.html",
		"notes": "",
		"currentIndex": "0",
		"date": "2016-08-21T21:31:27.532Z"
	},
	{
		"text": "ntage of platform-based companies often rests on an arbitrage between the practices adopted by platform firms and the rules by which established companies operate, which are intended to protect customers, communities, workers, and markets. Lyft and Airbnb are entrepreneurial initiatives that facilitate the conversion of consumption goods such as automobiles and apartments into goods that are monetized. This “sharing” has a more than passing resemblance to the putting-out economy that existed before factories, when companies would ship ma",
		"article": "http://127.0.0.1:8080/js/articles/simple.html",
		"notes": "",
		"currentIndex": "0",
		"date": "2016-08-21T21:32:46.530Z"
	},
	{
		"text": "won “Superstar K,” the Korean “American Idol.” Now he’s a student at Georg",
		"article": "http://127.0.0.1:8080/js/articles/simple.html",
		"notes": "",
		"currentIndex": "0",
		"date": "2016-08-21T21:33:16.037Z"
	},
	{
		"text": "On the right, the website zerohedge described it as “a refreshing and stark contrast to other universities that have seemingly tripped over themselves to accommodate every silly request from America’s pampered Millennials.”\n",
		"article": "http://127.0.0.1:8080/js/articles/simple.html",
		"notes": "",
		"currentIndex": "37",
		"date": "2016-08-26T15:41:38.921Z"
	},
	{
		"text": "compensated. And there are wide variations within these labels. Consider the Shared Economy. Examples include Uber and Airbnb, which are very distant from the visions of Wikipedia, with its communal construction of knowledge; from Napster, which shared music regardless of whether it was legal; or from open source software creations such as Linux and Apache. Despite the attractive label and the entrepreneurial successes, Uber, Airbnb, and Facebook are not based on “sharing”; rather, they monetize human effort and consumer assets. Indeed, the ad",
		"article": "http://127.0.0.1:8080/js/articles/simple.html",
		"notes": "",
		"currentIndex": "0",
		"date": "2016-08-28T19:14:43.201Z"
	},
	{
		"text": "my, whereas those less convinced of its beneficence have dubbed it the Gig Economy, the Precariat, or the 1099 Economy, focusing on its impact on workers and how they are compensated. And there are wide variations within these labels. Consider the Shared Economy. Examples include Uber and Airbnb, which are very distant from the visions of Wikipedia, with its communal construction of knowledge; from Napster, which shared music regardless of whether it was legal; or from open source software creations such as Linux and Apache. Despite",
		"article": "http://127.0.0.1:8080/js/articles/simple.html",
		"notes": "",
		"currentIndex": "0",
		"date": "2016-08-28T20:15:51.802Z"
	},
	{
		"text": " that may be even more formidable than was that of the factory owners in the early industrial revolution.\n\nThis digitally based new economy has been given a variety of names derived from some of its perceived attributes. How we label this transformation matters because the labels influence how we study, use, and regulate these digital platforms. Its boosters have called it the Creative Economy or the Sharing Economy, whereas those less convinced of its beneficence have dubbed it the Gig Economy, the Precariat, or the 1099 Economy, focusing on its impact on workers and how they are compensated. And there are wide variations within these labels. Consider the Shared Economy. Examples include Uber and Airbnb, which are very distant from the visions of Wikipedia, with its communal construction of knowledge; from Napster, which shared music regardless of whether it was legal; or from open source software creations such as Linux and Apache. Despite the attractive label and the entrepreneurial successes, Uber, Airbnb, and Facebook are not based on “sharing”; rather, they monetize human effort and consumer assets. Indeed, the advantage of platform-based companies often rests on an arbitrage between the practices adopt",
		"article": "http://127.0.0.1:8080/js/articles/simple.html",
		"currentIndex": "0",
		"date": "2016-08-29T00:57:26.936Z"
	},
	{
		"text": "tes. How we label this transformation matters because the labels influence how we study, use, and regulate these digital platforms. Its boosters have called it the Creative Economy or the Sharing Economy, whereas those less convinced of its beneficence have dubbed it the Gig Economy, the Precariat, or the 1099 Economy, focusing on its impact on workers and how they are compensated. And there are wide variations within these labels. Consider the Shared Economy. Examples include Uber and Airbnb, which are very distant from the visions of Wikiped",
		"article": "http://127.0.0.1:8080/js/articles/simple.html",
		"currentIndex": "0",
		"date": "2016-08-29T01:01:27.917Z"
	},
	{
		"text": "g power that may be even more formidable than was that of the factory owners in the early industrial revolution.\n\nThis digitally based new economy has been given a variety of names derived from some of its perceived attributes. How we label this transformation matters because the labels influence how we study, use, and regulate these digital platforms. Its boosters have called it the Creative Economy or the S",
		"article": "http://127.0.0.1:8080/js/articles/simple.html",
		"currentIndex": "0",
		"date": "2016-08-29T01:02:04.186Z"
	},
	{
		"text": "d regulate these digital platforms. Its boosters have called it the Creative Economy or the Sharing Economy, whereas those less convinced of its beneficence have dubbed it the Gig Economy, the Precariat, or the 1099 Economy, focusing on its impact on workers and how they are compensated. And there are wide variations within these labels. Consider the Shared Economy. Examples include Uber and Airbnb, which are very distant from the visions of Wikipedia, with its communal construction of knowledge; from Napster, which shared music regardless of whether it was legal; or from open source software creations such as Linux and Apache. Despite the ",
		"article": "http://127.0.0.1:8080/js/articles/simple.html",
		"currentIndex": "0",
		"date": "2016-08-29T01:02:24.556Z"
	},
	{
		"text": "nization of our economy in which the platform owners are seemingly developing power that may be even more formidable than was that of the factory owners in the early industrial revolution.\n\nThis digitally based new economy has been given a variety of names derived from some of its perceived attributes. How we label this transformation matters because the labels influence how we study, use, and regulate these digital platforms. Its boosters have called it the Creative Economy or the Sharing Economy, whereas those less convinced of its beneficence have dubbed it the Gig Economy, the Precariat, or the 1099 Economy, focusing on its impact on workers and how they are compensated. And there are wide variations within these labels. Consider the Shared Economy. Examples include Uber and Airbnb, which are very distant from the visions of Wikipedia, ",
		"article": "http://127.0.0.1:8080/js/articles/simple.html",
		"notes": "sdfsdfsdf",
		"currentIndex": "0",
		"date": "2016-08-29T01:03:44.697Z"
	},
	{
		"text": "This digitally based new economy has been given a variety of names derived from some of its perceived attributes. How we label this transformation matters because the labels influence how we study, use, and regulate these digital platforms. Its boosters have called it the Creative Economy or the Sharing Economy, whereas those less convinced of its beneficence have dubbed it the Gig Economy, the Precariat, or the 1099 Economy, focusing on its impact on workers and how they are compensated. ",
		"article": "http://127.0.0.1:8080/js/articles/simple.html",
		"notes": "why",
		"currentIndex": "1",
		"date": "2016-08-29T01:05:00.758Z"
	},
	{
		"text": "Dutch espoused mare liberum (freedom of the seas)",
		"article": "http://127.0.0.1:8080/js/articles/simple.html",
		"notes": "strange ... freedom of information...",
		"currentIndex": "140",
		"date": "2016-08-29T05:22:52.972Z"
	},
	{
		"text": " In Morocco, the ‘Alawi Dynasty confined trade with Europeans to designated consulates, first in Rabat and then in Essaouira (1762). These buildings were tiny “footholds” for Europe’s Mercantilist traders, especially when compared to the scale of the havoc they were wreaking elsewhere. The policy of limiting European trade to specified factories and consulates in singular ports allowed states like Japan, China and Morocco to protect their own trade and commerce from the violent corporate monopolies European powers were attempting to impose on all the non-European states they encountered.",
		"article": "http://127.0.0.1:8080/js/articles/simple.html",
		"notes": "strange ... freedom of information...",
		"currentIndex": "215",
		"date": "2016-08-29T05:33:31.473Z"
	},
	{
		"text": " Sharing Economy, whereas those less convinced of its beneficence have dubbed it the Gig Economy, the Precariat, or the 1099 Economy, focusing on its impact on workers and how they are compensated. And there are wide variations within these labels. Consider the Shared Economy. Examples include Uber and Airbnb, which are very distant from the visions of W",
		"article": "http://127.0.0.1:8080/js/articles/simple.html",
		"sentiments": [
			"Cool"
		],
		"currentIndex": "0",
		"date": "2016-09-04T20:34:40.661Z"
	},
	{
		"text": "As more and more companies twigged to the power of ‘‘surveillance capitalism,’’ these agreements proliferated, as did the need for them, because before long, everything was gathering data.",
		"article": "http://127.0.0.1:8080/js/articles/simple.html",
		"sentiments": [
			"Quote"
		],
		"currentIndex": "28",
		"date": "2016-09-07T17:32:52.683Z"
	},
	{
		"text": "This ‘‘notice and consent’’ model is absurd on its face, and yet it is surprisingly legally robust. As I write this in July of 2016, US federal appellate courts have just ruled on two cases that asked whether End User Licenses that no one read and no one understands and no one takes seriously are enforceable.",
		"article": "http://127.0.0.1:8080/js/articles/simple.html",
		"currentIndex": "35",
		"date": "2016-09-07T17:33:49.820Z"
	},
	{
		"text": "The best way to secure data is never to collect it in the first place. Data that is collected is likely to leak. Data that is collected and retained is certain to leak. A house that can be controlled by voice and gesture is a house with a camera and a microphone covering every inch of its floorplan.",
		"article": "http://127.0.0.1:8080/js/articles/simple.html",
		"sentiments": [
			"Cool",
			"Quote"
		],
		"currentIndex": "75",
		"date": "2016-09-07T17:39:01.087Z"
	},
	{
		"text": "These no-win/no-fee lawyers represent a kind of sustained, hill-climbing iterative attack on surveillance capital­ism, trying randomly varied approaches to get courts to force the corporations they sue to absorb the full social cost of their reckless data-collection and handling.",
		"article": "http://127.0.0.1:8080/js/articles/simple.html",
		"currentIndex": "80",
		"date": "2016-09-07T17:39:38.829Z"
	},
	{
		"text": "Government transparency is absolutely necessary, especially financial, but very lacking.",
		"article": "http://127.0.0.1:8080/js/articles/simple.html",
		"sentiments": [
			"Quote"
		],
		"currentIndex": "16",
		"date": "2016-09-11T18:56:48.308Z"
	},
	{
		"text": "“Like any business in New York City,” he told me, “you need to have a product that is above and beyond—better than everyone else’s. You need all the details to get it right, the right execution, the right package, the right branding around it, and you need to have a clear competitive advantage in each.” In his case, that meant a name-brand chef and a unique cuisine, one not easily replicable and one that lends itself to the more subdued rents of Chinatown and the reasonably priced ingredients of Chinese food.",
		"article": "http://127.0.0.1:8080/js/articles/simple.html",
		"currentIndex": "49",
		"date": "2016-09-17T21:37:47.158Z"
	},
	{
		"text": "“Like any business in New York City,” he told me, “you need to have a product that is above and beyond—better than everyone else’s. You need all the details to get it right, the right execution, the right package, the right branding around it, and you need to have a clear competitive advantage in each.” In his case, that meant a name-brand chef and a unique cuisine, one not easily replicable and one that lends itself to the more subdued rents of Chinatown and the reasonably priced ingredients of Chinese food.",
		"article": "http://127.0.0.1:8080/js/articles/simple.html",
		"currentIndex": "49",
		"date": "2016-09-17T21:37:51.468Z"
	},
	{
		"text": "For example, I have now concluded the first paragraph of my essay, and then expanded on it, thus ending the first major part of my essay. So now I could offer an example here, to illustrate my point in practice, and to give the reader a chance to reflect, and a way to experience some empathy, before proceeding. ",
		"article": "http://127.0.0.1:8080/js/articles/simple.html",
		"notes": "damn this is like the story arrow",
		"sentiments": [
			"TODO",
			"Cool"
		],
		"currentIndex": "110",
		"date": "2016-09-19T15:33:03.207Z"
	},
	{
		"text": "“because they’re not that political and they know it’s a waste of time to argue with the ideologically convinced.",
		"article": "http://127.0.0.1:8080/js/articles/simple.html",
		"sentiments": [
			"Quote"
		],
		"currentIndex": "63",
		"date": "2016-09-19T16:53:38.068Z"
	},
	{
		"text": "As it turned out, all three of us were rather unimpressed with the grand transhumanist project. Perhaps we didn’t have the requisite faith in technology that would allow one to get swept up in the notion of the singularity.\n\nKukulski probably put it best when he described transhumanism as “a bizarre racket.”\n\n“The idea of transcending the limitations of our physical existences through digitizing consciousness or making ourselves into robot bodies is a really bad idea,” he says, with the conviction of someone who’s thought about the idea for a long time. “It might be helpful for exploring space and the cosmos and whatnot, but it seems very unlikely to help anyone with the difficulties and horrible crises engendered by capitalism, which are much worse than the idea that any human individual will eventually die.”",
		"article": "http://127.0.0.1:8080/js/articles/simple.html",
		"currentIndex": "150",
		"date": "2016-09-19T17:10:46.230Z"
	},
	{
		"text": "It’s only later, after I go home and pick up a book called In the Absence of the Sacred by Jerry Mander, that I begin to wonder if we aren’t already living in the transhuman age; if we haven’t been for 50 years, even. Perhaps Mander is right, that corporations are machines. In which case, the singularity wouldn’t be imminent, it would already be here. It’s global capitalism. Capitalism out of control, picking up speed as it spreads from the industrial world to every nook, cranny, and technological backwater on the planet.",
		"article": "http://127.0.0.1:8080/js/articles/simple.html",
		"currentIndex": "153",
		"date": "2016-09-19T17:10:58.580Z"
	},
	{
		"text": " For visionaries supposed to be concentrating on an enlightened future world, they sure do spend a lot of time wallowing in the depths of the present one.",
		"article": "http://127.0.0.1:8080/js/articles/simple.html",
		"currentIndex": "162",
		"date": "2016-09-19T17:11:43.274Z"
	},
	{
		"text": "The writer Matthew Crawford has examined how automation and online living have sharply eroded the number of people physically making things, using their own hands and eyes and bodies to craft, say, a wooden chair or a piece of clothing or, in one of Crawford’s more engrossing case studies, a pipe organ. We became who we are as a species by mastering tools, making them a living, evolving extension of our whole bodies and minds. What first seems tedious and repetitive develops into a skill — and a skill is what gives us humans self-esteem and mutual respect.\n\n",
		"article": "http://127.0.0.1:8080/js/articles/simple.html",
		"sentiments": [
			"Quote"
		],
		"currentIndex": "0",
		"date": "2016-09-21T15:00:14.698Z"
	}
]