[
	{
		"name": "Invalid Entires",
		"sum": "|-74.42",
		"length": 2,
		"itemCount": 622
	},
	{
		"name": "Personal Loans through FCU",
		"sum": "|-1300.00",
		"length": 7,
		"itemCount": 620
	},
	{
		"name": "Personal Loans through FCU to Rob",
		"sum": "|-3000.00",
		"length": 1,
		"itemCount": 613
	},
	{
		"name": "Transfers between my accounts",
		"sum": "| 0.00",
		"length": 4,
		"itemCount": 612
	},
	{
		"name": "Deposits",
		"sum": "| 191181.70",
		"length": 15,
		"itemCount": 608,
		"per$": "| 100.0%",
		"percCount": "| 2.5%"
	},
	{
		"name": "DblCount American Express",
		"sum": "|-41056.81",
		"length": 9,
		"itemCount": 593,
		"per$": "|-21.5%",
		"percCount": "| 1.5%"
	},
	{
		"name": "Checks-Tagger",
		"sum": "| 0.00",
		"length": 0,
		"itemCount": 584,
		"per$": "| 0.0%",
		"percCount": "| 0.0%"
	},
	{
		"name": " American Express",
		"sum": "| 36138.21",
		"length": 8,
		"itemCount": 584,
		"per$": "| 18.9%",
		"percCount": "| 1.3%"
	},
	{
		"name": "Accountant",
		"sum": "|-1997.87",
		"length": 2,
		"itemCount": 576,
		"per$": "|-1.0%",
		"percCount": "| 0.3%"
	},
	{
		"name": "Cell Phone",
		"sum": "|-2350.55",
		"length": 9,
		"itemCount": 574,
		"per$": "|-1.2%",
		"percCount": "| 1.5%"
	},
	{
		"name": "Air Travel",
		"sum": "|-885.70",
		"length": 3,
		"itemCount": 565,
		"per$": "|-0.5%",
		"percCount": "| 0.5%"
	},
	{
		"name": "Retirement IRA Cont",
		"sum": "|-40501.22",
		"length": 12,
		"itemCount": 562,
		"per$": "|-21.2%",
		"percCount": "| 2.0%"
	},
	{
		"name": "Rental Cars",
		"sum": "|-5317.50",
		"length": 11,
		"itemCount": 550,
		"per$": "|-2.8%",
		"percCount": "| 1.8%"
	},
	{
		"name": "Groceries",
		"sum": "|-6309.45",
		"length": 95,
		"itemCount": 539,
		"per$": "|-3.3%",
		"percCount": "| 15.6%"
	},
	{
		"name": "Utilities",
		"sum": "|-2783.17",
		"length": 22,
		"itemCount": 444,
		"per$": "|-1.5%",
		"percCount": "| 3.6%"
	},
	{
		"name": "Rent",
		"sum": "|-10310.00",
		"length": 8,
		"itemCount": 422,
		"per$": "|-5.4%",
		"percCount": "| 1.3%"
	},
	{
		"name": "Dry Cleaning",
		"sum": "|-427.40",
		"length": 18,
		"itemCount": 414,
		"per$": "|-0.2%",
		"percCount": "| 3.0%"
	},
	{
		"name": "Pills",
		"sum": "|-809.31",
		"length": 13,
		"itemCount": 396,
		"per$": "|-0.4%",
		"percCount": "| 2.1%"
	},
	{
		"name": "Fraud",
		"sum": "|-432.49",
		"length": 13,
		"itemCount": 383,
		"per$": "|-0.2%",
		"percCount": "| 2.1%"
	},
	{
		"name": "Gym",
		"sum": "|-99.00",
		"length": 1,
		"itemCount": 370,
		"per$": "|-0.1%",
		"percCount": "| 0.2%"
	},
	{
		"name": "Crypto_currencies",
		"sum": "|-46211.89",
		"length": 11,
		"itemCount": 369,
		"per$": "|-24.2%",
		"percCount": "| 1.8%"
	},
	{
		"name": "Student Loans",
		"sum": "|-2175.10",
		"length": 9,
		"itemCount": 358,
		"per$": "|-1.1%",
		"percCount": "| 1.5%"
	},
	{
		"name": "Federal Taxes",
		"sum": "|-60492.43",
		"length": 8,
		"itemCount": 349,
		"per$": "|-31.6%",
		"percCount": "| 1.3%"
	},
	{
		"name": "State Taxes",
		"sum": "|-9453.24",
		"length": 2,
		"itemCount": 341,
		"per$": "|-4.9%",
		"percCount": "| 0.3%"
	},
	{
		"name": "Gas",
		"sum": "|-474.63",
		"length": 13,
		"itemCount": 339,
		"per$": "|-0.2%",
		"percCount": "| 2.1%"
	},
	{
		"name": "CPU Utilities",
		"sum": "|-785.01",
		"length": 32,
		"itemCount": 326,
		"per$": "|-0.4%",
		"percCount": "| 5.3%"
	},
	{
		"name": "Audiobooks",
		"sum": "|-552.66",
		"length": 9,
		"itemCount": 294,
		"per$": "|-0.3%",
		"percCount": "| 1.5%"
	},
	{
		"name": "Freelancers",
		"sum": "|-1561.62",
		"length": 30,
		"itemCount": 285,
		"per$": "|-0.8%",
		"percCount": "| 4.9%"
	},
	{
		"name": "Junk Food",
		"sum": "|-688.61",
		"length": 23,
		"itemCount": 255,
		"per$": "|-0.4%",
		"percCount": "| 3.8%"
	},
	{
		"name": "Insurance",
		"sum": "|-683.23",
		"length": 17,
		"itemCount": 232,
		"per$": "|-0.4%",
		"percCount": "| 2.8%"
	},
	{
		"name": "Clothes",
		"sum": "|-303.68",
		"length": 7,
		"itemCount": 215,
		"per$": "|-0.2%",
		"percCount": "| 1.2%"
	},
	{
		"name": "ATM",
		"sum": "|-424.25",
		"length": 3,
		"itemCount": 208,
		"per$": "|-0.2%",
		"percCount": "| 0.5%"
	},
	{
		"name": "Checksz",
		"sum": "|-650.00",
		"length": 2,
		"itemCount": 205,
		"per$": "|-0.3%",
		"percCount": "| 0.3%"
	},
	{
		"name": "Paypal",
		"sum": "|-822.47",
		"length": 15,
		"itemCount": 203,
		"per$": "|-0.4%",
		"percCount": "| 2.5%"
	},
	{
		"name": "Doctor",
		"sum": "|-377.26",
		"length": 2,
		"itemCount": 188,
		"per$": "|-0.2%",
		"percCount": "| 0.3%"
	},
	{
		"name": "Travel Incidentals",
		"sum": "|-81.25",
		"length": 2,
		"itemCount": 186,
		"per$": "|-0.0%",
		"percCount": "| 0.3%"
	},
	{
		"name": "Mobile Apps",
		"sum": "|-67.88",
		"length": 8,
		"itemCount": 184,
		"per$": "|-0.0%",
		"percCount": "| 1.3%"
	},
	{
		"name": "Amazon",
		"sum": "|-12293.59",
		"length": 159,
		"itemCount": 176,
		"per$": "|-6.4%",
		"percCount": "| 26.2%"
	},
	{
		"name": "Fees",
		"sum": "|-160.00",
		"length": 2,
		"itemCount": 17,
		"per$": "|-0.1%",
		"percCount": "| 0.3%"
	},
	{
		"name": "Untagged",
		"sum": "|-711.72",
		"length": 15,
		"itemCount": 15,
		"per$": "|-0.4%",
		"percCount": "| 2.5%"
	},
	{
		"name": "Total Deposits",
		"all": true,
		"sum": "| 184427.46",
		"length": 14,
		"itemCount": 622,
		"per$": "| 96.5%",
		"percCount": "| 2.3%"
	},
	{
		"name": "Total Debits",
		"all": true,
		"sum": "|-295167.17",
		"length": 581,
		"itemCount": 622,
		"per$": "|-154.4%",
		"percCount": "| 95.6%"
	},
	{
		"name": "Large Purchases",
		"all": true,
		"sum": "|-76996.96",
		"length": 5,
		"itemCount": 622,
		"per$": "|-40.3%",
		"percCount": "| 0.8%"
	},
	{
		"name": "Large Purchases Morethan Week",
		"all": true,
		"sum": "|-183867.07",
		"length": 21,
		"itemCount": 622,
		"per$": "|-96.2%",
		"percCount": "| 3.5%"
	},
	{
		"name": "OrganizePayments2",
		"all": true,
		"sum": "| 0.00",
		"length": 0,
		"itemCount": 622,
		"per$": "| 0.0%",
		"percCount": "| 0.0%"
	},
	{
		"name": "Unknown",
		"sum": "| 3565.43",
		"length": 7,
		"itemCount": 7,
		"per$": "| 1.9%",
		"percCount": "| 1.2%"
	},
	{
		"name": "Final",
		"sum": "|-29305.50",
		"length": 622,
		"itemCount": 622,
		"per$": "|-15.3%",
		"percCount": "| 102.3%"
	}
]