[
	{
		"y": "g",
		"progress": 0.01709698000922799,
		"id": 1,
		"imdb_id": "tt1844624",
		"src": "10secs.mp4",
		"thumb": "vids/thumb1.jpg",
		"year": 1919,
		"rating": "7.9",
		"series": null,
		"desc": 0.5995382056571543,
		"name": "American Horror Story"
	},
	{
		"y": "g",
		"progress": 0.2471548451576382,
		"id": 2,
		"imdb_id": "tt1520211",
		"src": "10secs.mp4",
		"thumb": "vids/thumb3.jpg",
		"year": 1922,
		"rating": "1.2",
		"series": null,
		"desc": 0.5163671369664371,
		"name": "The Walking Dead"
	},
	{
		"y": "g",
		"progress": 0.17771834623999894,
		"id": 3,
		"imdb_id": "tt3749900",
		"src": "10secs.mp4",
		"thumb": "vids/thumb3.jpg",
		"year": 1872,
		"rating": "3.0",
		"series": null,
		"desc": 0.257260512560606,
		"name": "Gotham"
	},
	{
		"y": "g",
		"progress": 0.49125931854359806,
		"id": 4,
		"imdb_id": "tt1843230",
		"src": "10secs.mp4",
		"thumb": "vids/thumb1.jpg",
		"year": 1924,
		"rating": "5.4",
		"series": null,
		"desc": 0.5890238201245666,
		"name": "Once Upon a Time"
	},
	{
		"y": "g",
		"progress": 0.20570637611672282,
		"id": 5,
		"imdb_id": "tt3107288",
		"src": "10secs.mp4",
		"thumb": "vids/thumb2.jpg",
		"year": 1936,
		"rating": "9.4",
		"series": null,
		"desc": 0.40993739920668304,
		"name": "The Flash"
	},
	{
		"y": "g",
		"progress": 0.8317445220891386,
		"id": 6,
		"imdb_id": "tt2193021",
		"src": "10secs.mp4",
		"thumb": "vids/thumb2.jpg",
		"year": 1992,
		"rating": "3.2",
		"series": null,
		"desc": 0.4310599777381867,
		"name": "Arrow"
	},
	{
		"y": "g",
		"progress": 0.7806145569775254,
		"id": 7,
		"imdb_id": "tt0944947",
		"src": "10secs.mp4",
		"thumb": "vids/thumb1.jpg",
		"year": 1914,
		"rating": "5.0",
		"series": null,
		"desc": 0.6758473813533783,
		"name": "Game of Thrones"
	},
	{
		"y": "g",
		"progress": 0.9586196213494986,
		"id": 8,
		"imdb_id": "tt0460681",
		"src": "10secs.mp4",
		"thumb": "vids/thumb1.jpg",
		"year": 1942,
		"rating": "4.7",
		"series": null,
		"desc": 0.6774652767926455,
		"name": "Supernatural"
	},
	{
		"y": "g",
		"progress": 0.8166817375458777,
		"id": 9,
		"imdb_id": "tt1124373",
		"src": "10secs.mp4",
		"thumb": "vids/thumb1.jpg",
		"year": 1951,
		"rating": "0.8",
		"series": null,
		"desc": 0.6000246934127063,
		"name": "Sons of Anarchy"
	},
	{
		"y": "g",
		"progress": 0.8314204146154225,
		"id": 10,
		"imdb_id": "tt1796960",
		"src": "10secs.mp4",
		"thumb": "vids/thumb2.jpg",
		"year": 1908,
		"rating": "5.6",
		"series": null,
		"desc": 0.4061884831171483,
		"name": "Homeland"
	},
	{
		"y": "g",
		"progress": 0.6640121284872293,
		"id": 11,
		"imdb_id": "tt1405406",
		"src": "10secs.mp4",
		"thumb": "vids/thumb2.jpg",
		"year": 1917,
		"rating": "5.0",
		"series": null,
		"desc": 0.985467879101634,
		"name": "The Vampire Diaries"
	},
	{
		"y": "g",
		"progress": 0.8078219273593277,
		"id": 12,
		"imdb_id": "tt0898266",
		"src": "10secs.mp4",
		"thumb": "vids/thumb3.jpg",
		"year": 1944,
		"rating": "3.1",
		"series": null,
		"desc": 0.22464987891726196,
		"name": "The Big Bang Theory"
	},
	{
		"y": "g",
		"progress": 0.19050477258861065,
		"id": 13,
		"imdb_id": "tt3205802",
		"src": "10secs.mp4",
		"thumb": "vids/thumb2.jpg",
		"year": 1961,
		"rating": "9.3",
		"series": null,
		"desc": 0.869165935087949,
		"name": "How to Get Away with Murder"
	},
	{
		"y": "g",
		"progress": 0.2269923675339669,
		"id": 14,
		"imdb_id": "tt2654620",
		"src": "10secs.mp4",
		"thumb": "vids/thumb1.jpg",
		"year": 1895,
		"rating": "2.1",
		"series": null,
		"desc": 0.30862559215165675,
		"name": "The Strain"
	},
	{
		"y": "g",
		"progress": 0.7748989867977798,
		"id": 15,
		"imdb_id": "tt0903747",
		"src": "10secs.mp4",
		"thumb": "vids/thumb1.jpg",
		"year": 1907,
		"rating": "7.8",
		"series": null,
		"desc": 0.3842681832611561,
		"name": "Breaking Bad"
	},
	{
		"y": "g",
		"progress": 0.33255208819173276,
		"id": 16,
		"imdb_id": "tt2741602",
		"src": "10secs.mp4",
		"thumb": "vids/thumb1.jpg",
		"year": 1993,
		"rating": "4.2",
		"series": null,
		"desc": 0.8919798389542848,
		"name": "The Blacklist"
	},
	{
		"y": "g",
		"progress": 0.7491820256691426,
		"id": 17,
		"imdb_id": "tt2442560",
		"src": "10secs.mp4",
		"thumb": "vids/thumb3.jpg",
		"year": 1890,
		"rating": "2.0",
		"series": null,
		"desc": 0.6517605953849852,
		"name": "Peaky Blinders"
	},
	{
		"y": "g",
		"progress": 0.7745842644944787,
		"id": 18,
		"imdb_id": "tt3006802",
		"src": "10secs.mp4",
		"thumb": "vids/thumb1.jpg",
		"year": 1885,
		"rating": "8.2",
		"series": null,
		"desc": 0.954585702624172,
		"name": "Outlander"
	},
	{
		"y": "g",
		"progress": 0.3706891508772969,
		"id": 19,
		"imdb_id": "tt2372162",
		"src": "10secs.mp4",
		"thumb": "vids/thumb2.jpg",
		"year": 1986,
		"rating": "8.9",
		"series": null,
		"desc": 0.39858634350821376,
		"name": "Orange Is the New Black"
	},
	{
		"y": "g",
		"progress": 0.47451239824295044,
		"id": 20,
		"imdb_id": "tt2364582",
		"src": "10secs.mp4",
		"thumb": "vids/thumb2.jpg",
		"year": 1931,
		"rating": "0.1",
		"series": null,
		"desc": 0.3230374366976321,
		"name": "Agents of S.H.I.E.L.D."
	},
	{
		"y": "g",
		"progress": 0.9550824195612222,
		"id": 21,
		"imdb_id": "tt0115083",
		"src": "10secs.mp4",
		"thumb": "vids/thumb2.jpg",
		"year": 1891,
		"rating": "7.0",
		"series": null,
		"desc": 0.8268463993445039,
		"name": "7th Heaven"
	},
	{
		"y": "g",
		"progress": 0.5064722679089755,
		"id": 22,
		"imdb_id": "tt0098936",
		"src": "10secs.mp4",
		"thumb": "vids/thumb3.jpg",
		"year": 1997,
		"rating": "4.1",
		"series": null,
		"desc": 0.3369859573431313,
		"name": "Twin Peaks"
	},
	{
		"y": "g",
		"progress": 0.022204730426892638,
		"id": 23,
		"imdb_id": "tt0452046",
		"src": "10secs.mp4",
		"thumb": "vids/thumb3.jpg",
		"year": 1977,
		"rating": "5.0",
		"series": null,
		"desc": 0.7089849200565368,
		"name": "Criminal Minds"
	},
	{
		"y": "g",
		"progress": 0.6090371645987034,
		"id": 24,
		"imdb_id": "tt0436992",
		"src": "10secs.mp4",
		"thumb": "vids/thumb1.jpg",
		"year": 1920,
		"rating": "0.2",
		"series": null,
		"desc": 0.29003784502856433,
		"name": "Doctor Who"
	},
	{
		"y": "g",
		"progress": 0.6261430901940912,
		"id": 25,
		"imdb_id": "tt0238784",
		"src": "10secs.mp4",
		"thumb": "vids/thumb1.jpg",
		"year": 1891,
		"rating": "2.8",
		"series": null,
		"desc": 0.1530877745244652,
		"name": "Gilmore Girls"
	},
	{
		"y": "g",
		"progress": 0.27360642864368856,
		"id": 26,
		"imdb_id": "tt0413573",
		"src": "10secs.mp4",
		"thumb": "vids/thumb3.jpg",
		"year": 1984,
		"rating": "5.1",
		"series": null,
		"desc": 0.3573239529505372,
		"name": "Grey's Anatomy"
	},
	{
		"y": "g",
		"progress": 0.41982001648284495,
		"id": 27,
		"imdb_id": "tt2632424",
		"src": "10secs.mp4",
		"thumb": "vids/thumb1.jpg",
		"year": 1892,
		"rating": "0.3",
		"series": null,
		"desc": 0.7627411547582597,
		"name": "The Originals"
	},
	{
		"y": "g",
		"progress": 0.95078772935085,
		"id": 28,
		"imdb_id": "tt3487382",
		"src": "10secs.mp4",
		"thumb": "vids/thumb1.jpg",
		"year": 1876,
		"rating": "3.4",
		"series": null,
		"desc": 0.904248058097437,
		"name": "Forever"
	},
	{
		"y": "g",
		"progress": 0.8558602950070053,
		"id": 29,
		"imdb_id": "tt0979432",
		"src": "10secs.mp4",
		"thumb": "vids/thumb1.jpg",
		"year": 1864,
		"rating": "1.6",
		"series": null,
		"desc": 0.10622230148874223,
		"name": "Boardwalk Empire"
	},
	{
		"y": "g",
		"progress": 0.5576353943906724,
		"id": 30,
		"imdb_id": "tt2356777",
		"src": "10secs.mp4",
		"thumb": "vids/thumb2.jpg",
		"year": 1881,
		"rating": "6.9",
		"series": null,
		"desc": 0.8976681740023196,
		"name": "True Detective"
	},
	{
		"y": "g",
		"progress": 0.09888517996296287,
		"id": 31,
		"imdb_id": "tt3514324",
		"src": "10secs.mp4",
		"thumb": "vids/thumb3.jpg",
		"year": 1953,
		"rating": "8.2",
		"series": null,
		"desc": 0.9013341451063752,
		"name": "Scorpion"
	},
	{
		"y": "g",
		"progress": 0.6178076064679772,
		"id": 32,
		"imdb_id": "tt1632701",
		"src": "10secs.mp4",
		"thumb": "vids/thumb2.jpg",
		"year": 1954,
		"rating": "0.7",
		"series": null,
		"desc": 0.8248662292025983,
		"name": "Suits"
	},
	{
		"y": "g",
		"progress": 0.7241355509031564,
		"id": 33,
		"imdb_id": "tt1442437",
		"src": "10secs.mp4",
		"thumb": "vids/thumb2.jpg",
		"year": 1851,
		"rating": "7.9",
		"series": null,
		"desc": 0.010931875091046095,
		"name": "Modern Family"
	},
	{
		"y": "g",
		"progress": 0.89050641679205,
		"id": 34,
		"imdb_id": "tt0460627",
		"src": "10secs.mp4",
		"thumb": "vids/thumb2.jpg",
		"year": 1973,
		"rating": "7.9",
		"series": null,
		"desc": 0.441599183017388,
		"name": "Bones"
	},
	{
		"y": "g",
		"progress": 0.30054409243166447,
		"id": 35,
		"imdb_id": "tt0460649",
		"src": "10secs.mp4",
		"thumb": "vids/thumb1.jpg",
		"year": 1980,
		"rating": "5.4",
		"series": null,
		"desc": 0.2074415774550289,
		"name": "How I Met Your Mother"
	},
	{
		"y": "g",
		"progress": 0.46946639218367636,
		"id": 36,
		"imdb_id": "tt1837642",
		"src": "10secs.mp4",
		"thumb": "vids/thumb3.jpg",
		"year": 1962,
		"rating": "5.5",
		"series": null,
		"desc": 0.023678436409682035,
		"name": "Revenge"
	},
	{
		"y": "g",
		"progress": 0.7939162054099143,
		"id": 37,
		"imdb_id": "tt1837576",
		"src": "10secs.mp4",
		"thumb": "vids/thumb1.jpg",
		"year": 1872,
		"rating": "5.7",
		"series": null,
		"desc": 0.25424366956576705,
		"name": "Scandal"
	},
	{
		"y": "g",
		"progress": 0.6718116290867329,
		"id": 38,
		"imdb_id": "tt3560094",
		"src": "10secs.mp4",
		"thumb": "vids/thumb1.jpg",
		"year": 1896,
		"rating": "4.5",
		"series": null,
		"desc": 0.9383111824281514,
		"name": "Stalker"
	},
	{
		"y": "g",
		"progress": 0.11157380230724812,
		"id": 39,
		"imdb_id": "tt2699110",
		"src": "10secs.mp4",
		"thumb": "vids/thumb3.jpg",
		"year": 1904,
		"rating": "2.6",
		"series": null,
		"desc": 0.4395589008927345,
		"name": "The Affair"
	},
	{
		"y": "g",
		"progress": 0.674558422761038,
		"id": 40,
		"imdb_id": "tt1856010",
		"src": "10secs.mp4",
		"thumb": "vids/thumb1.jpg",
		"year": 1907,
		"rating": "0.5",
		"series": null,
		"desc": 0.2496584691107273,
		"name": "House of Cards"
	},
	{
		"y": "g",
		"progress": 0.27637513959780335,
		"id": 41,
		"imdb_id": "tt1475582",
		"src": "10secs.mp4",
		"thumb": "vids/thumb3.jpg",
		"year": 1904,
		"rating": "6.1",
		"series": null,
		"desc": 0.5234938911162317,
		"name": "Sherlock"
	},
	{
		"y": "g",
		"progress": 0.8109454992227256,
		"id": 42,
		"imdb_id": "tt1826940",
		"src": "10secs.mp4",
		"thumb": "vids/thumb2.jpg",
		"year": 1895,
		"rating": "0.8",
		"series": null,
		"desc": 0.028940710239112377,
		"name": "New Girl"
	},
	{
		"y": "g",
		"progress": 0.13398285256698728,
		"id": 43,
		"imdb_id": "tt0364845",
		"src": "10secs.mp4",
		"thumb": "vids/thumb1.jpg",
		"year": 1875,
		"rating": "7.8",
		"series": null,
		"desc": 0.6869133836589754,
		"name": "NCIS"
	},
	{
		"y": "g",
		"progress": 0.6530964488629252,
		"id": 44,
		"imdb_id": "tt1219024",
		"src": "10secs.mp4",
		"thumb": "vids/thumb3.jpg",
		"year": 1917,
		"rating": "7.9",
		"series": null,
		"desc": 0.38456486631184816,
		"name": "Castle"
	},
	{
		"y": "g",
		"progress": 0.5934606739319861,
		"id": 45,
		"imdb_id": "tt0773262",
		"src": "10secs.mp4",
		"thumb": "vids/thumb1.jpg",
		"year": 1875,
		"rating": "4.3",
		"series": null,
		"desc": 0.23884476791135967,
		"name": "Dexter"
	},
	{
		"y": "g",
		"progress": 0.7096806177869439,
		"id": 46,
		"imdb_id": "tt2306299",
		"src": "10secs.mp4",
		"thumb": "vids/thumb1.jpg",
		"year": 1993,
		"rating": "4.8",
		"series": null,
		"desc": 0.26838878891430795,
		"name": "Vikings"
	},
	{
		"y": "g",
		"progress": 0.19769803644157946,
		"id": 47,
		"imdb_id": "tt1606375",
		"src": "10secs.mp4",
		"thumb": "vids/thumb2.jpg",
		"year": 1859,
		"rating": "9.1",
		"series": null,
		"desc": 0.44888314162380993,
		"name": "Downton Abbey"
	},
	{
		"y": "g",
		"progress": 0.627122402889654,
		"id": 48,
		"imdb_id": "tt1553656",
		"src": "10secs.mp4",
		"thumb": "vids/thumb3.jpg",
		"year": 1880,
		"rating": "9.9",
		"series": null,
		"desc": 0.37602718407288194,
		"name": "Under the Dome"
	},
	{
		"y": "g",
		"progress": 0.3813867219723761,
		"id": 49,
		"imdb_id": "tt2710394",
		"src": "10secs.mp4",
		"thumb": "vids/thumb2.jpg",
		"year": 1875,
		"rating": "0.1",
		"series": null,
		"desc": 0.741604816634208,
		"name": "Reign"
	},
	{
		"y": "g",
		"progress": 0.09616837906651199,
		"id": 50,
		"imdb_id": "tt1266020",
		"src": "10secs.mp4",
		"thumb": "vids/thumb1.jpg",
		"year": 1995,
		"rating": "5.7",
		"series": null,
		"desc": 0.014664543326944113,
		"name": "Parks and Recreation"
	},
	{
		"y": "g",
		"progress": 0.09365964052267373,
		"id": 51,
		"imdb_id": "tt0108778",
		"src": "10secs.mp4",
		"thumb": "vids/thumb1.jpg",
		"year": 1973,
		"rating": "1.4",
		"series": null,
		"desc": 0.9985349460039288,
		"name": "Friends"
	},
	{
		"y": "g",
		"progress": 0.16549451579339802,
		"id": 52,
		"imdb_id": "tt1839578",
		"src": "10secs.mp4",
		"thumb": "vids/thumb2.jpg",
		"year": 1983,
		"rating": "6.8",
		"series": null,
		"desc": 0.18065673764795065,
		"name": "Person of Interest"
	},
	{
		"y": "g",
		"progress": 0.7780844366643578,
		"id": 53,
		"imdb_id": "tt0411008",
		"src": "10secs.mp4",
		"thumb": "vids/thumb3.jpg",
		"year": 1979,
		"rating": "6.0",
		"series": null,
		"desc": 0.4068112198729068,
		"name": "Lost"
	},
	{
		"y": "g",
		"progress": 0.5962318954989314,
		"id": 54,
		"imdb_id": "tt2930604",
		"src": "10secs.mp4",
		"thumb": "vids/thumb2.jpg",
		"year": 1960,
		"rating": "4.6",
		"series": null,
		"desc": 0.11311167618259788,
		"name": "Star Wars Rebels"
	},
	{
		"y": "g",
		"progress": 0.6011363160796463,
		"id": 55,
		"imdb_id": "tt1567432",
		"src": "10secs.mp4",
		"thumb": "vids/thumb2.jpg",
		"year": 1940,
		"rating": "5.0",
		"series": null,
		"desc": 0.04340229835361242,
		"name": "Teen Wolf"
	},
	{
		"y": "g",
		"progress": 0.13088069669902325,
		"id": 56,
		"imdb_id": "tt1578873",
		"src": "10secs.mp4",
		"thumb": "vids/thumb3.jpg",
		"year": 1899,
		"rating": "5.2",
		"series": null,
		"desc": 0.7953699138015509,
		"name": "Pretty Little Liars"
	},
	{
		"y": "g",
		"progress": 0.6069189121481031,
		"id": 57,
		"imdb_id": "tt0904208",
		"src": "10secs.mp4",
		"thumb": "vids/thumb2.jpg",
		"year": 1867,
		"rating": "3.2",
		"series": null,
		"desc": 0.6938836958725005,
		"name": "Californication"
	},
	{
		"y": "g",
		"progress": 0.11178808938711882,
		"id": 58,
		"imdb_id": "tt1442462",
		"src": "10secs.mp4",
		"thumb": "vids/thumb2.jpg",
		"year": 1956,
		"rating": "0.9",
		"series": null,
		"desc": 0.8183836189564317,
		"name": "The Good Wife"
	},
	{
		"y": "g",
		"progress": 0.8535615280270576,
		"id": 59,
		"imdb_id": "tt2647544",
		"src": "10secs.mp4",
		"thumb": "vids/thumb3.jpg",
		"year": 1896,
		"rating": "5.1",
		"series": null,
		"desc": 0.5375998874660581,
		"name": "Sleepy Hollow"
	},
	{
		"y": "g",
		"progress": 0.3849523428361863,
		"id": 60,
		"imdb_id": "tt2402137",
		"src": "10secs.mp4",
		"thumb": "vids/thumb2.jpg",
		"year": 1954,
		"rating": "8.0",
		"series": null,
		"desc": 0.7396776247769594,
		"name": "Legends"
	},
	{
		"y": "g",
		"progress": 0.9398208283819258,
		"id": 61,
		"imdb_id": "tt2937900",
		"src": "10secs.mp4",
		"thumb": "vids/thumb3.jpg",
		"year": 1890,
		"rating": "5.5",
		"series": null,
		"desc": 0.9304069664794952,
		"name": "The Knick"
	},
	{
		"y": "g",
		"progress": 0.39573378185741603,
		"id": 62,
		"imdb_id": "tt3576794",
		"src": "10secs.mp4",
		"thumb": "vids/thumb2.jpg",
		"year": 1990,
		"rating": "8.0",
		"series": null,
		"desc": 0.8748011272400618,
		"name": "Red Band Society"
	},
	{
		"y": "g",
		"progress": 0.6313795740716159,
		"id": 63,
		"imdb_id": "tt3412000",
		"src": "10secs.mp4",
		"thumb": "vids/thumb2.jpg",
		"year": 1912,
		"rating": "0.8",
		"series": null,
		"desc": 0.9298153491690755,
		"name": "IMDb: What to Watch"
	},
	{
		"y": "g",
		"progress": 0.2614710326306522,
		"id": 64,
		"imdb_id": "tt0182576",
		"src": "10secs.mp4",
		"thumb": "vids/thumb3.jpg",
		"year": 1979,
		"rating": "1.0",
		"series": null,
		"desc": 0.24995624204166234,
		"name": "Family Guy"
	},
	{
		"y": "g",
		"progress": 0.8565443793777376,
		"id": 65,
		"imdb_id": "tt2249007",
		"src": "10secs.mp4",
		"thumb": "vids/thumb3.jpg",
		"year": 1910,
		"rating": "9.7",
		"series": null,
		"desc": 0.6405697267036885,
		"name": "Ray Donovan"
	},
	{
		"y": "g",
		"progress": 0.13909361907280982,
		"id": 66,
		"imdb_id": "tt2647586",
		"src": "10secs.mp4",
		"thumb": "vids/thumb2.jpg",
		"year": 1850,
		"rating": "2.1",
		"series": null,
		"desc": 0.19855134654790163,
		"name": "Resurrection"
	},
	{
		"y": "g",
		"progress": 0.44889055588282645,
		"id": 67,
		"imdb_id": "tt0203259",
		"src": "10secs.mp4",
		"thumb": "vids/thumb3.jpg",
		"year": 1855,
		"rating": "3.9",
		"series": null,
		"desc": 0.12350905570201576,
		"name": "Law & Order: Special Victims Unit"
	},
	{
		"y": "g",
		"progress": 0.41508580720983446,
		"id": 68,
		"imdb_id": "tt2699128",
		"src": "10secs.mp4",
		"thumb": "vids/thumb1.jpg",
		"year": 1936,
		"rating": "1.7",
		"series": null,
		"desc": 0.024426600895822048,
		"name": "The Leftovers"
	},
	{
		"y": "g",
		"progress": 0.9068156420253217,
		"id": 69,
		"imdb_id": "tt2661044",
		"src": "10secs.mp4",
		"thumb": "vids/thumb3.jpg",
		"year": 1857,
		"rating": "6.0",
		"series": null,
		"desc": 0.6469727829098701,
		"name": "The 100"
	},
	{
		"y": "g",
		"progress": 0.9520888500846922,
		"id": 70,
		"imdb_id": "tt1699748",
		"src": "10secs.mp4",
		"thumb": "vids/thumb3.jpg",
		"year": 1882,
		"rating": "2.4",
		"series": null,
		"desc": 0.6172570099588484,
		"name": "Hell on Wheels"
	},
	{
		"y": "g",
		"progress": 0.8601460661739111,
		"id": 71,
		"imdb_id": "tt0844441",
		"src": "10secs.mp4",
		"thumb": "vids/thumb2.jpg",
		"year": 1965,
		"rating": "2.3",
		"series": null,
		"desc": 0.9639456931035966,
		"name": "True Blood"
	},
	{
		"y": "g",
		"progress": 0.8320169218350202,
		"id": 72,
		"imdb_id": "tt0369179",
		"src": "10secs.mp4",
		"thumb": "vids/thumb1.jpg",
		"year": 1977,
		"rating": "6.4",
		"series": null,
		"desc": 0.07280536275357008,
		"name": "Two and a Half Men"
	},
	{
		"y": "g",
		"progress": 0.5308114876970649,
		"id": 73,
		"imdb_id": "tt2288064",
		"src": "10secs.mp4",
		"thumb": "vids/thumb1.jpg",
		"year": 1965,
		"rating": "8.6",
		"series": null,
		"desc": 0.09909008140675724,
		"name": "Witches of East End"
	},
	{
		"y": "g",
		"progress": 0.10390866780653596,
		"id": 74,
		"imdb_id": "tt0397442",
		"src": "10secs.mp4",
		"thumb": "vids/thumb2.jpg",
		"year": 1853,
		"rating": "4.0",
		"series": null,
		"desc": 0.041466047521680593,
		"name": "Gossip Girl"
	},
	{
		"y": "g",
		"progress": 0.2831927430815995,
		"id": 75,
		"imdb_id": "tt3843168",
		"src": "10secs.mp4",
		"thumb": "vids/thumb1.jpg",
		"year": 1908,
		"rating": "4.4",
		"series": null,
		"desc": 0.2582945260219276,
		"name": "Z Nation"
	},
	{
		"y": "g",
		"progress": 0.7348117134533823,
		"id": 76,
		"imdb_id": "tt0412142",
		"src": "10secs.mp4",
		"thumb": "vids/thumb3.jpg",
		"year": 1884,
		"rating": "6.4",
		"series": null,
		"desc": 0.09647147404029965,
		"name": "House M.D."
	},
	{
		"y": "g",
		"progress": 0.5142853548750281,
		"id": 77,
		"imdb_id": "tt1600194",
		"src": "10secs.mp4",
		"thumb": "vids/thumb2.jpg",
		"year": 1970,
		"rating": "7.2",
		"series": null,
		"desc": 0.904800477437675,
		"name": "Hawaii Five-0"
	},
	{
		"y": "g",
		"progress": 0.05533733800984919,
		"id": 78,
		"imdb_id": "tt2628232",
		"src": "10secs.mp4",
		"thumb": "vids/thumb3.jpg",
		"year": 1946,
		"rating": "2.6",
		"series": null,
		"desc": 0.4642359067220241,
		"name": "Penny Dreadful"
	},
	{
		"y": "g",
		"progress": 0.9559612707234919,
		"id": 79,
		"imdb_id": "tt3549044",
		"src": "10secs.mp4",
		"thumb": "vids/thumb2.jpg",
		"year": 1889,
		"rating": "5.5",
		"series": null,
		"desc": 0.023967767832800746,
		"name": "Selfie"
	},
	{
		"y": "g",
		"progress": 0.09412500238977373,
		"id": 80,
		"imdb_id": "tt0455275",
		"src": "10secs.mp4",
		"thumb": "vids/thumb2.jpg",
		"year": 1970,
		"rating": "6.6",
		"series": null,
		"desc": 0.5034951625857502,
		"name": "Prison Break"
	},
	{
		"y": "g",
		"progress": 0.32976613100618124,
		"id": 81,
		"imdb_id": "tt1416765",
		"src": "10secs.mp4",
		"thumb": "vids/thumb3.jpg",
		"year": 1999,
		"rating": "8.3",
		"series": null,
		"desc": 0.5189863962586969,
		"name": "Parenthood"
	},
	{
		"y": "g",
		"progress": 0.9911833696532995,
		"id": 82,
		"imdb_id": "tt2243973",
		"src": "10secs.mp4",
		"thumb": "vids/thumb1.jpg",
		"year": 1973,
		"rating": "4.3",
		"series": null,
		"desc": 0.5862442089710385,
		"name": "Hannibal"
	},
	{
		"y": "g",
		"progress": 0.6838941634632647,
		"id": 83,
		"imdb_id": "tt1196946",
		"src": "10secs.mp4",
		"thumb": "vids/thumb1.jpg",
		"year": 1993,
		"rating": "0.9",
		"series": null,
		"desc": 0.26664309529587626,
		"name": "The Mentalist"
	},
	{
		"y": "g",
		"progress": 0.14291297900490463,
		"id": 84,
		"imdb_id": "tt0096697",
		"src": "10secs.mp4",
		"thumb": "vids/thumb3.jpg",
		"year": 1960,
		"rating": "7.5",
		"series": null,
		"desc": 0.8616323790047318,
		"name": "The Simpsons"
	},
	{
		"y": "g",
		"progress": 0.941650418099016,
		"id": 85,
		"imdb_id": "tt3673794",
		"src": "10secs.mp4",
		"thumb": "vids/thumb1.jpg",
		"year": 1850,
		"rating": "8.6",
		"series": null,
		"desc": 0.704281555255875,
		"name": "Kingdom"
	},
	{
		"y": "g",
		"progress": 0.8208475632127374,
		"id": 86,
		"imdb_id": "tt3502262",
		"src": "10secs.mp4",
		"thumb": "vids/thumb1.jpg",
		"year": 1983,
		"rating": "2.2",
		"series": null,
		"desc": 0.4779033574741334,
		"name": "Transparent"
	},
	{
		"y": "g",
		"progress": 0.9279603827744722,
		"id": 87,
		"imdb_id": "tt0247082",
		"src": "10secs.mp4",
		"thumb": "vids/thumb3.jpg",
		"year": 1959,
		"rating": "5.2",
		"series": null,
		"desc": 0.4563314642291516,
		"name": "CSI: Crime Scene Investigation"
	},
	{
		"y": "g",
		"progress": 0.8281418790575117,
		"id": 88,
		"imdb_id": "tt1637727",
		"src": "10secs.mp4",
		"thumb": "vids/thumb1.jpg",
		"year": 1916,
		"rating": "2.8",
		"series": null,
		"desc": 0.28370446688495576,
		"name": "The Killing"
	},
	{
		"y": "g",
		"progress": 0.20472955866716802,
		"id": 89,
		"imdb_id": "tt0804503",
		"src": "10secs.mp4",
		"thumb": "vids/thumb1.jpg",
		"year": 1955,
		"rating": "8.0",
		"series": null,
		"desc": 0.6828585430048406,
		"name": "Mad Men"
	},
	{
		"y": "g",
		"progress": 0.4687753855250776,
		"id": 90,
		"imdb_id": "tt3501074",
		"src": "10secs.mp4",
		"thumb": "vids/thumb2.jpg",
		"year": 1952,
		"rating": "7.5",
		"series": null,
		"desc": 0.25701104174368083,
		"name": "Madam Secretary"
	},
	{
		"y": "g",
		"progress": 0.7296466017141938,
		"id": 91,
		"imdb_id": "tt2802850",
		"src": "10secs.mp4",
		"thumb": "vids/thumb2.jpg",
		"year": 1941,
		"rating": "7.2",
		"series": null,
		"desc": 0.6572363742161542,
		"name": "Fargo"
	},
	{
		"y": "g",
		"progress": 0.17008627951145172,
		"id": 92,
		"imdb_id": "tt3216682",
		"src": "10secs.mp4",
		"thumb": "vids/thumb1.jpg",
		"year": 1926,
		"rating": "0.2",
		"series": null,
		"desc": 0.12441992200911045,
		"name": "A to Z"
	},
	{
		"y": "g",
		"progress": 0.6831953930668533,
		"id": 93,
		"imdb_id": "tt0386676",
		"src": "10secs.mp4",
		"thumb": "vids/thumb1.jpg",
		"year": 1995,
		"rating": "5.8",
		"series": null,
		"desc": 0.01265465491451323,
		"name": "The Office"
	},
	{
		"y": "g",
		"progress": 0.26617403025738895,
		"id": 94,
		"imdb_id": "tt3560084",
		"src": "10secs.mp4",
		"thumb": "vids/thumb1.jpg",
		"year": 1857,
		"rating": "3.9",
		"series": null,
		"desc": 0.8928654508199543,
		"name": "NCIS: New Orleans"
	},
	{
		"y": "g",
		"progress": 0.4037586501799524,
		"id": 95,
		"imdb_id": "tt1695360",
		"src": "10secs.mp4",
		"thumb": "vids/thumb3.jpg",
		"year": 1976,
		"rating": "1.0",
		"series": null,
		"desc": 0.9997328009922057,
		"name": "The Legend of Korra"
	},
	{
		"y": "g",
		"progress": 0.2298932217527181,
		"id": 96,
		"imdb_id": "tt1358522",
		"src": "10secs.mp4",
		"thumb": "vids/thumb2.jpg",
		"year": 1952,
		"rating": "0.8",
		"series": null,
		"desc": 0.7417808519676328,
		"name": "White Collar"
	},
	{
		"y": "g",
		"progress": 0.8393550494220108,
		"id": 97,
		"imdb_id": "tt2137109",
		"src": "10secs.mp4",
		"thumb": "vids/thumb3.jpg",
		"year": 1909,
		"rating": "1.8",
		"series": null,
		"desc": 0.8784519610926509,
		"name": "Masters of Sex"
	},
	{
		"y": "g",
		"progress": 0.32933663204312325,
		"id": 98,
		"imdb_id": "tt0121955",
		"src": "10secs.mp4",
		"thumb": "vids/thumb2.jpg",
		"year": 1947,
		"rating": "5.3",
		"series": null,
		"desc": 0.39882967551238835,
		"name": "South Park"
	},
	{
		"y": "g",
		"progress": 0.6394696072675288,
		"id": 99,
		"imdb_id": "tt1830617",
		"src": "10secs.mp4",
		"thumb": "vids/thumb1.jpg",
		"year": 1923,
		"rating": "6.3",
		"series": null,
		"desc": 0.34841597476042807,
		"name": "Grimm"
	},
	{
		"y": "g",
		"progress": 0.537520786980167,
		"id": 100,
		"imdb_id": "tt2070791",
		"src": "10secs.mp4",
		"thumb": "vids/thumb2.jpg",
		"year": 1959,
		"rating": "6.6",
		"series": null,
		"desc": 0.9707278627902269,
		"name": "Revolution"
	},
	{
		"y": "g",
		"progress": 0.9296066372189671,
		"id": 101,
		"imdb_id": "tt0098798",
		"src": "10secs.mp4",
		"thumb": "vids/thumb2.jpg",
		"year": 1954,
		"rating": "5.7",
		"series": null,
		"desc": 0.017583201872184873,
		"name": "The Flash"
	},
	{
		"y": "g",
		"progress": 0.8114591001067311,
		"id": 102,
		"imdb_id": "tt2467372",
		"src": "10secs.mp4",
		"thumb": "vids/thumb2.jpg",
		"year": 1945,
		"rating": "2.8",
		"series": null,
		"desc": 0.3638265053741634,
		"name": "Brooklyn Nine-Nine"
	},
	{
		"y": "g",
		"progress": 0.35674611711874604,
		"id": 103,
		"imdb_id": "tt0306414",
		"src": "10secs.mp4",
		"thumb": "vids/thumb2.jpg",
		"year": 1957,
		"rating": "5.4",
		"series": null,
		"desc": 0.3472815833520144,
		"name": "The Wire"
	},
	{
		"y": "g",
		"progress": 0.570739408954978,
		"id": 104,
		"imdb_id": "tt2071645",
		"src": "10secs.mp4",
		"thumb": "vids/thumb2.jpg",
		"year": 1960,
		"rating": "5.3",
		"series": null,
		"desc": 0.4859967192169279,
		"name": "The Following"
	},
	{
		"y": "g",
		"progress": 0.7986826114356518,
		"id": 105,
		"imdb_id": "tt1480684",
		"src": "10secs.mp4",
		"thumb": "vids/thumb3.jpg",
		"year": 1922,
		"rating": "1.7",
		"series": null,
		"desc": 0.5916219453793019,
		"name": "The League"
	},
	{
		"y": "g",
		"progress": 0.3565030440222472,
		"id": 106,
		"imdb_id": "tt2281375",
		"src": "10secs.mp4",
		"thumb": "vids/thumb1.jpg",
		"year": 1869,
		"rating": "9.1",
		"series": null,
		"desc": 0.8274893725756556,
		"name": "Nashville"
	},
	{
		"y": "g",
		"progress": 0.37561989668756723,
		"id": 107,
		"imdb_id": "tt2261391",
		"src": "10secs.mp4",
		"thumb": "vids/thumb2.jpg",
		"year": 1907,
		"rating": "0.8",
		"series": null,
		"desc": 0.36466166540049016,
		"name": "Chicago Fire"
	},
	{
		"y": "g",
		"progress": 0.546252786880359,
		"id": 108,
		"imdb_id": "tt0368530",
		"src": "10secs.mp4",
		"thumb": "vids/thumb1.jpg",
		"year": 1935,
		"rating": "6.9",
		"series": null,
		"desc": 0.2980553295928985,
		"name": "One Tree Hill"
	},
	{
		"y": "g",
		"progress": 0.17455495125614107,
		"id": 109,
		"imdb_id": "tt1327801",
		"src": "10secs.mp4",
		"thumb": "vids/thumb3.jpg",
		"year": 1863,
		"rating": "7.2",
		"series": null,
		"desc": 0.4376628305763006,
		"name": "Glee"
	},
	{
		"y": "g",
		"progress": 0.5107750352472067,
		"id": 110,
		"imdb_id": "tt3514886",
		"src": "10secs.mp4",
		"thumb": "vids/thumb1.jpg",
		"year": 1868,
		"rating": "7.3",
		"series": null,
		"desc": 0.7401386750862002,
		"name": "Manhattan Love Story"
	},
	{
		"y": "g",
		"progress": 0.4594105640426278,
		"id": 111,
		"imdb_id": "tt2805096",
		"src": "10secs.mp4",
		"thumb": "vids/thumb1.jpg",
		"year": 1978,
		"rating": "1.1",
		"series": null,
		"desc": 0.6524755787104368,
		"name": "Chicago P.D."
	},
	{
		"y": "g",
		"progress": 0.41419387026689947,
		"id": 112,
		"imdb_id": "tt1586680",
		"src": "10secs.mp4",
		"thumb": "vids/thumb2.jpg",
		"year": 1875,
		"rating": "2.6",
		"series": null,
		"desc": 0.6482986994087696,
		"name": "Shameless"
	},
	{
		"y": "g",
		"progress": 0.8029021506663412,
		"id": 113,
		"imdb_id": "tt2753110",
		"src": "10secs.mp4",
		"thumb": "vids/thumb3.jpg",
		"year": 1905,
		"rating": "4.0",
		"series": null,
		"desc": 0.032240768196061254,
		"name": "Mulaney"
	},
	{
		"y": "g",
		"progress": 0.7969812250230461,
		"id": 114,
		"imdb_id": "tt0472954",
		"src": "10secs.mp4",
		"thumb": "vids/thumb2.jpg",
		"year": 1925,
		"rating": "6.5",
		"series": null,
		"desc": 0.5858251489698887,
		"name": "It's Always Sunny in Philadelphia"
	},
	{
		"y": "g",
		"progress": 0.722521438729018,
		"id": 115,
		"imdb_id": "tt2191671",
		"src": "10secs.mp4",
		"thumb": "vids/thumb2.jpg",
		"year": 1962,
		"rating": "6.5",
		"series": null,
		"desc": 0.36095324344933033,
		"name": "Elementary"
	},
	{
		"y": "g",
		"progress": 0.6226738437544554,
		"id": 116,
		"imdb_id": "tt0141842",
		"src": "10secs.mp4",
		"thumb": "vids/thumb2.jpg",
		"year": 1998,
		"rating": "1.5",
		"series": null,
		"desc": 0.5354425441473722,
		"name": "The Sopranos"
	},
	{
		"y": "g",
		"progress": 0.3273695844691247,
		"id": 117,
		"imdb_id": "tt1663676",
		"src": "10secs.mp4",
		"thumb": "vids/thumb1.jpg",
		"year": 1958,
		"rating": "7.6",
		"series": null,
		"desc": 0.6790204725693911,
		"name": "Awkward."
	},
	{
		"y": "g",
		"progress": 0.48972569685429335,
		"id": 118,
		"imdb_id": "tt0118276",
		"src": "10secs.mp4",
		"thumb": "vids/thumb3.jpg",
		"year": 1921,
		"rating": "5.8",
		"series": null,
		"desc": 0.13961597508750856,
		"name": "Buffy the Vampire Slayer"
	},
	{
		"y": "g",
		"progress": 0.7571552735753357,
		"id": 119,
		"imdb_id": "tt1832979",
		"src": "10secs.mp4",
		"thumb": "vids/thumb2.jpg",
		"year": 1868,
		"rating": "3.0",
		"series": null,
		"desc": 0.8820758240763098,
		"name": "Hart of Dixie"
	},
	{
		"y": "g",
		"progress": 0.6493258140981197,
		"id": 120,
		"imdb_id": "tt2188671",
		"src": "10secs.mp4",
		"thumb": "vids/thumb3.jpg",
		"year": 1878,
		"rating": "0.8",
		"series": null,
		"desc": 0.4241340705193579,
		"name": "Bates Motel"
	},
	{
		"y": "g",
		"progress": 0.7092235777527094,
		"id": 121,
		"imdb_id": "tt1489428",
		"src": "10secs.mp4",
		"thumb": "vids/thumb3.jpg",
		"year": 1874,
		"rating": "8.2",
		"series": null,
		"desc": 0.3451467286795378,
		"name": "Justified"
	},
	{
		"y": "g",
		"progress": 0.8013582888524979,
		"id": 122,
		"imdb_id": "tt1442449",
		"src": "10secs.mp4",
		"thumb": "vids/thumb2.jpg",
		"year": 1975,
		"rating": "2.5",
		"series": null,
		"desc": 0.6222284743562341,
		"name": "Spartacus: War of the Damned"
	},
	{
		"y": "g",
		"progress": 0.857507387874648,
		"id": 123,
		"imdb_id": "tt1595859",
		"src": "10secs.mp4",
		"thumb": "vids/thumb2.jpg",
		"year": 1926,
		"rating": "2.4",
		"series": null,
		"desc": 0.19624420604668558,
		"name": "Blue Bloods"
	},
	{
		"y": "g",
		"progress": 0.7615851168520749,
		"id": 124,
		"imdb_id": "tt0279600",
		"src": "10secs.mp4",
		"thumb": "vids/thumb3.jpg",
		"year": 1881,
		"rating": "4.6",
		"series": null,
		"desc": 0.6209773949813098,
		"name": "Smallville"
	},
	{
		"y": "g",
		"progress": 0.5019155791960657,
		"id": 125,
		"imdb_id": "tt0165598",
		"src": "10secs.mp4",
		"thumb": "vids/thumb1.jpg",
		"year": 1957,
		"rating": "0.8",
		"series": null,
		"desc": 0.5816935608163476,
		"name": "That '70s Show"
	},
	{
		"y": "g",
		"progress": 0.5577893634326756,
		"id": 126,
		"imdb_id": "tt3487356",
		"src": "10secs.mp4",
		"thumb": "vids/thumb2.jpg",
		"year": 1973,
		"rating": "7.1",
		"series": null,
		"desc": 0.08822666644118726,
		"name": "Black-ish"
	},
	{
		"y": "g",
		"progress": 0.9133388593327254,
		"id": 127,
		"imdb_id": "tt1378167",
		"src": "10secs.mp4",
		"thumb": "vids/thumb3.jpg",
		"year": 1912,
		"rating": "1.5",
		"series": null,
		"desc": 0.7694641640409827,
		"name": "NCIS: Los Angeles"
	},
	{
		"y": "g",
		"progress": 0.7830744122620672,
		"id": 128,
		"imdb_id": "tt1462059",
		"src": "10secs.mp4",
		"thumb": "vids/thumb3.jpg",
		"year": 1857,
		"rating": "9.1",
		"series": null,
		"desc": 0.39811415830627084,
		"name": "Falling Skies"
	},
	{
		"y": "g",
		"progress": 0.6035460566636175,
		"id": 129,
		"imdb_id": "tt2402207",
		"src": "10secs.mp4",
		"thumb": "vids/thumb3.jpg",
		"year": 1961,
		"rating": "2.1",
		"series": null,
		"desc": 0.5476090800948441,
		"name": "The Last Ship"
	},
	{
		"y": "g",
		"progress": 0.35194992483593524,
		"id": 130,
		"imdb_id": "tt3489184",
		"src": "10secs.mp4",
		"thumb": "vids/thumb3.jpg",
		"year": 1988,
		"rating": "7.5",
		"series": null,
		"desc": 0.582767021143809,
		"name": "Constantine"
	},
	{
		"y": "g",
		"progress": 0.7506196273025125,
		"id": 131,
		"imdb_id": "tt1519931",
		"src": "10secs.mp4",
		"thumb": "vids/thumb2.jpg",
		"year": 1921,
		"rating": "6.0",
		"series": null,
		"desc": 0.9509365896228701,
		"name": "Haven"
	},
	{
		"y": "g",
		"progress": 0.9987698399927467,
		"id": 132,
		"imdb_id": "tt2769470",
		"src": "10secs.mp4",
		"thumb": "vids/thumb2.jpg",
		"year": 1968,
		"rating": "7.0",
		"series": null,
		"desc": 0.5183046087622643,
		"name": "Bad Judge"
	},
	{
		"y": "g",
		"progress": 0.2334703328087926,
		"id": 133,
		"imdb_id": "tt1439629",
		"src": "10secs.mp4",
		"thumb": "vids/thumb1.jpg",
		"year": 1983,
		"rating": "5.8",
		"series": null,
		"desc": 0.8140445444732904,
		"name": "Community"
	},
	{
		"y": "g",
		"progress": 0.0035495604388415813,
		"id": 134,
		"imdb_id": "tt2543796",
		"src": "10secs.mp4",
		"thumb": "vids/thumb3.jpg",
		"year": 1933,
		"rating": "2.7",
		"series": null,
		"desc": 0.8080271850340068,
		"name": "Girl Meets World"
	},
	{
		"y": "g",
		"progress": 0.9671249003149569,
		"id": 135,
		"imdb_id": "tt0285331",
		"src": "10secs.mp4",
		"thumb": "vids/thumb3.jpg",
		"year": 1918,
		"rating": "4.7",
		"series": null,
		"desc": 0.8388771486934274,
		"name": "24"
	},
	{
		"y": "g",
		"progress": 0.581801206804812,
		"id": 136,
		"imdb_id": "tt0072562",
		"src": "10secs.mp4",
		"thumb": "vids/thumb1.jpg",
		"year": 1933,
		"rating": "5.9",
		"series": null,
		"desc": 0.4855970088392496,
		"name": "Saturday Night Live"
	},
	{
		"y": "g",
		"progress": 0.6610200144350529,
		"id": 137,
		"imdb_id": "tt2234222",
		"src": "10secs.mp4",
		"thumb": "vids/thumb2.jpg",
		"year": 1930,
		"rating": "7.4",
		"series": null,
		"desc": 0.48112078313715756,
		"name": "Orphan Black"
	},
	{
		"y": "g",
		"progress": 0.390248357784003,
		"id": 138,
		"imdb_id": "tt0758745",
		"src": "10secs.mp4",
		"thumb": "vids/thumb3.jpg",
		"year": 1876,
		"rating": "9.1",
		"series": null,
		"desc": 0.30203310842625797,
		"name": "Friday Night Lights"
	},
	{
		"y": "g",
		"progress": 0.35487852874211967,
		"id": 139,
		"imdb_id": "tt0934814",
		"src": "10secs.mp4",
		"thumb": "vids/thumb3.jpg",
		"year": 1991,
		"rating": "5.1",
		"series": null,
		"desc": 0.747526835417375,
		"name": "Chuck"
	},
	{
		"y": "g",
		"progress": 0.03531527169980109,
		"id": 140,
		"imdb_id": "tt2017109",
		"src": "10secs.mp4",
		"thumb": "vids/thumb2.jpg",
		"year": 1879,
		"rating": "3.4",
		"series": null,
		"desc": 0.14016959769651294,
		"name": "Banshee"
	},
	{
		"y": "g",
		"progress": 0.2817880939692259,
		"id": 141,
		"imdb_id": "tt2406376",
		"src": "10secs.mp4",
		"thumb": "vids/thumb1.jpg",
		"year": 1879,
		"rating": "6.5",
		"series": null,
		"desc": 0.49820742872543633,
		"name": "The Bridge"
	},
	{
		"y": "g",
		"progress": 0.6360168810933828,
		"id": 142,
		"imdb_id": "tt2712740",
		"src": "10secs.mp4",
		"thumb": "vids/thumb1.jpg",
		"year": 1862,
		"rating": "5.8",
		"series": null,
		"desc": 0.16389522515237331,
		"name": "The Goldbergs"
	},
	{
		"y": "g",
		"progress": 0.8001429694704711,
		"id": 143,
		"imdb_id": "tt1442464",
		"src": "10secs.mp4",
		"thumb": "vids/thumb3.jpg",
		"year": 1904,
		"rating": "7.6",
		"series": null,
		"desc": 0.21767310029827058,
		"name": "The Middle"
	},
	{
		"y": "g",
		"progress": 0.2266335275489837,
		"id": 144,
		"imdb_id": "tt2375692",
		"src": "10secs.mp4",
		"thumb": "vids/thumb2.jpg",
		"year": 1972,
		"rating": "2.5",
		"series": null,
		"desc": 0.040010949363932014,
		"name": "Black Sails"
	},
	{
		"y": "g",
		"progress": 0.00976112112402916,
		"id": 145,
		"imdb_id": "tt2189221",
		"src": "10secs.mp4",
		"thumb": "vids/thumb2.jpg",
		"year": 1943,
		"rating": "7.0",
		"series": null,
		"desc": 0.5029320905450732,
		"name": "Defiance"
	},
	{
		"y": "g",
		"progress": 0.9035487398505211,
		"id": 146,
		"imdb_id": "tt1119644",
		"src": "10secs.mp4",
		"thumb": "vids/thumb2.jpg",
		"year": 1989,
		"rating": "4.7",
		"series": null,
		"desc": 0.6532752669882029,
		"name": "Fringe"
	},
	{
		"y": "g",
		"progress": 0.4731129086576402,
		"id": 147,
		"imdb_id": "tt2193041",
		"src": "10secs.mp4",
		"thumb": "vids/thumb2.jpg",
		"year": 1851,
		"rating": "8.5",
		"series": null,
		"desc": 0.7724258818197995,
		"name": "Beauty and the Beast"
	},
	{
		"y": "g",
		"progress": 0.07110260589979589,
		"id": 148,
		"imdb_id": "tt1486217",
		"src": "10secs.mp4",
		"thumb": "vids/thumb3.jpg",
		"year": 1911,
		"rating": "2.1",
		"series": null,
		"desc": 0.8410298537928611,
		"name": "Archer"
	},
	{
		"y": "g",
		"progress": 0.4458154959138483,
		"id": 149,
		"imdb_id": "tt1723816",
		"src": "10secs.mp4",
		"thumb": "vids/thumb2.jpg",
		"year": 1916,
		"rating": "3.5",
		"series": null,
		"desc": 0.9471236462704837,
		"name": "Girls"
	},
	{
		"y": "g",
		"progress": 0.7197859247680753,
		"id": 150,
		"imdb_id": "tt2211129",
		"src": "10secs.mp4",
		"thumb": "vids/thumb2.jpg",
		"year": 1876,
		"rating": "4.5",
		"series": null,
		"desc": 0.4998547309078276,
		"name": "The Mindy Project"
	}
]