{"file_hashes":[{"block_hashes":["BbPn0IuTbIrcHzVCB5y1zIz1QaCb4BcRIMhYIVVbTVk="],"block_size":4096,"path":"1.13/api.js"},{"block_hashes":["afTT976ilAyyGBa2opdwKH1exyzOtJWytttWsfwCftg=","wP125UC8G04WG5pPEQuwuFUm3Y/0w8I1fcRQwou75zk=","ICTbcs66VgzQo2i91egEsuxzj8r73PLYE5a36USOVTM=","TbMNyqKEeGEkdt5Gf+7ED7hz+nlUvZ0dtFRSchWcRo4=","D8cxU30yhPHnmjN/DTiNc+7gvZ9OoLiE2EE582Ij288=","6eD31tBEvnIchW9BPSBuS1L66VuGJlXR7ysMHMUj3AE=","eyVPuRswGmJuozijs2BcEynf+OadCzaFxpKRGQ2xU0k=","2Awmwe8YHknMXIp4z3Ywrfy1cS3k3RHEdFHW/9dz3Y4=","qXvsrR1LqeuiAZ4EVfEMQuHPvIcVOr38t3vgn9PkdbU=","caippgKCwlpr3+Wb92kYvDgpXujcDjdMkVoy4PnHc4Q=","AuXpFV20sFnNbVlya3dkIwR1hCOCthVUUHnbWCWP8AM=","5l9P8UKnd9XHjeF6SAsiNz2n52qOvGOyNqoKNTgXaL4=","++w1wIHPQKq26zEPbVctTaknmNsPi2LYAV+ivlkY8vs="],"block_size":4096,"path":"1.13/kotlin-output/browser-ext-platform.js"},{"block_hashes":["62iGz5aO7o6B6i8aUnHVSZ2PvjwTlWLVqBoLvTtMX/A="],"block_size":4096,"path":"1.13/kotlin-output/chrome-ext-options.js"},{"block_hashes":["MYr/UOzPX/JVkpnjKdayfTMTGVuFasfRr5+ClidD9y8=","odFx3x5YnTUQ7GYWf1IkfPaZIk05uzR/Zeu67nwTgDM=","0ZED9RMlJB7Qs6GxcM+f5smPCf6xGbLSVW9pA7v3Das=","JPN3Q/q4sXlkYaEjcWv9DSfLHhYDOqwlFPCFRygn8+4=","DF3Cow7tQ2I8R8kpt7HFo+MsjzdRhwjO8fDwZKgsOz8=","cfn0JXbBngn0Ui7mefcZRDjE3Iwu9G9rigmx0koMkpc=","BjkEssmhYVfAlmuJtWuuA1sdDpstsy2UOnm9fwkPuW4=","MF7hJ18IpFybKpKF6TNmmhe0+D/qFy3R1G/PBtk2Bhk=","1gMHsM9Vf+QhQghn5/pkJi8p3KlpJ4fP7Jh707DAy7w=","NziVtgeWrm8iV14dfMdMz0SgEpiSTR3mKt7tCbE5QJ8=","+V+Ndd/l9PjAHNN3SHdITAgaLOL3XLYsB7jtILWBPrM=","bEoklPV6gDuTqiBsQvIif68mGNN80eF206Hv98LsiYM=","tJ8vGtXvSGcB2j5a2bpoNtIoGZGHYLjvhDsmupXc4aE=","t2ONuN9DRM8WC3cs1TUoa/0Risb+5hxHFhhhXjZFCSc=","HgTW7vN5Gxe2SBYrEuFTCMe2yKHT66yyk9H7Ccb+HjE=","Le2FpeBi4nhMqvSDWzk/S3xUnDJE3Nc2Y5o0rrovfkU="],"block_size":4096,"path":"1.13/kotlin-output/chrome-ext.js"},{"block_hashes":["M7USebNuTsqhOedPyUF43HG3x4OclB/vygfxq/1KrwA=","xlIfHT924t48QRhChqxm8nz4chTWy4l47bkS2qFVD/s=","aZ4a382tSwyvmhUHV3D++aBPWC/6ZcBeC8v01XFmKRU=","Bii+Zb2dUvivbQnaG3fJSOx9oHORWTYoEK25sNnigg8=","UeGjIB45a2BR1I6XSuKqr1Lziofou7CQTu2uHPkqGvc=","aOKe7pKbbNiWZVbtc77iSLzXVvaHExMDiZ+P6MkGVHU=","FSL48bxlbMYFiVxI4fPQoc4/YnoPDKt8YJAPRLdEDSk="],"block_size":4096,"path":"1.13/kotlin-output/jb-chrome-ext-api.js"},{"block_hashes":["5+TJcaz+ixgxdYe3G9nBJxqQeWp1b75ugChMiZHblRU=","sog0l8ds6T99PCtH0I+Yn79/ifw0khscbxcBBo7xVvM=","GdHYkX5sGOTdFVbwjnkmxFC7byN8tTXlRUaE6UFMNMg=","wiwKj+bMuKKRW6EQy0IW2865UhYRjWRkaNvhGZ8U7kg=","rQdgUKi4rQNIvl3JIkpQD8zfjo1QU0GLzdEd33UiwJI=","zNZIReaQBGUygYYibFLQ43rBKJK01nn0+5v5OZUDxks="],"block_size":4096,"path":"1.13/kotlin-output/kotlin-es5.js"},{"block_hashes":["lRkzrtGNcsNFPYNmy218hyvRwM1UOASpk4i41dnmjfE="],"block_size":4096,"path":"1.13/lib.js"},{"block_hashes":["rOKFhdqqcvrlOBJzIR21FxPxWdj/a1jYiQBcGIfvT0o="],"block_size":4096,"path":"1.13/main.html"},{"block_hashes":["BbPn0IuTbIrcHzVCB5y1zIz1QaCb4BcRIMhYIVVbTVk="],"block_size":4096,"path":"1.22/api.js"},{"block_hashes":["bIKIMeR8zGJpKFAPu7snT7PkhMaITqNDb62xr0cnkdc=","wDywtb406UtMQzTQtFcUvl5HjDaXCByIBT+qiB7o0dM=","dSG2EWkB4XqXf1uob3hQzUgt1EuGSKCDDexmVd//RNg=","SMyddeewnYAIdgaSOk7/Q3NoNx3MS0mcGQL4vNFgzLg=","idu2oOtoR0ZXUrQI9oAv61SaGULGnNfqffnAKK75HxI=","HFSerOYOV/05wVs/yw3d1ORKqjVIx5emwNE9OAEaK6Q=","ae11DO0XnXYA1lEiscUpoxMXA03YV2ZqrrLawRrJy+s=","NMGqSGGqZfw4T6zVl1yn3iPuF9EfFFeJYelroEN7d2s=","LaY1PXvm52OO4sgiJRF3BfwAahfqCn5MOf450kqydmM=","mQMz+5U5jQtpeuzuAlD+pYKPRhSTn4bY5gcTIrRtvXQ=","t7kWuK59T3cDLulcg82iiRRKuax3Icu0oWRI1C+FhUE=","QgeLvCmSMWgGxgOdnVCvTwTYzdNQyAfM5lo42zCLhDQ="],"block_size":4096,"path":"1.22/kotlin-output/browser-ext-platform.js"},{"block_hashes":["62iGz5aO7o6B6i8aUnHVSZ2PvjwTlWLVqBoLvTtMX/A="],"block_size":4096,"path":"1.22/kotlin-output/chrome-ext-options.js"},{"block_hashes":["GW3DwXaVmH9wuBr7BEZq7kjscoQiPQQrjb4VQgyBURY=","gTBTA7+G8slV49jQQLAeDlwDke9HhTVU1GXo8wZTe2s=","DMWJ8zugGMNQxwUvSyE7gmB5OEbyGYqucaGCy/5YGLg=","o65Qw5dbSsQDFApXRBszlbFEe1ZwI0FxkswR6ZpKTpI=","a818Vg22ayepAVr9HOKTv0yYrMs5iTvFHDWbNkQynJs=","Vf2E07rrOyy6GgmAk9xFrVXAOhZ611ZikpQ28LljGyE=","qdjHCjM0sAzYGV6brABfv6bFQEKkWDG4JIyqQPZSWu0=","zQACAU4VHThHBrUW/7BQB8gTOnWTRatqybW0LCYRLjo=","9B8MiEU5OiBXcqOvdYe1qUW1WsjSw7jnHMMTtZ6yFTI=","vZkQJicDO5ZqJOesPH3Du2FaYfE8qtnnAWL8TZyG0Bw=","z2CuvTNajNKXbhOwFxLgQmC7QV37TcVyY6uZcErrPXw=","alAGUIdFUqcOMINfMjVwFk+vK2Dw6EZAuC+y+K5LkXk=","U8hyGGfanvdA/5SX9Lz6vyNITf/UIP+2KNamq2pG/EE=","B84fBoaDLGGBbakL3Mo4yGLAxGvmloOBeYz+tyJP1Wk=","ze8JgG4ECO3BGWZ3OFDQjYyejuT20ydbubKTkLLoMtA="],"block_size":4096,"path":"1.22/kotlin-output/chrome-ext.js"},{"block_hashes":["M7USebNuTsqhOedPyUF43HG3x4OclB/vygfxq/1KrwA=","xlIfHT924t48QRhChqxm8nz4chTWy4l47bkS2qFVD/s=","aZ4a382tSwyvmhUHV3D++aBPWC/6ZcBeC8v01XFmKRU=","YMsKq3zD9hqs67tKqbWhmFNgVjHbCJxYSa/wtlt8Bn0=","JSgiNkxFECABWDqaPzzoN3NN2zpGVoUeqQyfwJaTgBs=","t5hFOASn3oqy8/jvSG0ViC5f31HOK2QVOL/lux5YCUY=","Q4SSVICOMKbFhhr8gpusLn5QNcB+4lFXndeyuSz9+bc="],"block_size":4096,"path":"1.22/kotlin-output/jb-chrome-ext-api.js"},{"block_hashes":["5+TJcaz+ixgxdYe3G9nBJxqQeWp1b75ugChMiZHblRU=","sog0l8ds6T99PCtH0I+Yn79/ifw0khscbxcBBo7xVvM=","GdHYkX5sGOTdFVbwjnkmxFC7byN8tTXlRUaE6UFMNMg=","wiwKj+bMuKKRW6EQy0IW2865UhYRjWRkaNvhGZ8U7kg=","rQdgUKi4rQNIvl3JIkpQD8zfjo1QU0GLzdEd33UiwJI=","zNZIReaQBGUygYYibFLQ43rBKJK01nn0+5v5OZUDxks="],"block_size":4096,"path":"1.22/kotlin-output/kotlin-es5.js"},{"block_hashes":["lRkzrtGNcsNFPYNmy218hyvRwM1UOASpk4i41dnmjfE="],"block_size":4096,"path":"1.22/lib.js"},{"block_hashes":["rOKFhdqqcvrlOBJzIR21FxPxWdj/a1jYiQBcGIfvT0o="],"block_size":4096,"path":"1.22/main.html"},{"block_hashes":["iicXnYCIgyZ5/PMDMNJjmd7Q9BqWYg6X+6VROrOVU9A="],"block_size":4096,"path":"devtools.html"},{"block_hashes":["+lF1TdI2K42Czf0I6VDeedaJvCR0AKeBPhxi8j1Y+ag="],"block_size":4096,"path":"devtools.js"},{"block_hashes":["GrpdbG7hu9z/4OovZsmz+cOydG6WkcqFGTXT3wUjNGo=","fYhvu36M3ovvRFBTZLH0pEyM42T1s5FjF5DTXATqffk=","BclAMlFpF6DeGIBL9XU2w6TkRAY0bLrOEt1RpQYeGj8=","A/SqY38NRIF6jLMa/HfLgJD+Wvtq5ZowlQv5RUkDulk=","YVEGlEaNDKUQuhJFgZ5Gygo6rwBW+H352qnIjv2L1NQ="],"block_size":4096,"path":"kotlin-output/browser-ext-bootstrap.js"},{"block_hashes":["cO1FAkj8I2cVJ46ysr0rHPXX8tO9SI1PAGvrmE3aFOI="],"block_size":4096,"path":"kotlin-output/browser-ext-bootstrap.js.map"},{"block_hashes":["O9SfUpMU9bFqa84jqmHzhRcUX24NM3S9SMJFipTzA+M="],"block_size":4096,"path":"kotlin-output/chrome-ext-options-ui.js"},{"block_hashes":["ewnplafqIbLabDr/8B2qw2XnTO1S75jY1o8vt8ERu/k="],"block_size":4096,"path":"kotlin-output/chrome-ext-options-ui.js.map"},{"block_hashes":["BbPn0IuTbIrcHzVCB5y1zIz1QaCb4BcRIMhYIVVbTVk="],"block_size":4096,"path":"latest/api.js"},{"block_hashes":["YCmjaVTsUeRms6TJ1ZOsH5wPwEbbL8hDnuwHF5pye0Q=","/I5AjVsZuYRcOlmexON8TiyQUGlO/tGTaaNmsYt1yFc=","Hxxm6FZ4Zhhko4rTQmI//9jjF5oz0thAiKZOTb7ocEs=","vybD3QKlMDogzY118675aJAyUaus86mdrF1boaVTHr8=","pifJ1DRLBO4dv7un8wtNMKrY1V/fC4q7x5mbmytXAO0=","ncN/JcjVt1vAe2r2hvpcjZ8Jq8ivmjonboWRnKlEOus=","b+2yKs+/SqGI59MCAVn4xYt7CQSeuaOMJ9wj4e09P3Q=","cWaOKUbnZqOgIjL1wDLfvqmnjZxpo31198VjL0xDqWk=","Hd0z/1PrwzpwZAhfK2bc0IXDSkz/u/DuNIJRH8q8LyI=","RbygOXVGlqxCUP/tIbgyrbPE2HwLVYK5nmMlioa3DpM=","M5DyuSx6ccB0wFA6cQELSiJgZSmggLDxA0MiHNodsxU=","UIe2SRhHFLoo361m+2VyPSgJB+Zn/lnw6g2pBCsXc+s=","87+wcLXRCsBfTWH4u9pv6fyN+fHTS+MqH/qrFJSZ1E0="],"block_size":4096,"path":"latest/kotlin-output/browser-ext-platform.js"},{"block_hashes":["yI2Q6W7BOkM2lII1EhePGzDLVTHJYQ3PxnF1K52vVjU=","DDPY0sADD7qgdduFLQYe5Ex46pvYpov0wcpma1L8ihc=","isTKdfCDvwhhPUur2Tv9gjWwgwERND8dI/Bzdon4HxU="],"block_size":4096,"path":"latest/kotlin-output/browser-ext-platform.js.map"},{"block_hashes":["iyGRjfhfhrosIZREjsT1hqWEkMThbKFZlY5oPXks2mA="],"block_size":4096,"path":"latest/kotlin-output/chrome-ext-options.js"},{"block_hashes":["+5TCudRD3rcxVxKeh7if+VDnu+kEUTeUbAExsmjL1aM="],"block_size":4096,"path":"latest/kotlin-output/chrome-ext-options.js.map"},{"block_hashes":["03htxtoSNYRobO4CUBtM3L8ibgyNRyJJmgVsiKvuDz8=","qC85STl4qJo6rUrxQQ3un8SgZdc2i4/gRgqtHDyhlJ0=","N9JACnDHtwz/tgW4bDH3U4xoPNkZJxu2sWbDmdhmYq4=","Ji1jXLHGeVtkCZ7O52Dk+Kg8263Bj8x5Uw50ppvOs2U=","jvmW1no7bH1eWNsstC/rRXzSI9GXUpU2o5Iapo5jTLY=","ClI6lEbvd7Xa3tWgJc5JYrMP9BgxE5vFt6aeStCd8yM=","oHKudkf7GjiCbsuAQPDbOaB9zCOXQUFmqT9RZNkFdhc=","RJmAjuTJPtgZR+iCDkjevwUVj6eHfAhjmFqr1x18M20=","nUJhjtXH6c36sT2sVM/A+MQBncYs72bQZdsYNLf2hwU=","deLY0KBKWfRZ4DgvvBYIn7kP8kmaCCY4+rzmEEQULN8=","kRq9jp8hC/0TUfQLFbH7jn668mZwH2usiHPZ+7KERGg=","VvpH9iRTks9K2pXeRi0kxgYOt+ra8GJPPjDbdoU5kVI=","eJMuUczoJHEsxvhnTR3JdAZl0Eo5iWH634FrbQl4ahc="],"block_size":4096,"path":"latest/kotlin-output/chrome-ext.js"},{"block_hashes":["c5killkXMLTQBE6DFO/YyvGB84BkXXixQVvATi/HBzM=","dnqdS26SeMRr44AxbRGh1n5vgfBL7/HWsZARzTBno7o=","MPPdtcLX5RxGsq9vDjY9BIm2IjbWZALuGz392JxT71o="],"block_size":4096,"path":"latest/kotlin-output/chrome-ext.js.map"},{"block_hashes":["M7USebNuTsqhOedPyUF43HG3x4OclB/vygfxq/1KrwA=","PSc81WnsqfuLiuFA4eY4IpJ/l0JY/vyvB+0ei+9ib5I=","roujwk3phroywuL+BELGCRkQQQdGrT1VVceWocofK4s=","JOdfkVlLZcAhUcUjlOnr7GuSetVT6tghnmOvXG+FNhs=","g925xF8mpWDnyYmUeiv0I7QWCgMAk/EaOCnPGTCwSSM=","yLvKsRaVceY3Nt7me8/+9OxG0rCOMcspcuUHfDbiSjg=","yHDh2R0gh8Q39bYjpsG5U6bPUGPsBHZ2nwFymOBF/I4="],"block_size":4096,"path":"latest/kotlin-output/jb-chrome-ext-api.js"},{"block_hashes":["3StpuVAubPR9zpBaZq6fgLckZf/YStBT5FLbuSpOlV8=","EByNSjd81/aDRvTNPvjWBj5aU0DlcdvXgUCvuKbrSzE="],"block_size":4096,"path":"latest/kotlin-output/jb-chrome-ext-api.js.map"},{"block_hashes":["5+TJcaz+ixgxdYe3G9nBJxqQeWp1b75ugChMiZHblRU=","sog0l8ds6T99PCtH0I+Yn79/ifw0khscbxcBBo7xVvM=","GdHYkX5sGOTdFVbwjnkmxFC7byN8tTXlRUaE6UFMNMg=","wiwKj+bMuKKRW6EQy0IW2865UhYRjWRkaNvhGZ8U7kg=","rQdgUKi4rQNIvl3JIkpQD8zfjo1QU0GLzdEd33UiwJI=","zNZIReaQBGUygYYibFLQ43rBKJK01nn0+5v5OZUDxks="],"block_size":4096,"path":"latest/kotlin-output/kotlin-es5.js"},{"block_hashes":["lRkzrtGNcsNFPYNmy218hyvRwM1UOASpk4i41dnmjfE="],"block_size":4096,"path":"latest/lib.js"},{"block_hashes":["rOKFhdqqcvrlOBJzIR21FxPxWdj/a1jYiQBcGIfvT0o="],"block_size":4096,"path":"latest/main.html"},{"block_hashes":["JPqIf7Wi3b88+yv0fpdO3mSzz4v1VtuJxszqKJeSLrc="],"block_size":4096,"path":"loading.html"},{"block_hashes":["j86lZMmzRTva/e4Fl/wb2ASA3BofPcPf+Mg8w25hRpM="],"block_size":4096,"path":"loading.js"},{"block_hashes":["i99CSzvSmibDed5T1ng5QQYZmJ160iRA+3UXAJ8MrMg="],"block_size":4096,"path":"options.html"},{"block_hashes":["vee2NOb60/pdlZO0nRmY8cETdSfjampvlUZDcKdV95Q="],"block_size":4096,"path":"options/chrome_shared.css"},{"block_hashes":["OHElEIDZEAWJbDUhKEqAEfJFxwVpM9cBatXX7Q09WIo=","1EXOKSQU5CqKj1ZlJX/82KGUnZkcC2VLeyMjpdHtU3M=","pK9Dq0Nmx16zd5MG6L8/qugT4rXdvUgOCVwzWAO8teE="],"block_size":4096,"path":"options/widgets.css"}],"version":2}