{"file_hashes":[{"block_hashes":["wJHqsJ4Tgkqx9xWk1Wl3oY7cfoWYcPITfCyWY2OW8lM="],"block_size":4096,"path":"COMMITHASH"},{"block_hashes":["t3aDghU3xYtNEHv1/xmM3U5ftf8jnhIE3q7tu7q4dlE="],"block_size":4096,"path":"VERSION"},{"block_hashes":["hgRkK0UKy9KArN2gmMo9ObRpC+tmmxDopno8vIUcSQo=","YUNBOEydLiZHbVd/NPIFMlrXRgIaYQ/cgee7jlsTsVA=","U/3SXGQK6tRL0pcoa0R6FoUX9d7y0HSdQ4+V9C+K4ac=","KkQGhsPPJ9sPxH5wqXxV3WYqj4UtQSB2NQxCYhxrkR4=","aMirkSvdxI4MQeBVzGj1QqCwDPbc+ZeqvcCvxbk8arU=","W1/XI5RoCcFu9VtUsd8BHEg54xB+JPKhdee1ibidWKs=","eoMoJWB0bEisEnqzdAuT0m51q5M/+lqrbCH64lsPPjw=","0g7sd8wbRTaBbv8ZTqXfW+QFUJQxJiaSuzl8+A4Pdeo=","ACRfl8K+rfqiN0+5Evnoc17MkhrTUoJBj6wnNtqjAXI=","xE3e8r9sciQouK1zbHlX0o4+KpgZKTf9R7rrJyG02nY=","773g80xqy5LJcx/0wU7XYTjrjDqrp5SqBdS7HBIKvOk=","qAQ6bhqVZNWGGny1YZ5S8DSIPdRsk5KRgp9AirLoygw=","Q+jBmC69RGIoY9Y8FmdN9kobPJ8QFSSx7JBc/dWhC0o=","GVMV3gMIMKgjGSJz9FLqBBgypXO5FmsheiFxWjQpUdE=","N2IXdsLs8vktzyqcu3DjvHPh9+fuK0jMJiaEIghgwt8=","Sq6hHu+bA4eNT1ikQtfFux3mZOVNy5gmAWpJMc3YLgo=","2QqkB+M+cyxJ7c5hcHDFrlzvsRzG1RUY3p/GgS0TAyY=","S+tZKjevU98berz5nDiedegQbCoYwdgQbQfNR31+9v8=","xSezdqKNNFaNpqUhrm5Q+hkj6Y3/5z3vhY25Fnj1gWE=","//mQCqcEWKZJ5EF0+L23ea9Or2QsAOd2P9l3ke4C6Oc=","e+FGExBc+um4HuJDeJ7pxqqp/Vv2ff8sR74T6lGptJY=","Qw+uaDTWCkZZ+iwQU/pASUUq9CbiGrvwFV+aCGkeIfQ=","ywIEzF3AP6XlDS0YK491R8IeSJkfoanY2iS/NarlasI=","HU8oNwT15T0M/wamIz3P6kdOpiu3FdunyMjXHnAc7Xo=","5LionnelZDjvAsralcDdhl1pRB2ElMuXaw9Hnk3+s24=","0981WR96GodPzHGRUJpXpY269Y0riNqyKsDRTI5YrRw=","BHsOZB007L3Ne9HOgpcRgNkOw+Tyjq9rTmKR6kbqPMk=","2xOsIUE+H08CtsbRitOw1Wlbv+vXczDwPZbOmM1xFlg=","p1iT+TELQmugYSl5yN3djEQrnhF3xJ2DPJGHknDhWZ0=","gJ78kz5/r8NXfGbiJ3lmPy5JSlA9+fQQYmMu9R6QqmE=","B4SHMDfjYCFNshy9jYTcrbCBw7aRDbD3Ya5D0O0kzvQ=","vHdLx7aWTd1CO48vyCbQQLZe8GTWlbh/M3a/Mz3gEoE=","NF2bvqHWV484CLOEI8iGxcv6LsMIyrG8F7J/dsrrAAg=","E6BAxZjEYU1JoQIJ3ZeYxaWXSlDdWEgHSphh7+c9zRg=","QK2uEF0/aAXbXL/YFYnHo+30P0QW0tdMJktCA/tMlA0=","LDqDwVOojOYOzAy1eAkOXS0B+Dqg3gzi0IzPR288EdE=","HpLOMxIjxW/qOlP6ZVLrZfrJLwZmVZFRyYq5uCUJ+wU=","KKVN2OyXn2uCb95hG+EyQw4ifrGk7mkPEoiVYKwrKKY=","y4qm4xCtNb8IvR8OYyopzLP/F28xr2A9QUlsiifIrMg=","IrcQz0WwYaU6xfVf1xRYESZjgC0IDiVk5OCVGEu5lxk=","0Uemr6NLSo5kv/9DKYvBz4DWPhmmH5GeiZ4Lo0JvjOI=","qCbhGOFXoLxvoEgIy5+fXuoTMSgqBgY6IrV1qis2DYM=","nQuOJ6fh8tc3yVSYt9XM9UeSYNnnK9UhNeqTiQ3jsco=","X7+bu0FMEQXd3aYasy1QEdtapv0XwrVTEI8UJVyUeew=","SQ1iQQB+ayW+5DqbnsQL81sc5Tk1rVn41vOl5k5X8nI=","c1K2yNbgmdLGXrBCJEAx5iQaLoHvftcrqbsBEqQ/9y8=","47ciYBMHfNs8HftYOTQ7EVe528z+l4CNnbK35jwxZZc=","ddT9WmwUEYcyDwhxxDjJotwSV3VwZG9fiVlavk6Olgk=","VGFl8WA6GLBKqoF2DBBX3aD5s2rFpKr2bQLwYn6nw7U=","0CrW+bz8LTxet2xWun7dQln/ARCBywYWH1SiKXUjdA0=","o+O4Ej6KucQCytUHnT8Kq360a6SZn4Z6AGaPlGq0Gi4=","WvUmxRFDPQ+smWbDXdwlGFPGZQffbbq19MXeqYmf0ZY=","YL1BelbF/H/CPSzvpIt/c3Q2rsCGIrSQEdYwMoEAVFs=","Jub8IJW4NmpItf6IvWRD8HD2q2qcAlLrB4cE2xNOPF4=","IGHRuJcsg3hlFPDOTAz/vwA5SjgTMQgx/HnRyHejsec=","DZd0/YK4mblJ39TE6EY2KaXxkluf29FwEENDJm9RfYo=","d2B+mQNCPYqhPjTw9WzQuy+gVHixeDsNxFrC1QRI83c=","EUHLebJTgxLVA/lUmq6Lk2N8ih4AJGxlSEPy1C/RQAg=","MSefhWAr4WItxiDX1NyTUQi/Q4+SuI4RUfXiNaJPmtQ=","L49kq8Y2cNBhrhT77JppTU26FrV9vMJE8MpFx9ZI3eQ=","ODMZuqQRV5YoWnmcrUzW/CHF/dRSoACp4BKUlCaKGXg=","Qm/LNjwo02Mjz8DyjF2QysPeXljc5bRt6cYOhv+p0Cs=","JxyBETB19T2JDS5siX4S8OK93AgVvYLl2hapUXEPpzQ=","6dv8Gh/dUEI7+C2Y66g0UmLC/csPUjUhBl1WxhKtQ5E=","51cRbog0vyZYi9yYwvX/mTsk9jwcRcmuxEcNDix0Uew=","VSLwPabgNJMFq/ckjMInugnXRSnfATaS31gzpQWG0TM=","Oje4qkGfqWiXWG9W3TQ9ahdE4uEd5XWdX4uboUiF92g=","/wsxaub2F42nygb6/iPFwunu2J0X3FD3vOZxs7hSlXg=","JU1dToc5XbvIxs/nu/HNK/XaaBhh4SYQtOcWle/xKs0=","6FelQjcc6X4JEP/U0rMDef7SJe3Y7o95pRIr6jVdTAk=","fJEjby5QNW8jSLHveCA6DPQSrr8eOsVpD1QSFyuR/yw=","kF6Q4CuuU3Zp9tbhUHAdWkHi0ZKxjPLa17IwXzxBygM=","FZivqk/lJJUUej8Dzoqh1amXLH1KE8JXV2kKC5Tvq0M=","U6GMyKns64HVAc2hTS7pGhANoVZgMVgT9bZP7s/a+ew=","aLg3xqBsbW0BZL5C2lOFx5qG7De8f3UnwkIJTaHCecw=","94FG0E0vlyPVnxAhu3CeN2cr7wq6khGbUIOFdOvjSRQ=","vRDiu7H5cjpLH1qLuZpxFSZYPgSQjuc6YES0A8W8mi8=","bU+R+xNVmdOnGD8O1RxgKPBJGGKnw2dC4iKfgj9GzBQ=","yoQNSwRVy0/qCidgIjVB4ExRFJK2ONZtC5LDDsZutGk=","FGV1BU9a8U0VWJJp4EGkT3T+0JOosugnaQB+4fPKNBI=","iyRCD41q+tgPvEYPghJxrq1uZy3W02USuKWjzcKT52w=","P6nzrz+9HAOEgJoAEOhdOnWwNaceSyjJ0NCdjhswjqk=","bAngJhv4ZCjJwVClje+REe3Af6ELH1r2JSIOrZXQ4JM=","qZZx4SlaT5wMHSPz3oQZXDpTHM9PByAOZRtQxCtSyxw=","O3+dypy1sDqGm186IgXYLthQW/Mt4wq+k79D0komPFY=","D028PK2y8i5kGJzg9bBcKSnxV88oATpmjFoTEjnZmXw=","kcrap++w3FytyW34VW/oSB6GaQPwRaTP/R/G73lXAy0=","AR6nzl8EFPwHF+ZuYw6vq34Lw2mOiQfNnOADXIJAD70=","7YhPvr8K4TnMg5V9fbWqEC87oEPD2Y24q4mP4B5Kv/Y=","/FJ8LXjgppfFjKEMjSfiwXOry4jOw9Qj9IVGZjqYL0A=","8VzolZOkvgzFSxvJ4zwIWu1sTLWfoKfMJdkxxk2shS4=","pvvAF2JH1nuV4MJ0VUehp94KPlyrHRUOZAgVUc1XkM4=","vn4GN+3pHtW885jtaLN6zYctxiHa6zFk6iFCmWj4zEA=","g/ReI+1AhXiLZXRZe6EUYsf+c0VpJUA8O4ctQHs2bEk=","NgqPJ9u1DyFV3e15bnqYAEUnDVmMioGr2CjhT/V+9nM=","QaqZOexzRBypTb8k7vfWK9zCFtZX3CdeCV/p7kjT4z4=","ZDxuFtHH+AA8uzOm4LCMzHfr+Wh8ceHH0U4iwdhE9tc=","saCI8K9txZdZTEGj52BvvFA0927+4oZf9QjKkWK9opU=","eF/zIMBMZBHa/1By7QmQYgo57qp5y9U9YpIpdzWNBxs=","LdCZXswKhi41R6KNSN9NxFKbNk2pIB73Jhr096uvT7k=","v1a4GvWn91p3FVRFSP9ejS/+nB7BLg4UFPVJUNbGj/Q=","ZioGCdxXfjxsvcpWUKmyE1M8HbMX0NVKXT2Thb+mFA0=","UMr7NtAAni3EDM2cUY/1pF0kIf8FOJO1Mk+9MX5vMVk=","OxA9J9cn20UNfn1iKjMsiX30WKURLoNcAT0Mb3PAudk=","329TywIjaHqy6ihkmUgGxt84nebnKm0Pgoq3qGzuu38=","4tpvuLwLKf9vKEF8SMxV8CZxDOO0+o3pBkK1Q7Pu2mQ=","Jd+PcxPqP9CMQqh5qBkQOQiXUctuMnsgEDt1jiXI5BE=","UoK/gq0MsFTqGb4/9Fng2efktLiKmNjunJRGTu7SxVg=","ip+oflSTnXIxz2r9u4KvQK96bqJWU3ptq1LfcsH/VNM=","NcxTgTWpg4PHPepFM+s2pKOKf0qVc7PeckFlNqPkaqk=","XkenD6utDWLpTFxkzExhZVpVJr7ttW6qSxl47c+6b6w=","At4TN7qDCeMoleMBZakYXmqwosYg39t0gzrkSlL5gHY=","nfRC9yp+AH719RMuK+IhBK2YAR/m6iysUYWDe2ctv2M=","fkr39TjoBXjuXl0weibkwIF/ttlbX05l6U7jWr+J/Fg=","vOBZjOPtK9ZoyipMA3JyGcAWUlJUAPHhLKn+lHw2I0U=","cJLElacOtGMr+8zOgKff1dMhWZT8tUkfeyZ5MuepgzU=","/4W4pytWxLXsD7V2yFoHcHKdYBcujcL2UTJgqiK12kY=","DOTDTDCRZ9tMigPfOtvijX2CeL7Ik4G1jfufY++UF6o=","Hpd80x6S21Vhv8TYfjwcb7JcmaMo7kzG7aQ0NsvA6sg=","e5c55n+s+qxExzRZ6EcDupWK2a85KD56IJ7gmDqsC2w=","p1Olie0AwCPN5rAmbTuvdKyuCOg0DbToNKBn6AgZxKs=","6Fm/iDNcbydnPRAJ92wTzOjarpzw4fVqqxQBhm4LCw8=","JFeWFcfVqrb4UxKyOil5dETHUQLFji31OECqyihQX8o=","c5rrLV/IlKGr+e5IiNZVIoTjqmpM0pqV6N1mkg4Wc9U=","2Gu/v3Nf61ZRa0DbWvQvuesMOiSA+LrX5ccRxKXRQBQ=","CLk0Ia/quAmEVvKhUyK6fnviybUQky+NT3U5KY6veyo=","MUly6FQ/NWZyYRoA45qIR5dt9hBCx4RrtwgUxzDpYeY=","vijLi0l2nJdyWoYjywGV1qVobLP0NyifQwvtsNHFnCg=","ThbnxFIQrhZqafu49HC/GvKYTyCl3XkUaDOX3BcAh+A=","oj15r4EKsrVn3fXRpwAZ2CGwXjmQFTc8BcWaBF7LIbU=","SaFD+Bhk6t0oOW4MOyW05vGji7RoQLHIlg8JLmF44pA=","IO3Wz4nCQk5tOq0CyY9GWSySVSw3ajna4DUyFZrpqks=","aW9u7d6t/ff5BhzphrJjSZkBI4jMC/yO5AV9IXTw8bk=","wC8m49AfSkQzVt2io3e/PbTGSRQuoi3Gj+o0zqBR840=","HDAShf8+zScu4VrtN0IIESp/qJB5+NC53/HPS03KuSQ=","yAiC0xZNKdprJmJnOZX++VDskdG62FbsUpIYxZ1A+ok=","DPYxu347NBLc2fgPjqI2KQ7lddutUF7vIxplnNyswP4="],"block_size":4096,"path":"app.bundle.js"},{"block_hashes":["pjVelrxZq5TU2oC5GfCCntpZoL4ycjRxshfdMkbuGX8="],"block_size":4096,"path":"app.html"},{"block_hashes":["XnN6jGqTJav4+dZHh2gELS38BrsryQBNGo3hVGhNy5A=","W2i33d8ca371VVrcciVUnrCoNqM0q1m/F6D8skMFZkA=","o6q9RYNKssU/dqEiq1XnvnZho0K/EXdvytcwQEUCKMs=","KunMFTdrVP+8OcNy+IrNPZSN6SNJuVRmL2XBSyCS/AI=","39kDgLAIkxlba3swkVMDAtjNCEaog58L4dXdAEXf4wA=","Do+eDlILVkAVNLCoi/BEvROHZO2Z11eIk5uptfIin+Y="],"block_size":4096,"path":"background.bundle.js"},{"block_hashes":["CvZBYlMfDGx9WpdhImglR73Hd/19hPCJ+XFCppl6by8=","5s3W7PmDY7TiXwsku9MgVlmg38Cr0oEcoUTLGOtUyXU=","QP/7pN2MfwXcJrDr0vBdXZqDjbcofCg4mTXu15TW3ds=","AkwbxV5VG7/emZV5DvR75+g9YmnsvZLeTTZnL2qHVg4=","CFc3PQWFvKVeQeX7nVveZoj9L9CNllBiho3+Kl2BC+g=","ZX3qrrT6JRX03S+3Mz2fyM21ut4WlGMlFQ/oSmgwsgM=","WnEpR/qW0iMUmfQPdJuj+6586MlTR2gFVHMtJcbBS5M=","FQ5JGrWq52N9TT1AdHvlwu9U9RxwUh+qS7sovfirfuM=","2CeCk08hR79oktJmbEl7uo3ADbA7R++VJG9AcHrhVGo=","00Lfixac5GPya+CHuXKKfEV2mTmOJ9NFfHqnvk+ePs4=","4mf3YmRG1n7sX7g/bqaHoEeGvLE8JdZir4VhWU1Giys=","3qfBrRaF7+nW9WaAyoJHhI1LKwJUTonglhPZI7zHbgA=","vQFXq2bmMwyiUF3gHs3ni8EGFsJcEfzW0CEtEaD+PNk=","LHnUO3OCL4+UGRICe+fbO8CtmYJLEC54Gi9UznLsxYo=","1VO5u4nGZOewtS01l0XXDcgOz5vSW4pDVN2UZJumtNk=","GWuGUQ6yG+YnyaiEQUBDp4IPmvf4SEusoHgJhuQcIhg=","zYEr7oZS33WrqYfJfX1bk1BHi7sSVFB1rDF9LAdngRs=","Z78XBv3vfZ8nKU30jQGC3pUcAVAMW6P8XxDbR4nYgXk=","XAjI5cfKrJR7KIKMo+LHUX5lkAbebL2vESscKoX/nRI=","dD0DISwCNsgqPqVXzNZw5ENiBB+acPBDCqhK+LiRTlA=","jfL5X+h33HqijMvUmLzGb1cJ4bYZkQJdD2nAd834dX8=","wecDdk/jFinnhXWpsqFk2Xh8D62Kg79RVOH1agsVb6k=","zGpKxHeplKWoLmmYDAFZhopurCsxnkTXkx0UTIn5fXk=","cUUZe1dtPYvrYnYI5KNYyz9htpFamLpYgk2LlZygXC0=","iqlVqAJc7zC4/AbcUJLT/igwLoJdriv+JdWtuEzbE6o=","83nnmP/1D/XoiOXtxt97tfGRrIA6TzBfBqKnP+uLdqo=","4rRzQ3UJZHxuZ/f0Jr6OffPQrbR9f2c9k5KUxjhQYH8=","+oVUVhjh5qw7U20zvC6wfrQd54XImaE6bMatUoOUy9Q=","OwfjBX4WDJ1qddDykjRFPH0T734owMtYNR5zAolTfVI=","gKZewXRrZi2RK4UDx/fIyWS1jy88fkKtD/flo+3JrNE=","gOLZkF4e/BfqQDZgqgKlPoiXZ3uHZrcGA+Uyu9DiSWA=","1SiBemgC4HHOGBt9lLztTR9wVJk6rf2SpyAjzWbe+Vc=","8Y7b1qzr1UE96ENK243hf2egcWM65MFzErFyn6GHAPQ=","9vlrgwP+U0QPbcs6uNkkj945z0hQ6BNumtiabnDvJFQ=","sCvp9Vh0B7eGQ6Co2hTIAoJNbF/FcghOQKz3oXxPfS0=","eHwKBBqQXw/Zcxkqeed9dqEwWlf7ZPeImdcLmepkf6s=","RDeltDl/y8yX+bCqUW3latW3JgDER4Yx7joBIFbHLO4=","QYG5U7dulF8jUksijdUc6gmylE8Ozn3tBxlkn2Cvzs8=","CFiss5d/oHZDIcekTBVwkQkA3p+5qquJVUe5EdTp5Ns=","M1bInmJW0thi2zHL9h2pQVOvQ6mssInfSYhSfmzpyZ8=","630x633FZc2IhKPJxrLYUPJP5QA+iqvd6bXv/hklUh4=","o6mPT4CprdMAa51yQeLdjf8vQOr6kAZp48vp660CGlA=","QHcOBX3/WhI+b0aP05InKj0U2CqwJ2xAY14Oyg77VkY=","aAmUbXLiKCGQZw9tYzlTn/OAAIwQ3eBjBxxO2CmYYeY=","siHAC7Qz4abyggyk26qumrsrQ28sXZ3V7Dx6bY5K2AQ=","Xff17T7DP0N6RNAF3C8dbwIvaTo5wEHTL1FMw1d7BpI=","7FUGarVS/oz/UlM2Y3//EY5mFhFUzm27H8FkFHXsS98=","q5Kqqm8CX96aogYAL/zrYPDgQcD3EkiKyZMu8bjrV6I=","exl5K2rKZTyhdvvxeOfWBGHCB7tqXsAkKgSDm/1qvq8=","4dfX52V6wLoB471QmjOxAUSHxoYMol68QbCasMvDnCE=","JHQnU3WocegjLf2MGTIG5IK2AMxwTSlr5w3WH+RYDCc=","P8+mkLklTggcMx1+ToSR7cIQ+WKLZ2eJ1EoSby/+2Ik=","sGtmstMRpDszyH4Mpyo9aCAvlrvouFlFOH8814x3BYk=","nMjmH6MJxNHSAIpazaKuc9XIsG3+79/r72lGNShild0=","jo+TFvQTGGD6XRzIHlAjQ++1G++0AXe2gLhcYASPV6g=","5AM573xWWZMaw6cGXT2J1l0ie3VzSJZOvK0azRu9MHA=","G0uJbtdEkOllD4Np2JYYFweCSePDN05CmwPdD4HOYKA=","GSVXahce78YBVAcNOuztx/U7SxLmXUgGpjkYxDdu1Xc=","TqFAtwihLuf6CCpBH1clqxh5IvVmJGVaT1lmLoNhZfE=","615s9/PFpczi6BXNM88/iS/jbKbo3/p18SAD0deCj2I=","9rK2HCbRm4Pi/uYJOric2viyZFHf0DIbggJivrqwepU=","X5GHmwPzIvgKu6qIp6XAA+IZ44EAq6gyGE9gkNwuVJI=","txKoZXXvvBCRhKl5POjhGHV2+8U/ylvCq8/PuqyJVPQ=","76EPCmfRJhe6EbChqfCzHTfNJA11BMYL8u8IRpJAKiE=","U0wPYMkMe+ycCAzJbtVXv+mrsyaGxJAciQdv+GyEnf8=","FPvsATIGoJ93rSMItbNrBA53NOj8wq2SuyxqZUdK0M4=","sQRceXsnxuNBdflTpnoSZjcunFk9BjRo7cBf89imtdo=","NQOPZY9U2UGWb55mBtpOIeV7FJkLlBgK+xJnM7ZYPig=","P3UJl0E/+oxWx/4dCg+HcymMXc4d/XyoHcRi9In4KCI=","C8g24ShY6ypju5VjNd4Z6a2pbj+GtZgr8eHwR4MMTkg=","qGD6nx9oD0OFKCBe4sUNmH6jJyrG8WFGs+xatf8JomY=","dzruHHyTKMTDOH/KZflQEpjOkjokOigj9jvdS0kUa2E=","zSAreXGHIONv/rL37iLBXyYqUh9rnG8rvkTgamGx4hk=","5cJ2Bv/X+tLRfrVTfQkDFcMEgjgOMTTz6HisA3uwdas=","QrMIzLfE7loGFgy+7vQj8yaAa/240+r6R6G7JDuzVHg=","Nr3gxPeG3nh7ptwpCFdg5X/jqcvo1SyljC6epXBgt4c=","SZ9zifPnOHy8Tsc6lJcp0ogmWlmUdD049bTJ8/p3JU8=","oYK0qqvs5En2LwfyQFU15d/C5ROk52NtYdqsFccxW3o=","jBOERTlBZKEdid3qcu6lIlKMID6mwh7ZLEQJ4ThsUdg=","TWvPrTIayG4l1PSGce3xRdycGBEuunSDnxw5SDe8IgM=","FKmf5YdBdVFYU8AoOCgYuKDyi86K7jXZBkSQRqpjYGY=","JCE83sDmNHEwP66X6VgQs5q7gVhgtZGwXob5XoDfRcY=","ELKBR0ZSuLomjuYBmOsQQcB5XGZZ4xkhmO0y7TmLpIs=","IP5p9k4K4smIYvEWy5iFLQ0jsOzSlipvoJjuzzjfsqE=","V98aODftGAKUDnY2J53+Qgw4tTyhhXn/oCN7UD1Gvq0=","2sKbx6WI7O6mT5FAiPO0hJ5dnbYHpujXFZYv/+XINy0=","Jiz5TRQdsiBtf7AAoghnP5K8JNY5fgVTD5r4L7QeA8s=","G78agN0D4EnBvQo2w3xzdHUZvEstLvncwixlGI9RJwE=","f4galMV6lSVLM/BOXax/FaMh/1TsRz4GCAZKXw8uS7w=","p/sXWMrOJpxtCbFeSVjkGkNTeBUy5aebIBJRZSKLbak=","IjqTIhJLenNImzdSQH/YEpHGWrw+vZCc++IKdC4H5Fc=","DyI77y/8Kw+/tLNdl7M2tlyoxkxFB0Y5uO+6LXTRf/o=","VWbSzH5mG1htZ6Z/3nddwf4blQFiCTnqitCeEOtXuvY="],"block_size":4096,"path":"content.bundle.js"},{"block_hashes":["n6VAntBS0J2pYHtZ1wW3whPnco2M89AJKdh4LqSggzU="],"block_size":4096,"path":"content.css"},{"block_hashes":["Tn26yY1PSFrxDtfaVAa8KyB9g2IVOP1UCYck0dQbX/E="],"block_size":4096,"path":"img/error.svg"},{"block_hashes":["MPAex7Jn2a0oyEFxvNfR6G3fkrVXrr3fmcs4Z/nvVPw="],"block_size":4096,"path":"img/gear.svg"},{"block_hashes":["ejbzhc6EY+PAleiuBINkoCQokQrbT/wVSNFsLmnFmqw=","cMYop8MkY057gBMNqal7+ZiyV9j8/MhEhgiaL6XW/yk=","8Mw50Nmd/Wwwa0yDOrSqt1vQjiXVeCOsHJmDeu7FEvo=","/kdbNumb0DNGSE1eXqKgMrmwGMd1jU6R+2pT6EypqsI=","y8OCWNCjGJ1FuikyzEenq3IXG7nbGZYZtX5xcAzUx9k=","AQyxL5orW6Nholav7HIo6ln7zWeegnvms3HJ+8BEcNE=","Lsjsd+Yl627mHnMqn4erMgymkZQyhQwRbP0lrZdvwNE=","WrOM3O7BbrTT45Dt5MPlLom2Hjfp0RNs9IC2OSpUGaM=","oNDRWQYJFnY+JUUXAQuhyHy0Vbb4sn6FhaZm9wwmpXI=","wFDwqzZM8ya9B9HdFwygiBvn3uHQ8JrOC2VB3ySQ914=","3wvHk+irFUARDuhu9diML5lxN2+a1iseFr9xT9BJh1g=","BwmP+/6xRmKXhoVo1xIrsvzgejmo6hEh3efQTGBzTmQ=","+Lg9LX8R35BcXvoZ6jMuyBCrPNuNyeV+YXMGGzOkRSc=","kq8jvufb4NjK7SXjujzPzTmhWnt9PhRB8ONxJfxQ6IM=","762XuST83FyMN3zG1OGIDtClhn+/j6qiUEEsHTY1xYM=","JCR+RAA6FiQq9lFZIctZP4cLkQ+MiTT1i8SFMugAshg=","DKoujRrWUxolHgHNjVBsEbVrjkdPaNpMrdrg+yadTiQ=","XEgyMIyd28Ez5yGuY65LcxFMMl6/a4vYHAtWpHh1qaU=","P/kKI3WZMVbAySdm+ICD9ZI6IKLs8DoOvozYFXn9Imw=","FKLNj+lkMTHWkA57llIZWLjdL1PA69aGUgplUMmNdwg=","dOyLJdZnL/EZLlPCO5qvcr/O2LD/QOS0btazVKEnAMI=","TmX+qd5TuDFIuydbzn5JZ4TjZF4cPs0S5/TFiZMnZVg=","OjIAG2d/EatBljGKXvMxjVSf5LaIHcJLeBJYr2sF+kc=","nRc1iZQsuc6dnf8IAVyk20YAu7wjBbZJepGdB8Tk5Hs=","UwKcvltAebAXrYY9E2IDoOWuPLWov6ibVxlOQH9SUEQ=","niKXbEii6EcwnOpF/oNGg7lrEUSN4GKwTaROSwQz8Ac=","EpBayVDPZDMMgSosx0SkXPVPha4QSSpLzEwyeLNvhjc=","sRP7iYYLWbNgNkILNlV84fxspYAbDlVSd9Wks5i+5fo=","xRLvdyx/DO5C5zzN+n20w6AxqPSnRbyHKBad+0CkId8=","oe3AhNmh1qwwpGy4kouGAtE3oXSg6StL6w3iW8lKrfk=","iZIhUPMgZ5hjo4kIN1CZGKS6MouYX+g9gedGObN9czc=","KVGL8i1B+NhRLATt16fEzQyl9SgTLlxXE935kJC3CAY=","h8HEbb9ET0aUGZp4N1v775mKwcJAgJyeC6Tu08z+xQo=","cCVUuemDgjq28dzM3PFF8KVNjydvSupoulmnoI7Dv+U=","CsvaQEP2VgvpoA9uJOdiWeaVPGauDOs9dSphDbPar1g=","91j/5rQduCgzD3cqn3BbQWHHXhNkjsXweXPn+VyfVKY=","BTIUkJK44Tlo5z1KCWOBPlUysc/3/5YecS3SNENsSOA=","hpaki6uOdTwOF2QiG/l+wJTzc/KbCmPa88Ukx0n3Wv4=","gUipGG2oMKCD4XTiHQYrp6ohN4fTvKTZA2V0Yy/R2g8=","Ghxf7hiGUIr0kJw6YM/kXyZjaqLekHkay12KOYmmHik=","wDjbXX+wYtSS/YnxiKWLN5lY7dXWw1IIgrR/1ECRyCw=","M1uHsPCZ50xSJgFs472X9B+9oa1DDhzgVI6Y+n2RPW8=","5irxOH+iFmQoM+ZrBkpmCTinZWmaP0PMXHqXPCF4glo=","xdXzRxhAPUdz/iXhmcpfeipRyYJ6vS8LR8gOhTdnLLU=","LCyhAgi4R1a+5wB82TGG2s6LzlonCBnF4QOWvBGhhp0=","QBoHBfVW3605IUXj1k/fCCuzRG/SP3/AMxQJ/OOD14g=","bNFUB1sCJiZNs/ImUy4jn1Qp//Okx3LPrUo6bDYVxNs=","hM2BH0iKx4khOjAGA0JNnXF7eLLM7jjA1sdMurO6U1k=","/5reryud+ev3otm045XGICI+7oLp9jog5i69Y0AeKWU=","/tEADijyYVyjUX5dnfuYca3P8LLYkU9qhsorVkxkFDY=","2ZeCkvJ/uyQ+YuA3gR+7xO/D2+pVXXLu7gCUsn0FvsY=","6Buxkt9+/7JX3y5nn+poqNL4O8xyH675oVjtVkeLMBw=","eX96KMdGkxGmCvzHUXW0/lZ6xJXGUoVDBUKvfncXXFg=","aJNHDckclI+FdvEq7kt7ofK7J7fooVD96LH5aTlFkvI=","fFpixeSDDQ5ZkGTRj/4zUbRbmGuYlLTsihFE2FjVKd0=","hgpC8lm6f3whNHCZ1uEC0jfdv+vWeddEYqTi3+iky8Q=","WbxDgGELx3saz3JKxd+obqi1GVebRKbH4ythmBNmka0=","P62KNQx4/gc8H5Vo84h3IGemxpxR/ITuUiqn6CAjog4=","usTeMKJ0x3myBMTgQSXeoLrxuUgLh79EtrhhwJ2eheQ=","aXSJ1BkD6wCUEmjX6Mw1pER/bxisHFP/BcWrt/E7PQU=","vM+tySX1yKPYUKXtmxrV7L87RMhiOLz4iylnAB8kYIA=","qpEDj6xAxfHfkgPe0qblcqIKRtj7jK79o5CRffYYsuA=","jKjUf5H7uPbLtLckzdBd0Ku24RDgkWlO43hCBz/daC4=","zbyi/RJ5IZwPSvclyxZIkutv2KJYYgzDECct5dOlY54=","BmLIvwZzOHibmViGhNbszsu3Cuz5KGRakiGyDAzYrI8=","5GtySbH2zS3ktx65Pupq2jqpjAwhrT3DdPBhy/p+tz4=","h7AV7TDt+JyxSHnNRZlfoa9eHUR2MDFnT9eaUEp4Wl8=","YfTkZy6ycy38M74ew616jmc7Jyc79efEH86sPUsFZ+M=","MQWhqqwrZ8IE5qCFfyOgQaJSVri2wFm2rh15PSIH70U=","h+P2H6fxb3E90NNB0mDIbVAKDGBIaBxXRVzlnsOycFA=","3MqdDpIHvhl8Ri9+jLaYNW1N3HDCNFNP0LJaG044Y+Q=","J75TM3aCI9NzUoxqvlo7Y2xSBLGgOvufQST+39LuhBc=","1EyYlrAM6tFtscY9c3hedqpM/M+O+Laz0f/w4fxvH0Y=","wRxdV6kX/3l1kp46x4dC7tXyCahK2L4SLI1bPlqQRBI=","bST5xu2SkaqRRswwfLDUy0brBfKxvL7GiQtxo8ywQhw=","3ke4EpHuRMbmqWaXqnd9flqdXV/M3+zcMjGhvc058eg=","H6XvVLgWZNnUkVOuCFGDJJivCrEDeLWSErNhD5o9y5A=","t+r04fvpuSoP2zfMk3c5eC0j4npbde8xq8dcaxAjXXs=","tIwi3HdtGUzgQ5Gu+nwz4NohAkTGYxsldHt+iaE99N8=","dR+iEYHXZJteB6aD7HZZlgdl/w1nAoXfrHZJB6wkMNw=","Jz40kCzOQgksM4bS0Ts9NwpqpVQ0/pWVQtXfqyLcOzA=","MX7Gv5fLEjJ/x99yjbNOcgDT55vSMrbBmZ6ZKrwZ3oY=","SsksS6JY+xRaHfEpZZ9/JInkoMRrUWifBZHTCeXEexY=","0Fidjo/rvJXlXLZNGqGR2t+TXXLatWSx3XOtN6xzwrg=","sydKvXv+wqy5r056IcLHRXptoDfUGH+x0hTPyBYnWXA=","fr/Ro7XuRRbFqpRDmpI3U6naGiKTTuUQuvmi5RG7m1w=","WqWO61/lLqay2dgr1jXiaVnEc4MgUbD8yEuGLdLMgO8=","NMHIq/FkiBMpn+rJT5snV0fOihIumnrS+StjcoCjlq8=","F6x+szexBxExtu1t+8SDaQXiCKTT2DkoFjkM+5R4ofc=","sjuFmx+5ykq0LuEuv/bVf0ciQj4x5Vru19Q7xy8QYgU=","eWUZ/PCkhyXG6eU44tt3TI8hkHavywX6DVTvMsXrYdI=","qDI7K1lFbWqWz+PnldX4oLmfdJPm67WuvIz+xvpVSLQ=","oHLJWyukHm32Q9IknL15jIxo9wxgev/4oGja7DOo+ZY=","JbbJNlBWP79b0Nbb7BfUP6lxWiWAMO+HO+rHI+PmVHo=","VQ87Dj0j97h2HIVMnE1PeezoUqcgbJHFg3SWgZ48uUo=","gYm8I9xQ6f8mizSeXuNP0wD7a3/CskEYAYNzxPBCB08=","/YOXa9VFMWfhc/6p7UqDZ43F/dk/FRxvyOtBpjFqcio=","7nl8uKmGATmUTOZekS94cIyysP7Phnp+orCereYh+I4=","JdJWPREbtWszeOQcAoP/SMkNbWu2I6kvCIzdJpknbqc=","hjfRyBk/MSEQ/QSgRPQIOaZpX1WCL2Q5CTWT/nxlhBg="],"block_size":4096,"path":"img/postlightlabs.gif"},{"block_hashes":["hNTMrNtHgWggk99FjIxJg8N1Wo3irCSULsOM8HmtWaw="],"block_size":4096,"path":"img/postlightlabs.svg"},{"block_hashes":["l2QOs07UFlTfCUjiy0gI554mbLeW5Koa7OO4zu7gQuU="],"block_size":4096,"path":"img/rocket-16.png"},{"block_hashes":["g7EA8sGtIghhF9lXQ15s6jmXF3Prl+15vLdJbOciCOQ="],"block_size":4096,"path":"img/rocket-24.png"},{"block_hashes":["60fRH5LOyPL+m5swle3HitHszoOZuBkkKhIi2K/MV5w="],"block_size":4096,"path":"img/rocket-32.png"},{"block_hashes":["m6ZQg83Lp01malt2oCxflXOsica8bNhG79dcjcaAyT0="],"block_size":4096,"path":"img/rocket-gray-16.png"},{"block_hashes":["qJOpZG5+bT0jSXkc9CVEvqllEREbSu3Zv9dhl8TURX0="],"block_size":4096,"path":"img/rocket-gray-24.png"},{"block_hashes":["3tyLxewL+q5Htl08RB8syfY5xSSFEQhVl+iHUi+ghHo="],"block_size":4096,"path":"img/rocket-gray-32.png"},{"block_hashes":["FTnwcr+x3fuYafmqYPcQ1rBxEXObizyroHw05tt+7wY="],"block_size":4096,"path":"img/rocket-loading.svg"},{"block_hashes":["8hxKq00eYX470ca1IwDVgEECeDWI/UpOnpcTQWAdkzo="],"block_size":4096,"path":"img/rocket-modal.svg"},{"block_hashes":["1Hd9Cmu+axiVutw82PZUTWEhfCcJv9WvAjY9uRCR8L0="],"block_size":4096,"path":"img/spinner.svg"},{"block_hashes":["t2HYWkkJV9ujKBa0CLHhadeK1bQaePlYRiV9ZrOJ2AU="],"block_size":4096,"path":"options.html"},{"block_hashes":["DtY+QnK0Xfpr2LMep1ZKZLj+xN1lsmU8/RTzTCnCIjs="],"block_size":4096,"path":"options.js"},{"block_hashes":["kKbq0faVD0quQ/PMNpmWm8CQZH7D1SSb+zjP+O+1gOw="],"block_size":4096,"path":"root-url-warning.html"},{"block_hashes":["ZPJbKGTfBfdaE1D8M/M9FsN71bUkr/FjWRNjOzRbbck="],"block_size":4096,"path":"rootUrlWarning.js"},{"block_hashes":["fxBbQE5KdbjGl16JdQ8APfJtRMtXJe47uZw4IgwEnic="],"block_size":4096,"path":"tab.html"},{"block_hashes":["+JJWvQWCgKRUKTAeMyhnN2UK+9Ib5P9ub/wio130th4="],"block_size":4096,"path":"tab.js"}],"version":2}